word,tbcl_level,cefr,category,zhuyin,pinyin,written_freq_per_million,spoken_freq_per_million
阿公,4,B1,個人資料,ㄚ ㄍㄨㄥ,ā gōng,10,115
阿嬤/阿媽,4,B1,個人資料,ㄚ ˙ㄇㄚ,ā ma,41,301
哎呀,4,B1,核心詞,ㄞ ˙ㄧㄚ,āi ya,15,28
哎喲,4,B1,核心詞,ㄞ ㄧㄠ,āi yāo,6,24
愛好,4,B1,核心詞,ㄞˋ ㄏㄠˋ,ài hào,15,8
愛情,4,B1,社交、人際,ㄞˋ ㄑㄧㄥˊ,ài qíng,78,12
愛心,4,B1,核心詞,ㄞˋ ㄒㄧㄣ,ài xīn,18,88
安靜,4,B1,日常起居,ㄢ ㄐㄧㄥˋ,ān jìng,54,26
安排,4,B1,核心詞,ㄢ ㄆㄞˊ,ān pái,119,61
按,4,B1,核心詞,ㄢˋ,àn,128,39
按照,4,B1,核心詞,ㄢˋ ㄓㄠˋ,àn zhào,54,34
擺,4,B1,核心詞,ㄅㄞˇ,bǎi,71,55
拜拜,4,B1,個人資料,ㄅㄞˋ ㄅㄞˋ,bài bài,4,66
班機,4,B1,交通、旅遊,ㄅㄢ ㄐㄧ,bān jī,5,4
半天,4,B1,核心詞,ㄅㄢˋ ㄊㄧㄢ,bàn tiān,0,0
抱,4,B1,核心詞,ㄅㄠˋ,bào,96,66
報名,4,B1,教育、學習,ㄅㄠˋ ㄇㄧㄥˊ,bào míng,9,13
抱歉,4,B1,社交、人際,ㄅㄠˋ ㄑㄧㄢˋ,bào qiàn,30,12
抱怨,4,B1,核心詞,ㄅㄠˋ ㄩㄢˋ,bào yuàn,71,22
笨蛋,4,B1,核心詞,ㄅㄣˋ ㄉㄢˋ,bèn dàn,11,2
筆記,4,B1,教育、學習,ㄅㄧˇ ㄐㄧˋ,bǐ jì,28,14
筆記本,4,B1,教育、學習,ㄅㄧˇ ㄐㄧˋ ㄅㄣˇ,bǐ jì běn,13,5
比如說/比如,4,B1,核心詞,ㄅㄧˇ ㄖㄨˊㄕㄨㄛ/ㄅㄧˇ ㄖㄨˊ,bǐ rú shuō/bǐ rú,62,260
必需,4,B1,核心詞,ㄅㄧˋ ㄒㄩ,bì xū,8,7
必要,4,B1,核心詞,ㄅㄧˋ ㄧㄠˋ,bì yào,112,39
變成,4,B1,核心詞,ㄅㄧㄢˋ ㄔㄥˊ,biàn chéng,312,540
變化,4,B1,核心詞,ㄅㄧㄢˋ ㄏㄨㄚˋ,biàn huà,146,184
便利,4,B1,購物、商店,ㄅㄧㄢˋ ㄌㄧˋ,biàn lì,16,25
表2,4,B1,核心詞,ㄅㄧㄠˇ,biǎo,39,39
表情,4,B1,核心詞,ㄅㄧㄠˇ ㄑㄧㄥˊ,biǎo qíng,87,28
表現,4,B1,教育、學習,ㄅㄧㄠˇ ㄒㄧㄢˋ,biǎo xiàn,237,84
表演,4,B1,休閒、娛樂,ㄅㄧㄠˇ ㄧㄢˇ,biǎo yǎn,66,99
病房,4,B1,身體、醫療,ㄅㄧㄥˋ ㄈㄤˊ,bìng fáng,21,27
並且,4,B1,核心詞,ㄅㄧㄥˋ ㄑㄧㄝˇ,bìng qiě,225,137
玻璃,4,B1,日常起居,ㄅㄛ ㄌㄧˊ,bō lí,42,38
博士,4,B1,教育、學習,ㄅㄛˊ ㄕˋ,bó shì,111,415
博物館,4,B1,休閒、娛樂,ㄅㄛˊ ㄨˋ ㄍㄨㄢˇ,bó wù guǎn,29,45
不斷,4,B1,核心詞,ㄅㄨˊ ㄉㄨㄢˋ,bú duàn,257,233
不論,4,B1,核心詞,ㄅㄨˊ ㄌㄨㄣˋ,bú lùn,108,56
補習班,4,B1,教育、學習,ㄅㄨˇ ㄒㄧˊ ㄅㄢ,bǔ xí bān,10,12
不得不,4,B1,核心詞,ㄅㄨˋ ㄉㄜˊ ㄅㄨˋ,bù dé bù,83,21
不如,4,B1,核心詞,ㄅㄨˋ ㄖㄨˊ,bù rú,86,39
不行,4,B1,核心詞,ㄅㄨˋ ㄒㄧㄥˊ,bù xíng,70,93
擦,4,B1,核心詞,ㄘㄚ,cā,39,55
猜,4,B1,核心詞,ㄘㄞ,cāi,47,39
材料,4,B1,餐飲、烹飪,ㄘㄞˊ ㄌㄧㄠˋ,cái liào,52,105
曾經/曾,4,B1,核心詞,ㄘㄥˊ ㄐㄧㄥ/ㄘㄥˊ,céng jīng/céng,687,517
差一點/差點,4,B1,核心詞,ㄔㄚ ㄧˋ ㄉㄧㄢ/ㄔㄚ ㄉㄧㄢˇ,chā yì diǎn/chā diǎn,32,21
茶葉,4,B1,餐飲、烹飪,ㄔㄚˊ ㄧㄝˋ,chá yè,11,68
常見,4,B1,核心詞,ㄔㄤˊ ㄐㄧㄢˋ,cháng jiàn,52,34
超過,4,B1,交通、旅遊,ㄔㄠ ㄍㄨㄛˋ,chāo guò,129,244
超級,4,B1,購物、商店,ㄔㄠ ㄐㄧˊ,chāo jí,30,32
潮溼/潮濕,4,B1,交通、旅遊,ㄔㄠˊ ㄕ,cháo shī,13,22
吵架,4,B1,核心詞,ㄔㄠˇ ㄐㄧㄚˋ,chǎo jià,20,48
車禍,4,B1,安全,ㄔㄜ ㄏㄨㄛˋ,chē huò,17,13
車庫,4,B1,,ㄔㄜ ㄎㄨˋ,chē kù,7,1
趁,4,B1,核心詞,ㄔㄣˋ,chèn,41,29
襯衫,4,B1,購物、商店,ㄔㄣˋ ㄕㄢ,chèn shān,22,3
成熟,4,B1,身體、醫療,ㄔㄥˊ ㄕㄡˊ,chéng shóu,64,54
成長,4,B1,職業,ㄔㄥˊ ㄓㄤˇ,chéng zhǎng,188,189
充電,4,B1,核心詞,ㄔㄨㄥ ㄉㄧㄢˋ,chōng diàn,4,17
抽菸/抽煙,4,B1,核心詞,ㄔㄡ ㄧㄢ,chōu yān,22,18
醜,4,B1,核心詞,ㄔㄡˇ,chǒu,19,16
初,4,B1,核心詞,ㄔㄨ,chū,133,75
出發,4,B1,交通、旅遊,ㄔㄨ ㄈㄚ,chū fā,60,59
出現,4,B1,安全,ㄔㄨ ㄒㄧㄢˋ,chū xiàn,458,284
出租,4,B1,日常起居,ㄔㄨ ㄗㄨ,chū zū,6,4
吹,4,B1,核心詞,ㄔㄨㄟ,chuī,53,70
從小,4,B1,核心詞,ㄘㄨㄥˊ ㄒㄧㄠˇ,cóng xiǎo,61,132
粗,4,B1,核心詞,ㄘㄨ,cū,33,29
醋,4,B1,餐飲、烹飪,ㄘㄨˋ,cù,9,13
錯誤,4,B1,核心詞,ㄘㄨㄛˋ ㄨˋ,cuò wù,144,35
答應,4,B1,核心詞,ㄉㄚ ㄧㄥˋ,dā yìng,81,35
打掃,4,B1,日常起居,ㄉㄚˇ ㄙㄠˇ,dǎ sǎo,13,22
打招呼,4,B1,社交、人際,ㄉㄚˇ ㄓㄠ ㄏㄨ,dǎ zhāo hū,20,15
大廳,4,B1,日常起居,ㄉㄚˋ ㄊㄧㄥ,dà tīng,25,3
大小,4,B1,購物、商店,ㄉㄚˋ ㄒㄧㄠˇ,dà xiǎo,72,32
大洋洲,4,B1,,ㄉㄚˋ ㄧㄤˊ ㄓㄡ,dà yáng zhōu,1,0
大自然,4,B1,自然環境,ㄉㄚˋ ㄗˋ ㄖㄢˊ,dà zì rán,52,151
代,4,B1,核心詞,ㄉㄞˋ,dài,159,187
代表,4,B1,核心詞,ㄉㄞˋ ㄅㄧㄠˇ,dài biǎo,203,239
淡,4,B1,核心詞,ㄉㄢˋ,dàn,19,17
當成,4,B1,核心詞,ㄉㄤˋ ㄔㄥˊ,dàng chéng,59,50
當作/當做,4,B1,核心詞,ㄉㄤˋ ㄗㄨㄛˋ,dàng zuò,86,110
倒2,4,B1,核心詞,ㄉㄠˇ,dǎo,166,102
島,4,B1,交通、旅遊,ㄉㄠˇ,dǎo,55,81
導演,4,B1,休閒、娛樂,ㄉㄠˇ ㄧㄢˇ,dǎo yǎn,54,16
倒1,4,B1,核心詞,ㄉㄠˋ,dào,166,102
到期,4,B1,核心詞,ㄉㄠˋ ㄑㄧˊ,dào qí,3,3
地球,4,B1,教育、學習,ㄉㄧˋ ㄑㄧㄡˊ,dì qiú,80,346
地區,4,B1,交通、旅遊,ㄉㄧˋ ㄑㄩ,dì qū,129,329
地攤,4,B1,購物、商店,ㄉㄧˋ ㄊㄢ,dì tān,1,1
地位,4,B1,職業,ㄉㄧˋ ㄨㄟˋ,dì wèi,137,32
地震,4,B1,交通、旅遊,ㄉㄧˋ ㄓㄣˋ,dì zhèn,16,176
典禮,4,B1,社交、人際,ㄉㄧㄢˇ ㄌㄧˇ,diǎn lǐ,16,15
電池,4,B1,購物、商店,ㄉㄧㄢˋ ㄔˊ,diàn chí,12,66
電燈,4,B1,核心詞,ㄉㄧㄢˋ ㄉㄥ,diàn dēng,7,9
電風扇/電扇,4,B1,日常起居,ㄉㄧㄢˋ ㄈㄥ ㄕㄢˋ/ㄉㄧㄢˋ ㄕㄢˋ,diàn fēng shàn/diàn shàn,4,15
電子,4,B1,科技,ㄉㄧㄢˋ ㄗˇ,diàn zǐ,81,42
懂得,4,B1,核心詞,ㄉㄨㄥˇ ˙ㄉㄜ,dǒng de,91,60
棟,4,B1,核心詞,ㄉㄨㄥˋ,dòng,59,60
洞,4,B1,核心詞,ㄉㄨㄥˋ,dòng,90,55
動詞,4,B1,教育、學習,ㄉㄨㄥˋ ㄘˊ,dòng cí,4,2
動物園,4,B1,交通、旅遊,ㄉㄨㄥˋ ㄨˋ ㄩㄢˊ,dòng wù yuán,9,14
動作,4,B1,核心詞,ㄉㄨㄥˋ ㄗㄨㄛˋ,dòng zuò,190,191
都市,4,B1,日常起居,ㄉㄨ ㄕˋ,dū shì,27,79
獨立,4,B1,核心詞,ㄉㄨˊ ㄌㄧˋ,dú lì,98,85
段,4,B1,核心詞,ㄉㄨㄢˋ,duàn,387,341
堆,4,B1,核心詞,ㄉㄨㄟ,duī,117,65
隊,4,B1,休閒、娛樂,ㄉㄨㄟˋ,duì,30,31
對方,4,B1,核心詞,ㄉㄨㄟˋ ㄈㄤ,duì fāng,215,40
對話,4,B1,核心詞,ㄉㄨㄟˋ ㄏㄨㄚˋ,duì huà,77,46
對象,4,B1,核心詞,ㄉㄨㄟˋ ㄒㄧㄤˋ,duì xiàng,96,34
頓,4,B1,核心詞,ㄉㄨㄣˋ,dùn,72,20
多半,4,B1,核心詞,ㄉㄨㄛ ㄅㄢˋ,duō bàn,50,19
多數,4,B1,核心詞,ㄉㄨㄛ ㄕㄨˋ,duō shù,53,28
躲,4,B1,核心詞,ㄉㄨㄛˇ,duǒ,56,42
嗯,4,B1,核心詞,˙ㄣ,en,73,363
兒童,4,B1,核心詞,ㄦˊ ㄊㄨㄥˊ,ér tóng,146,127
而已,4,B1,核心詞,ㄦˊ ㄧˇ,ér yǐ,165,93
耳,4,B1,身體、醫療,ㄦˇ,ěr,62,15
發,4,B1,核心詞,ㄈㄚ,fā,81,91
發明,4,B1,教育、學習,ㄈㄚ ㄇㄧㄥˊ,fā míng,66,57
發音,4,B1,教育、學習,ㄈㄚ ㄧㄣ,fā yīn,14,7
發展,4,B1,職業,ㄈㄚ ㄓㄢˇ,fā zhǎn,407,347
翻,4,B1,核心詞,ㄈㄢ,fān,42,56
翻譯/譯,4,B1,教育、學習,ㄈㄢ ㄧˋ/ㄧˋ,fān yì/yì,64,19
煩惱,4,B1,核心詞,ㄈㄢˊ ㄋㄠˇ,fán nǎo,47,53
反對,4,B1,教育、學習,ㄈㄢˇ ㄉㄨㄟˋ,fǎn duì,107,77
反應,4,B1,核心詞,ㄈㄢˇ ㄧㄥˋ,fǎn yìng,218,106
訪問/訪,4,B1,教育、學習,ㄈㄤˇ ㄨㄣˋ/ㄈㄤˇ,fǎng wèn/fǎng,66,99
放棄,4,B1,核心詞,ㄈㄤˋ ㄑㄧˋ,fàng qì,104,107
放下,4,B1,核心詞,ㄈㄤˋ ㄒㄧㄚˋ,fàng xià,60,53
非洲,4,B1,,ㄈㄟ ㄓㄡ,fēi zhōu,34,46
費用,4,B1,日常起居,ㄈㄟˋ ㄩㄥˋ,fèi yòng,37,32
分開,4,B1,核心詞,ㄈㄣ ㄎㄞ,fēn kāi,27,18
分數,4,B1,教育、學習,ㄈㄣ ㄕㄨˋ,fēn shù,28,21
分享,4,B1,社交、人際,ㄈㄣ ㄒㄧㄤˇ,fēn xiǎng,75,258
豐富,4,B1,核心詞,ㄈㄥ ㄈㄨˋ,fēng fù,98,130
夫妻,4,B1,個人資料,ㄈㄨ ㄑㄧ,fū qī,81,62
婦女,4,B1,核心詞,ㄈㄨˋ ㄋㄩˇ,fù nǚ,72,51
複習,4,B1,教育、學習,ㄈㄨˋ ㄒㄧˊ,fù xí,4,12
複雜,4,B1,核心詞,ㄈㄨˋ ㄗㄚˊ,fù zá,125,64
改變,4,B1,核心詞,ㄍㄞˇ ㄅㄧㄢˋ,gǎi biàn,372,360
改天,4,B1,核心詞,ㄍㄞˇ ㄊㄧㄢ,gǎi tiān,3,5
蓋,4,B1,餐飲、烹飪,ㄍㄞˋ,gài,108,164
蓋子,4,B1,餐飲、烹飪,ㄍㄞˋ ˙ㄗ,gài zi,7,12
感到,4,B1,核心詞,ㄍㄢˇ ㄉㄠˋ,gǎn dào,291,73
感動,4,B1,核心詞,ㄍㄢˇ ㄉㄨㄥˋ,gǎn dòng,67,186
感情,4,B1,社交、人際,ㄍㄢˇ ㄑㄧㄥˊ,gǎn qíng,106,81
感謝,4,B1,核心詞,ㄍㄢˇ ㄒㄧㄝˋ,gǎn xiè,78,94
鋼琴,4,B1,休閒、娛樂,ㄍㄤ ㄑㄧㄣˊ,gāng qín,53,12
高麗菜,4,B1,餐飲、烹飪,ㄍㄠ ㄌㄧˊ ㄘㄞˋ,gāo lí cài,5,29
高鐵,4,B1,交通、旅遊,ㄍㄠ ㄊㄧㄝˇ,gāo tiě,3,15
歌手,4,B1,休閒、娛樂,ㄍㄜ ㄕㄡˇ,gē shǒu,12,8
個人,4,B1,個人資料,ㄍㄜˋ ㄖㄣˊ,gè rén,277,104
各式各樣,4,B1,核心詞,ㄍㄜˋ ㄕˋ ㄍㄜˋ ㄧㄤˋ,gè shì gè yàng,27,25
個性,4,B1,個人資料,ㄍㄜˋ ㄒㄧㄥˋ,gè xìng,79,69
根,4,B1,核心詞,ㄍㄣ,gēn,163,114
工廠,4,B1,職業,ㄍㄨㄥ ㄔㄤˇ,gōng chǎng,80,81
公尺,4,B1,核心詞,ㄍㄨㄥ ㄔˇ,gōng chǐ,80,147
公分,4,B1,核心詞,ㄍㄨㄥ ㄈㄣ,gōng fēn,42,76
公共,4,B1,社會,ㄍㄨㄥ ㄍㄨㄥˋ,gōng gòng,47,42
公斤,4,B1,核心詞,ㄍㄨㄥ ㄐㄧㄣ,gōng jīn,29,99
工具,4,B1,交通、旅遊,ㄍㄨㄥ ㄐㄩˋ,gōng jù,99,72
公里,4,B1,核心詞,ㄍㄨㄥ ㄌㄧˇ,gōng lǐ,95,136
功能,4,B1,身體、醫療,ㄍㄨㄥ ㄋㄥˊ,gōng néng,170,141
公平,4,B1,社會,ㄍㄨㄥ ㄆㄧㄥˊ,gōng píng,47,29
恭喜,4,B1,社交、人際,ㄍㄨㄥ ㄒㄧˇ,gōng xǐ,7,31
公寓,4,B1,日常起居,ㄍㄨㄥ ㄩˋ,gōng yù,40,7
共同,4,B1,核心詞,ㄍㄨㄥˋ ㄊㄨㄥˊ,gòng tóng,134,129
溝通,4,B1,核心詞,ㄍㄡ ㄊㄨㄥ,gōu tōng,138,94
購買,4,B1,購物、商店,ㄍㄡˋ ㄇㄞˇ,gòu mǎi,59,24
鼓勵,4,B1,核心詞,ㄍㄨˇ ㄌㄧˋ,gǔ lì,115,160
顧客,4,B1,購物、商店,ㄍㄨˋ ㄎㄜˋ,gù kè,119,14
故意,4,B1,核心詞,ㄍㄨˋ ㄧˋ,gù yì,67,32
乖,4,B1,核心詞,ㄍㄨㄞ,guāi,18,56
怪,4,B1,核心詞,ㄍㄨㄞˋ,guài,90,42
觀光,4,B1,交通、旅遊,ㄍㄨㄢ ㄍㄨㄤ,guān guāng,18,68
觀光客,4,B1,交通、旅遊,ㄍㄨㄢ ㄍㄨㄤ ㄎㄜˋ,guān guāng kè,8,30
關門,4,B1,核心詞,ㄍㄨㄢ ㄇㄣˊ,guān mén,9,10
觀念,4,B1,教育、學習,ㄍㄨㄢ ㄋㄧㄢˋ,guān niàn,161,156
觀眾,4,B1,休閒、娛樂,ㄍㄨㄢ ㄓㄨㄥˋ,guān zhòng,86,267
管,4,B1,核心詞,ㄍㄨㄢˇ,guǎn,90,95
廣告,4,B1,購物、商店,ㄍㄨㄤˇ ㄍㄠˋ,guǎng gào,126,26
規定,4,B1,核心詞,ㄍㄨㄟ ㄉㄧㄥˋ,guī dìng,77,49
規則,4,B1,教育、學習,ㄍㄨㄟ ㄗㄜˊ,guī zé,59,14
櫃檯/櫃台/櫃臺,4,B1,購物、商店,ㄍㄨㄟˋ ㄊㄞˊ,guì tái,21,4
貴姓,4,B1,核心詞,ㄍㄨㄟˋ ㄒㄧㄥˋ,guì xìng,1,1
鍋子,4,B1,餐飲、烹飪,ㄍㄨㄛ ˙ㄗ,guō zi,51,48
國際,4,B1,教育、學習,ㄍㄨㄛˊ ㄐㄧˋ,guó jì,121,326
國內,4,B1,個人資料,ㄍㄨㄛˊ ㄋㄟˋ,guó nèi,64,81
國外,4,B1,個人資料,ㄍㄨㄛˊ ㄨㄞˋ,guó wài,33,76
國中,4,B1,個人資料,ㄍㄨㄛˊ ㄓㄨㄥ,guó zhōng,23,54
過期,4,B1,核心詞,ㄍㄨㄛˋ ㄑㄧˊ,guò qí,3,5
過去,4,B1,核心詞,ㄍㄨㄛˋ ㄑㄩˋ,guò qù,364,393
哈,4,B1,核心詞,ㄏㄚ,hā,29,42
嗨,4,B1,核心詞,ㄏㄞ,hāi,11,18
海外,4,B1,核心詞,ㄏㄞˇ ㄨㄞˋ,hǎi wài,30,24
海洋,4,B1,交通、旅遊,ㄏㄞˇ ㄧㄤˊ,hǎi yáng,30,132
害,4,B1,核心詞,ㄏㄞˋ,hài,62,60
喊,4,B1,核心詞,ㄏㄢˇ,hǎn,81,26
漢語,4,B1,教育、學習,ㄏㄢˋ ㄩˇ,hàn yǔ,6,7
好2,4,B1,核心詞,ㄏㄠˋ,hào,1887,5853
好奇,4,B1,情緒、態度,ㄏㄠˋ ㄑㄧˊ,hào qí,65,71
和平,4,B1,社會,ㄏㄜˊ ㄆㄧㄥˊ,hé píng,45,97
紅包,4,B1,文化,ㄏㄨㄥˊ ㄅㄠ,hóng bāo,5,13
紅綠燈,4,B1,交通、旅遊,ㄏㄨㄥˊ ㄌㄩˋ ㄉㄥ,hóng lǜ dēng,2,5
喉嚨/喉,4,B1,身體、醫療,ㄏㄡˊ ㄌㄨㄥˊ/ㄏㄡˊ,hóu lóng/hóu,28,12
猴子/猴,4,B1,個人資料,ㄏㄡˊ ˙ㄗ/ㄏㄡˊ,hóu zi/hóu,67,31
厚,4,B1,核心詞,ㄏㄡˋ,hòu,36,38
忽然/忽,4,B1,核心詞,ㄏㄨ ㄖㄢˊ/ㄏㄨ,hū rán/hū,143,26
呼吸,4,B1,身體、醫療,ㄏㄨ ㄒㄧ,hū xī,79,52
胡椒,4,B1,餐飲、烹飪,ㄏㄨˊ ㄐㄧㄠ,hú jiāo,7,1
糊塗,4,B1,核心詞,ㄏㄨˊ ㄊㄨˊ,hú tú,15,3
互相,4,B1,核心詞,ㄏㄨˋ ㄒㄧㄤ,hù xiāng,97,105
護照,4,B1,交通、旅遊,ㄏㄨˋ ㄓㄠˋ,hù zhào,8,4
花園,4,B1,日常起居,ㄏㄨㄚ ㄩㄢˊ,huā yuán,51,19
滑,4,B1,核心詞,ㄏㄨㄚˊ,huá,15,18
滑雪,4,B1,休閒、娛樂,ㄏㄨㄚˊ ㄒㄩㄝˇ,huá xuě,9,2
話題,4,B1,核心詞,ㄏㄨㄚˋ ㄊㄧˊ,huà tí,54,32
化妝,4,B1,日常起居,ㄏㄨㄚˋ ㄓㄨㄤ,huà zhuāng,7,7
恢復,4,B1,身體、醫療,ㄏㄨㄟ ㄈㄨˋ,huī fù,85,75
回收,4,B1,日常起居,ㄏㄨㄟˊ ㄕㄡ,huí shōu,9,214
會話,4,B1,教育、學習,ㄏㄨㄟˋ ㄏㄨㄚˋ,huì huà,2,4
會議,4,B1,職業,ㄏㄨㄟˋ ㄧˋ,huì yì,121,97
婚禮,4,B1,社交、人際,ㄏㄨㄣ ㄌㄧˇ,hūn lǐ,24,25
活,4,B1,身體、醫療,ㄏㄨㄛˊ,huó,205,171
活潑,4,B1,個人資料,ㄏㄨㄛˊ ㄆㄛ,huó pō,28,27
或許,4,B1,核心詞,ㄏㄨㄛˋ ㄒㄩˇ,huò xǔ,231,108
幾乎,4,B1,核心詞,ㄐㄧ ㄏㄨ,jī hū,306,236
激烈,4,B1,核心詞,ㄐㄧ ㄌㄧㄝˋ,jī liè,48,23
機器,4,B1,核心詞,ㄐㄧ ㄑㄧˋ,jī qì,78,66
級,4,B1,教育、學習,ㄐㄧˊ,jí,35,43
擠,4,B1,核心詞,ㄐㄧˇ,jǐ,35,23
記,4,B1,核心詞,ㄐㄧˋ,jì,67,69
記錄,4,B1,核心詞,ㄐㄧˋ ㄌㄨˋ,jì lù,65,64
紀錄,4,B1,教育、學習,ㄐㄧˋ ㄌㄨˋ,jì lù,61,114
紀念,4,B1,社交、人際,ㄐㄧˋ ㄋㄧㄢˋ,jì niàn,31,36
技術,4,B1,職業,ㄐㄧˋ ㄕㄨˋ,jì shù,178,160
計算,4,B1,科技,ㄐㄧˋ ㄙㄨㄢˋ,jì suàn,57,25
繼續,4,B1,核心詞,ㄐㄧˋ ㄒㄩˋ,jì xù,319,296
記者,4,B1,職業,ㄐㄧˋ ㄓㄜˇ,jì zhě,67,73
加熱,4,B1,餐飲、烹飪,ㄐㄧㄚ ㄖㄜˋ,jiā rè,7,17
加入,4,B1,核心詞,ㄐㄧㄚ ㄖㄨˋ,jiā rù,103,138
家事,4,B1,核心詞,ㄐㄧㄚ ㄕˋ,jiā shì,21,26
家鄉,4,B1,日常起居,ㄐㄧㄚ ㄒㄧㄤ,jiā xiāng,36,57
家長,4,B1,教育、學習,ㄐㄧㄚ ㄓㄤˇ,jiā zhǎng,82,85
假2,4,B1,安全,ㄐㄧㄚˇ,jiǎ,66,50
架,4,B1,核心詞,ㄐㄧㄚˋ,jià,57,37
價格,4,B1,購物、商店,ㄐㄧㄚˋ ㄍㄜˊ,jià gé,69,77
假期,4,B1,文化,ㄐㄧㄚˋ ㄑㄧˊ,jià qí,13,13
價錢,4,B1,核心詞,ㄐㄧㄚˋ ㄑㄧㄢˊ,jià qián,18,29
剪,4,B1,核心詞,ㄐㄧㄢˇ,jiǎn,17,72
檢查,4,B1,核心詞,ㄐㄧㄢˇ ㄔㄚˊ,jiǎn chá,93,91
剪刀,4,B1,購物、商店,ㄐㄧㄢˇ ㄉㄠ,jiǎn dāo,9,13
減少,4,B1,核心詞,ㄐㄧㄢˇ ㄕㄠˇ,jiǎn shǎo,92,199
見到,4,B1,核心詞,ㄐㄧㄢˋ ㄉㄠˋ,jiàn dào,120,30
將來,4,B1,核心詞,ㄐㄧㄤ ㄌㄞˊ,jiāng lái,73,74
獎,4,B1,休閒、娛樂,ㄐㄧㄤˇ,jiǎng,24,44
講話,4,B1,核心詞,ㄐㄧㄤˇ ㄏㄨㄚˋ,jiǎng huà,52,83
講價,4,B1,核心詞,ㄐㄧㄤˇ ㄐㄧㄚˋ,jiǎng jià,1,0
獎學金,4,B1,教育、學習,ㄐㄧㄤˇ ㄒㄩㄝˊ ㄐㄧㄣ,jiǎng xué jīn,8,6
醬油,4,B1,餐飲、烹飪,ㄐㄧㄤˋ ㄧㄡˊ,jiàng yóu,9,26
交換,4,B1,社交、人際,ㄐㄧㄠ ㄏㄨㄢˋ,jiāo huàn,39,37
郊區,4,B1,日常起居,ㄐㄧㄠ ㄑㄩ,jiāo qū,8,8
教師,4,B1,教育、學習,ㄐㄧㄠˋ ㄕ,jiào shī,96,15
教堂,4,B1,個人資料,ㄐㄧㄠˋ ㄊㄤˊ,jiào táng,47,39
教學,4,B1,教育、學習,ㄐㄧㄠˋ ㄒㄩㄝˊ,jiào xué,103,62
接受,4,B1,核心詞,ㄐㄧㄝ ㄕㄡˋ,jiē shòu,360,196
接下來,4,B1,核心詞,ㄐㄧㄝ ㄒㄧㄚˋ ㄌㄞˊ,jiē xià lái,92,223
節,4,B1,教育、學習,ㄐㄧㄝˊ,jié,38,59
節目,4,B1,休閒、娛樂,ㄐㄧㄝˊ ㄇㄨˋ,jié mù,66,178
解決,4,B1,核心詞,ㄐㄧㄝˇ ㄐㄩㄝˊ,jiě jué,234,228
解釋,4,B1,核心詞,ㄐㄧㄝˇ ㄕˋ,jiě shì,247,66
緊,4,B1,核心詞,ㄐㄧㄣˇ,jǐn,51,33
進口,4,B1,交通、旅遊,ㄐㄧㄣˋ ㄎㄡˇ,jìn kǒu,21,37
近年,4,B1,教育、學習,ㄐㄧㄣˋ ㄋㄧㄢˊ,jìn nián,30,50
進入,4,B1,交通、旅遊,ㄐㄧㄣˋ ㄖㄨˋ,jìn rù,236,219
經濟,4,B1,社會,ㄐㄧㄥ ㄐㄧˋ,jīng jì,252,421
警察,4,B1,安全,ㄐㄧㄥˇ ㄔㄚˊ,jǐng chá,72,52
競爭,4,B1,職業,ㄐㄧㄥˋ ㄓㄥ,jìng zhēng,130,41
鏡子/鏡,4,B1,購物、商店,ㄐㄧㄥˋ ˙ㄗ/ㄐㄧㄥˋ,jìng zi/jìng,63,28
救,4,B1,身體、醫療,ㄐㄧㄡˋ,jiù,71,95
舉,4,B1,核心詞,ㄐㄩˇ,jǔ,82,65
舉辦,4,B1,核心詞,ㄐㄩˇ ㄅㄢˋ,jǔ bàn,45,52
舉行,4,B1,核心詞,ㄐㄩˇ ㄒㄧㄥˊ,jǔ xíng,60,66
拒絕,4,B1,核心詞,ㄐㄩˋ ㄐㄩㄝˊ,jù jué,114,32
距離/距,4,B1,核心詞,ㄐㄩˋ ㄌㄧˊ/ㄐㄩˋ,jù lí/jù,126,127
卡通,4,B1,休閒、娛樂,ㄎㄚˇ ㄊㄨㄥ,kǎ tōng,8,18
開放,4,B1,職業,ㄎㄞ ㄈㄤˋ,kāi fàng,71,46
看出,4,B1,核心詞,ㄎㄢˋ ㄔㄨ,kàn chū,78,23
考卷,4,B1,教育、學習,ㄎㄠˇ ㄐㄩㄢˋ,kǎo juàn,5,10
考慮,4,B1,核心詞,ㄎㄠˇ ㄌㄩˋ,kǎo lǜ,111,49
靠,4,B1,核心詞,ㄎㄠˋ,kào,224,217
靠近,4,B1,核心詞,ㄎㄠˋ ㄐㄧㄣˋ,kào jìn,44,43
棵,4,B1,核心詞,ㄎㄜ,kē,68,145
科技,4,B1,教育、學習,ㄎㄜ ㄐㄧˋ,kē jì,122,113
科學,4,B1,教育、學習,ㄎㄜ ㄒㄩㄝˊ,kē xué,286,124
可,4,B1,核心詞,ㄎㄜˇ,kě,1109,380
可憐,4,B1,核心詞,ㄎㄜˇ ㄌㄧㄢˊ,kě lián,77,31
課程,4,B1,教育、學習,ㄎㄜˋ ㄔㄥˊ,kè chéng,134,92
課文,4,B1,教育、學習,ㄎㄜˋ ㄨㄣˊ,kè wén,3,2
空間,4,B1,日常起居,ㄎㄨㄥ ㄐㄧㄢ,kōng jiān,190,151
恐怖,4,B1,安全,ㄎㄨㄥˇ ㄅㄨˋ,kǒng bù,49,126
恐怕,4,B1,核心詞,ㄎㄨㄥˇ ㄆㄚˋ,kǒng pà,102,62
口味,4,B1,餐飲、烹飪,ㄎㄡˇ ㄨㄟˋ,kǒu wèi,20,22
口音,4,B1,教育、學習,ㄎㄡˇ ㄧㄣ,kǒu yīn,11,1
口罩,4,B1,身體、醫療,ㄎㄡˇ ㄓㄠˋ,kǒu zhào,3,18
快速,4,B1,核心詞,ㄎㄨㄞˋ ㄙㄨˋ,kuài sù,83,69
寬,4,B1,核心詞,ㄎㄨㄢ,kuān,43,35
拉肚子,4,B1,身體、醫療,ㄌㄚ ㄉㄨˋ ˙ㄗ,lā dù zi,4,6
辣椒,4,B1,餐飲、烹飪,ㄌㄚˋ ㄐㄧㄠ,là jiāo,7,18
來不及,4,B1,核心詞,ㄌㄞˊ ㄅㄨˋ ㄐㄧˊ,lái bù jí,30,37
來得及,4,B1,核心詞,ㄌㄞˊ ˙ㄉㄜ ㄐㄧˊ,lái de jí,10,7
來自,4,B1,核心詞,ㄌㄞˊ ㄗˋ,lái zì,161,178
懶,4,B1,核心詞,ㄌㄢˇ,lǎn,7,4
浪費,4,B1,核心詞,ㄌㄤˋ ㄈㄟˋ,làng fèi,50,107
老公,4,B1,日常起居,ㄌㄠˇ ㄍㄨㄥ,lǎo gōng,13,40
老虎/虎,4,B1,自然環境,ㄌㄠˇ ㄏㄨˇ/ㄏㄨˇ,lǎo hǔ/hǔ,104,31
老婆,4,B1,日常起居,ㄌㄠˇ ㄆㄛˊ,lǎo pó,54,50
老是,4,B1,核心詞,ㄌㄠˇ ㄕˋ,lǎo shì,39,12
老鼠/鼠,4,B1,個人資料,ㄌㄠˇ ㄕㄨˇ/ㄕㄨˇ,lǎo shǔ/shǔ,75,43
理由,4,B1,核心詞,ㄌㄧˇ ㄧㄡˊ,lǐ yóu,124,35
厲害,4,B1,核心詞,ㄌㄧˋ ㄏㄞˋ,lì hài,53,169
聯絡,4,B1,社交、人際,ㄌㄧㄢˊ ㄌㄨㄛˋ,lián luò,31,30
練,4,B1,教育、學習,ㄌㄧㄢˋ,liàn,48,62
亮,4,B1,核心詞,ㄌㄧㄤˋ,liàng,49,61
量1,4,B1,核心詞,ㄌㄧㄤˋ,liàng,34,167
領,4,B1,核心詞,ㄌㄧㄥˇ,lǐng,50,44
溜冰,4,B1,休閒、娛樂,ㄌㄧㄡ ㄅㄧㄥ,liū bīng,2,1
流利,4,B1,教育、學習,ㄌㄧㄡˊ ㄌㄧˋ,liú lì,8,4
留學,4,B1,教育、學習,ㄌㄧㄡˊ ㄒㄩㄝˊ,liú xué,18,7
留言,4,B1,社交、人際,ㄌㄧㄡˊ ㄧㄢˊ,liú yán,9,5
龍,4,B1,個人資料,ㄌㄨㄥˊ,lóng,68,28
路線,4,B1,核心詞,ㄌㄨˋ ㄒㄧㄢˋ,lù xiàn,35,37
旅遊,4,B1,交通、旅遊,ㄌㄩˇ ㄧㄡˊ,lǚ yóu,29,52
律師,4,B1,安全,ㄌㄩˋ ㄕ,lǜ shī,58,7
罵,4,B1,核心詞,ㄇㄚˋ,mà,64,83
買賣,4,B1,職業,ㄇㄞˇ ㄇㄞˋ,mǎi mài,18,10
滿意,4,B1,核心詞,ㄇㄢˇ ㄧˋ,mǎn yì,71,22
滿足,4,B1,核心詞,ㄇㄢˇ ㄗㄨˊ,mǎn zú,111,47
慢用,4,B1,核心詞,ㄇㄢˋ ㄩㄥˋ,màn yòng,1,0
毛筆,4,B1,休閒、娛樂,ㄇㄠˊ ㄅㄧˇ,máo bǐ,5,3
沒(有)用,4,B1,核心詞,ㄇㄟˊ (ㄧㄡˇ) ㄩㄥˋ,méi (yǒu) yòng,0,0
媒體,4,B1,休閒、娛樂,ㄇㄟˊ ㄊㄧˇ,méi tǐ,94,108
美金,4,B1,公共服務,ㄇㄟˇ ㄐㄧㄣ,měi jīn,16,35
美食,4,B1,餐飲、烹飪,ㄇㄟˇ ㄕˊ,měi shí,11,24
美元,4,B1,公共服務,ㄇㄟˇ ㄩㄢˊ,měi yuán,121,54
美洲,4,B1,,ㄇㄟˇ ㄓㄡ,měi zhōu,11,5
悶熱,4,B1,交通、旅遊,ㄇㄣ ㄖㄜˋ,mēn rè,5,5
夢想,4,B1,核心詞,ㄇㄥˋ ㄒㄧㄤˇ,mèng xiǎng,61,126
迷路,4,B1,核心詞,ㄇㄧˊ ㄌㄨˋ,mí lù,8,7
密碼,4,B1,公共服務,ㄇㄧˋ ㄇㄚˇ,mì mǎ,17,21
免費,4,B1,購物、商店,ㄇㄧㄢˇ ㄈㄟˋ,miǎn fèi,26,38
面前,4,B1,核心詞,ㄇㄧㄢˋ ㄑㄧㄢˊ,miàn qián,125,29
面試,4,B1,職業,ㄇㄧㄢˋ ㄕˋ,miàn shì,10,1
秒,4,B1,核心詞,ㄇㄧㄠˇ,miǎo,62,51
民主,4,B1,社會,ㄇㄧㄣˊ ㄓㄨˇ,mín zhǔ,60,64
明白,4,B1,核心詞,ㄇㄧㄥˊ ㄅㄞˊ,míng bái,198,32
名詞,4,B1,教育、學習,ㄇㄧㄥˊ ㄘˊ,míng cí,30,18
名片,4,B1,社交、人際,ㄇㄧㄥˊ ㄆㄧㄢˋ,míng piàn,22,6
摸,4,B1,核心詞,ㄇㄛ,mō,52,47
目標,4,B1,核心詞,ㄇㄨˋ ㄅㄧㄠ,mù biāo,231,118
目前,4,B1,核心詞,ㄇㄨˋ ㄑㄧㄢˊ,mù qián,184,377
拿出,4,B1,核心詞,ㄋㄚˊ ㄔㄨ,ná chū,60,19
奶油,4,B1,餐飲、烹飪,ㄋㄞˇ ㄧㄡˊ,nǎi yóu,13,9
男性,4,B1,個人資料,ㄋㄢˊ ㄒㄧㄥˋ,nán xìng,77,21
腦子/腦,4,B1,身體、醫療,ㄋㄠˇ ˙ㄗ/ㄋㄠˇ,nǎo zi/nǎo,152,64
內容,4,B1,休閒、娛樂,ㄋㄟˋ ㄖㄨㄥˊ,nèi róng,182,73
年齡,4,B1,個人資料,ㄋㄧㄢˊ ㄌㄧㄥˊ,nián líng,76,43
牛仔褲,4,B1,購物、商店,ㄋㄧㄡˊ ㄗㄞˇ ㄎㄨˋ,niú zǎi kù,7,3
濃,4,B1,核心詞,ㄋㄨㄥˊ,nóng,27,22
農曆,4,B1,個人資料,ㄋㄨㄥˊ ㄌㄧˋ,nóng lì,8,18
暖氣,4,B1,日常起居,ㄋㄨㄢˇ ㄑㄧˋ,nuǎn qì,4,4
女性,4,B1,個人資料,ㄋㄩˇ ㄒㄧㄥˋ,nǚ xìng,162,80
噢,4,B1,核心詞,˙ㄛ,o,80,19
喔,4,B1,核心詞,ㄛ,ō,79,1304
哦,4,B1,核心詞,ㄛˊ,ó,65,105
歐元,4,B1,公共服務,ㄡ ㄩㄢˊ,ōu yuán,1,4
歐洲,4,B1,,ㄡ ㄓㄡ,ōu zhōu,94,81
排,4,B1,核心詞,ㄆㄞˊ,pái,68,90
牌子/牌,4,B1,購物、商店,ㄆㄞˊ ˙ㄗ/ㄆㄞˊ,pái zi/pái,46,29
派,4,B1,職業,ㄆㄞˋ,pài,158,62
胖子,4,B1,身體、醫療,ㄆㄤˋ ˙ㄗ,pàng zi,9,4
碰,4,B1,核心詞,ㄆㄥˋ,pèng,43,32
碰到,4,B1,核心詞,ㄆㄥˋ ㄉㄠˋ,pèng dào,73,109
碰見,4,B1,核心詞,ㄆㄥˋ ㄐㄧㄢˋ,pèng jiàn,7,0
皮,4,B1,餐飲、烹飪,ㄆㄧˊ,pí,51,61
皮膚,4,B1,身體、醫療,ㄆㄧˊ ㄈㄨ,pí fū,64,46
篇,4,B1,核心詞,ㄆㄧㄢ,piān,174,48
騙,4,B1,安全,ㄆㄧㄢˋ,piàn,31,34
品質,4,B1,購物、商店,ㄆㄧㄣˇ ㄓˊ,pǐn zhí,85,117
平安,4,B1,安全,ㄆㄧㄥˊ ㄢ,píng ān,25,48
平板電腦,4,B1,科技,ㄆㄧㄥˊ ㄅㄢˇ ㄉㄧㄢˋ ㄋㄠˇ,píng bǎn diàn nǎo,0,0
平等,4,B1,社會,ㄆㄧㄥˊ ㄉㄥˇ,píng děng,33,29
平均,4,B1,核心詞,ㄆㄧㄥˊ ㄐㄩㄣ,píng jūn,56,134
平日,4,B1,核心詞,ㄆㄧㄥˊ ㄖˋ,píng rì,25,13
平時,4,B1,核心詞,ㄆㄧㄥˊ ㄕˊ,píng shí,36,24
破壞,4,B1,核心詞,ㄆㄛˋ ㄏㄨㄞˋ,pò huài,71,116
普遍,4,B1,核心詞,ㄆㄨˇ ㄅㄧㄢˋ,pǔ biàn,57,44
普通,4,B1,核心詞,ㄆㄨˇ ㄊㄨㄥ,pǔ tōng,48,28
起飛,4,B1,交通、旅遊,ㄑㄧˇ ㄈㄟ,qǐ fēi,12,5
氣候,4,B1,交通、旅遊,ㄑㄧˋ ㄏㄡˋ,qì hòu,27,261
氣溫,4,B1,交通、旅遊,ㄑㄧˋ ㄨㄣ,qì wēn,12,47
鉛筆,4,B1,購物、商店,ㄑㄧㄢ ㄅㄧˇ,qiān bǐ,12,13
簽名,4,B1,教育、學習,ㄑㄧㄢ ㄇㄧㄥˊ,qiān míng,15,12
槍,4,B1,安全,ㄑㄧㄤ,qiāng,53,21
強1,4,B1,核心詞,ㄑㄧㄤˊ,qiáng,141,158
搶,4,B1,安全,ㄑㄧㄤˇ,qiǎng,39,30
橋,4,B1,交通、旅遊,ㄑㄧㄠˊ,qiáo,49,70
切,4,B1,餐飲、烹飪,ㄑㄧㄝ,qiē,21,48
親戚,4,B1,個人資料,ㄑㄧㄣ ㄑㄧ,qīn qī,37,30
親切,4,B1,社交、人際,ㄑㄧㄣ ㄑㄧㄝˋ,qīn qiè,31,15
青少年,4,B1,社會,ㄑㄧㄥ ㄕㄠˋ ㄋㄧㄢˊ,qīng shào nián,74,26
情況,4,B1,核心詞,ㄑㄧㄥˊ ㄎㄨㄤˋ,qíng kuàng,340,241
請假,4,B1,職業,ㄑㄧㄥˇ ㄐㄧㄚˋ,qǐng jià,6,9
慶祝,4,B1,社交、人際,ㄑㄧㄥˋ ㄓㄨˋ,qìng zhù,18,31
窮,4,B1,核心詞,ㄑㄩㄥˊ,qióng,43,28
球隊,4,B1,休閒、娛樂,ㄑㄧㄡˊ ㄉㄨㄟˋ,qiú duì,24,4
球賽,4,B1,休閒、娛樂,ㄑㄧㄡˊ ㄙㄞˋ,qiú sài,9,1
區,4,B1,日常起居,ㄑㄩ,qū,18,82
全家,4,B1,個人資料,ㄑㄩㄢˊ ㄐㄧㄚ,quán jiā,16,25
權利,4,B1,社會,ㄑㄩㄢˊ ㄌㄧˋ,quán lì,41,27
全球,4,B1,核心詞,ㄑㄩㄢˊ ㄑㄧㄡˊ,quán qiú,91,441
全身,4,B1,身體、醫療,ㄑㄩㄢˊ ㄕㄣ,quán shēn,16,7
卻,4,B1,核心詞,ㄑㄩㄝˋ,què,1310,602
確定,4,B1,核心詞,ㄑㄩㄝˋ ㄉㄧㄥˋ,què dìng,158,79
群/羣,4,B1,核心詞,ㄑㄩㄣˊ,qún,173,197
熱門,4,B1,購物、商店,ㄖㄜˋ ㄇㄣˊ,rè mén,12,15
熱情,4,B1,社交、人際,ㄖㄜˋ ㄑㄧㄥˊ,rè qíng,78,67
熱心,4,B1,核心詞,ㄖㄜˋ ㄒㄧㄣ,rè xīn,19,20
人才,4,B1,職業,ㄖㄣˊ ㄘㄞˊ,rén cái,72,12
人口,4,B1,交通、旅遊,ㄖㄣˊ ㄎㄡˇ,rén kǒu,66,148
人數,4,B1,交通、旅遊,ㄖㄣˊ ㄕㄨˋ,rén shù,45,73
人行道,4,B1,交通、旅遊,ㄖㄣˊ ㄒㄧㄥˊ ㄉㄠˋ,rén xíng dào,11,3
仍然/仍,4,B1,核心詞,ㄖㄥˊ ㄖㄢˊ/ㄖㄥˊ,réng rán/réng,522,141
日期,4,B1,核心詞,ㄖˋ ㄑㄧˊ,rì qí,22,9
日圓,4,B1,公共服務,ㄖˋ ㄩㄢˊ,rì yuán,16,3
肉鬆,4,B1,,ㄖㄡˋ ㄙㄨㄥ,ròu sōng,1,1
軟,4,B1,核心詞,ㄖㄨㄢˇ,ruǎn,31,40
塞車,4,B1,交通、旅遊,ㄙㄞ ㄔㄜ,sāi chē,3,4
掃,4,B1,日常起居,ㄙㄠˇ,sǎo,16,35
掃地,4,B1,日常起居,ㄙㄠˇ ㄉㄧˋ,sǎo dì,6,10
森林,4,B1,交通、旅遊,ㄙㄣ ㄌㄧㄣˊ,sēn lín,56,114
殺,4,B1,安全,ㄕㄚ,shā,217,56
傷,4,B1,身體、醫療,ㄕㄤ,shāng,47,46
商量,4,B1,核心詞,ㄕㄤ ㄌㄧㄤˊ,shāng liáng,30,10
上班族,4,B1,職業,ㄕㄤˋ ㄅㄢ ㄗㄨˊ,shàng bān zú,10,13
燒,4,B1,核心詞,ㄕㄠ,shāo,63,88
少數,4,B1,核心詞,ㄕㄠˇ ㄕㄨˋ,shǎo shù,67,41
設備,4,B1,日常起居,ㄕㄜˋ ㄅㄟˋ,shè bèi,53,50
申請,4,B1,核心詞,ㄕㄣ ㄑㄧㄥˇ,shēn qǐng,34,38
神,4,B1,文化,ㄕㄣˊ,shén,173,69
生,4,B1,個人資料,ㄕㄥ,shēng,235,236
生詞,4,B1,教育、學習,ㄕㄥ ㄘˊ,shēng cí,1,0
聲調,4,B1,教育、學習,ㄕㄥ ㄉㄧㄠˋ,shēng diào,9,1
省,4,B1,核心詞,ㄕㄥˇ,shěng,57,114
剩,4,B1,核心詞,ㄕㄥˋ,shèng,33,40
剩下,4,B1,核心詞,ㄕㄥˋ ㄒㄧㄚˋ,shèng xià,65,93
失敗,4,B1,教育、學習,ㄕ ㄅㄞˋ,shī bài,139,57
溼度/濕度,4,B1,自然環境,ㄕ ㄉㄨˋ,shī dù,6,23
時常,4,B1,核心詞,ㄕˊ ㄔㄤˊ,shí cháng,33,22
十分,4,B1,核心詞,ㄕˊ ㄈㄣ,shí fēn,234,59
石頭/石,4,B1,交通、旅遊,ㄕˊ ˙ㄊㄡ/ㄕˊ,shí tou/shí,130,147
使用,4,B1,核心詞,ㄕˇ ㄩㄥˋ,shǐ yòng,371,387
世紀,4,B1,核心詞,ㄕˋ ㄐㄧˋ,shì jì,47,62
事實,4,B1,核心詞,ㄕˋ ㄕˊ,shì shí,317,249
收入,4,B1,職業,ㄕㄡ ㄖㄨˋ,shōu rù,50,90
首都,4,B1,核心詞,ㄕㄡˇ ㄉㄨ,shǒu dū,35,65
首先,4,B1,核心詞,ㄕㄡˇ ㄒㄧㄢ,shǒu xiān,112,141
手指頭/手指/指頭,4,B1,身體、醫療,ㄕㄡˇ ㄓˇ ˙ㄊㄡ/ㄕㄡˇ ㄓˇ/ㄓˇ ˙ㄊㄡ,shǒu zhǐ tou/shǒu zhǐ/zhǐ tou,82,25
受,4,B1,核心詞,ㄕㄡˋ,shòu,424,251
受不了,4,B1,核心詞,ㄕㄡˋ ㄅㄨˋ ㄌㄧㄠˇ,shòu bù liǎo,28,25
受到,4,B1,核心詞,ㄕㄡˋ ㄉㄠˋ,shòu dào,253,265
受傷,4,B1,身體、醫療,ㄕㄡˋ ㄕㄤ,shòu shāng,56,80
輸,4,B1,休閒、娛樂,ㄕㄨ,shū,36,37
蔬菜,4,B1,餐飲、烹飪,ㄕㄨ ㄘㄞˋ,shū cài,23,148
數量,4,B1,購物、商店,ㄕㄨˋ ㄌㄧㄤˋ,shù liàng,49,76
樹木,4,B1,核心詞,ㄕㄨˋ ㄇㄨˋ,shù mù,23,43
數字,4,B1,科技,ㄕㄨˋ ㄗˋ,shù zì,81,54
水準,4,B1,休閒、娛樂,ㄕㄨㄟˇ ㄓㄨㄣˇ,shuǐ zhǔn,41,16
順便,4,B1,核心詞,ㄕㄨㄣˋ ㄅㄧㄢˋ,shùn biàn,23,30
順利,4,B1,核心詞,ㄕㄨㄣˋ ㄌㄧˋ,shùn lì,70,72
說出,4,B1,核心詞,ㄕㄨㄛ ㄔㄨ,shuō chū,73,16
說法,4,B1,核心詞,ㄕㄨㄛ ㄈㄚˇ,shuō fǎ,116,45
說明,4,B1,核心詞,ㄕㄨㄛ ㄇㄧㄥˊ,shuō míng,183,76
鬆,4,B1,核心詞,ㄙㄨㄥ,sōng,28,30
塑膠,4,B1,購物、商店,ㄙㄨˋ ㄐㄧㄠ,sù jiāo,21,96
素食,4,B1,餐飲、烹飪,ㄙㄨˋ ㄕˊ,sù shí,6,57
隨便,4,B1,核心詞,ㄙㄨㄟˊ ㄅㄧㄢˋ,suí biàn,42,55
隨身碟,4,B1,科技,ㄙㄨㄟˊ ㄕㄣ ㄉㄧㄝˊ,suí shēn dié,0,0
隨時,4,B1,核心詞,ㄙㄨㄟˊ ㄕˊ,suí shí,90,66
牠,4,B1,核心詞,ㄊㄚ,tā,343,659
態度,4,B1,核心詞,ㄊㄞˋ ㄉㄨˋ,tài dù,232,124
攤子,4,B1,購物、商店,ㄊㄢ ˙ㄗ,tān zi,5,3
躺,4,B1,核心詞,ㄊㄤˇ,tǎng,82,30
趟,4,B1,交通、旅遊,ㄊㄤˋ,tàng,50,72
燙,4,B1,餐飲、烹飪,ㄊㄤˋ,tàng,12,36
討厭,4,B1,核心詞,ㄊㄠˇ ㄧㄢˋ,tǎo yàn,56,30
特色,4,B1,核心詞,ㄊㄜˋ ㄙㄜˋ,tè sè,52,73
疼痛,4,B1,身體、醫療,ㄊㄥˊ ㄊㄨㄥˋ,téng tòng,63,17
提到,4,B1,核心詞,ㄊㄧˊ ㄉㄠˋ,tí dào,129,167
提醒,4,B1,核心詞,ㄊㄧˊ ㄒㄧㄥˇ,tí xǐng,89,102
體力,4,B1,身體、醫療,ㄊㄧˇ ㄌㄧˋ,tǐ lì,31,39
填,4,B1,核心詞,ㄊㄧㄢˊ,tián,16,16
挑1,4,B1,核心詞,ㄊㄧㄠ,tiāo,45,64
條件,4,B1,核心詞,ㄊㄧㄠˊ ㄐㄧㄢˋ,tiáo jiàn,135,114
貼,4,B1,核心詞,ㄊㄧㄝ,tiē,46,48
鐵路,4,B1,交通、旅遊,ㄊㄧㄝˇ ㄌㄨˋ,tiě lù,28,42
停止,4,B1,身體、醫療,ㄊㄧㄥˊ ㄓˇ,tíng zhǐ,99,62
通常,4,B1,核心詞,ㄊㄨㄥ ㄔㄤˊ,tōng cháng,224,190
通過,4,B1,核心詞,ㄊㄨㄥ ㄍㄨㄛˋ,tōng guò,96,93
通知,4,B1,核心詞,ㄊㄨㄥ ㄓ,tōng zhī,33,19
同事,4,B1,職業,ㄊㄨㄥˊ ㄕˋ,tóng shì,82,34
痛苦,4,B1,情緒、態度,ㄊㄨㄥˋ ㄎㄨˇ,tòng kǔ,152,72
投,4,B1,核心詞,ㄊㄡˊ,tóu,23,17
突然,4,B1,核心詞,ㄊㄨˊ ㄖㄢˊ,tú rán,277,117
土,4,B1,核心詞,ㄊㄨˇ,tǔ,39,125
土地,4,B1,社會,ㄊㄨˇ ㄉㄧˋ,tǔ dì,106,331
團體,4,B1,社會,ㄊㄨㄢˊ ㄊㄧˇ,tuán tǐ,111,120
推,4,B1,核心詞,ㄊㄨㄟ,tuī,58,64
推薦,4,B1,教育、學習,ㄊㄨㄟ ㄐㄧㄢˋ,tuī jiàn,52,16
退步,4,B1,教育、學習,ㄊㄨㄟˋ ㄅㄨˋ,tuì bù,5,5
退休,4,B1,職業,ㄊㄨㄟˋ ㄒㄧㄡ,tuì xiū,72,81
瓦斯,4,B1,日常起居,ㄨㄚˇ ㄙ,wǎ sī,6,17
外語,4,B1,個人資料,ㄨㄞˋ ㄩˇ,wài yǔ,6,3
玩具,4,B1,核心詞,ㄨㄢˊ ㄐㄩˋ,wán jù,46,64
網,4,B1,核心詞,ㄨㄤˇ,wǎng,61,54
網友,4,B1,休閒、娛樂,ㄨㄤˇ ㄧㄡˇ,wǎng yǒu,5,10
偉大,4,B1,文化,ㄨㄟˇ ㄉㄚˋ,wěi dà,76,38
未來,4,B1,核心詞,ㄨㄟˋ ㄌㄞˊ,wèi lái,217,292
溫度,4,B1,核心詞,ㄨㄣ ㄉㄨˋ,wēn dù,33,230
溫暖,4,B1,交通、旅遊,ㄨㄣ ㄋㄨㄢˇ,wēn nuǎn,54,95
文具,4,B1,日常起居,ㄨㄣˊ ㄐㄩˋ,wén jù,4,6
文章/文,4,B1,教育、學習,ㄨㄣˊ ㄓㄤ/ㄨㄣˊ,wén zhāng/wén,209,94
文字,4,B1,教育、學習,ㄨㄣˊ ㄗˋ,wén zì,114,57
問好,4,B1,社交、人際,ㄨㄣˋ ㄏㄠˇ,wèn hǎo,3,1
屋頂,4,B1,日常起居,ㄨ ㄉㄧㄥˇ,wū dǐng,26,50
無論,4,B1,核心詞,ㄨˊ ㄌㄨㄣˋ,wú lùn,151,34
舞台/舞臺,4,B1,休閒、娛樂,ㄨˇ ㄊㄞˊ,wǔ tái,52,67
吸引,4,B1,情緒、態度,ㄒㄧ ㄧㄣˇ,xī yǐn,82,77
喜愛,4,B1,核心詞,ㄒㄧˇ ㄞˋ,xǐ ài,48,19
細,4,B1,核心詞,ㄒㄧˋ,xì,36,41
系,4,B1,教育、學習,ㄒㄧˋ,xì,17,14
蝦子/蝦,4,B1,餐飲、烹飪,ㄒㄧㄚ ˙ㄗ/ㄒㄧㄚ,xiā zi/xiā,21,15
嚇,4,B1,核心詞,ㄒㄧㄚˋ,xià,67,42
線,4,B1,交通、旅遊,ㄒㄧㄢˋ,xiàn,66,92
現金,4,B1,購物、商店,ㄒㄧㄢˋ ㄐㄧㄣ,xiàn jīn,17,7
相反,4,B1,核心詞,ㄒㄧㄤ ㄈㄢˇ,xiāng fǎn,71,20
香水,4,B1,日常起居,ㄒㄧㄤ ㄕㄨㄟˇ,xiāng shuǐ,7,3
相同,4,B1,核心詞,ㄒㄧㄤ ㄊㄨㄥˊ,xiāng tóng,119,47
香菸/菸,4,B1,日常起居,ㄒㄧㄤ ㄧㄢ/ㄧㄢ,xiāng yān/yān,27,12
想念,4,B1,核心詞,ㄒㄧㄤˇ ㄋㄧㄢˋ,xiǎng niàn,18,11
想起,4,B1,核心詞,ㄒㄧㄤˇ ㄑㄧˇ,xiǎng qǐ,106,18
享受,4,B1,休閒、娛樂,ㄒㄧㄤˇ ㄕㄡˋ,xiǎng shòu,89,78
想像,4,B1,核心詞,ㄒㄧㄤˇ ㄒㄧㄤˋ,xiǎng xiàng,181,132
巷,4,B1,日常起居,ㄒㄧㄤˋ,xiàng,9,4
巷口,4,B1,日常起居,ㄒㄧㄤˋ ㄎㄡˇ,xiàng kǒu,3,1
巷子,4,B1,日常起居,ㄒㄧㄤˋ ˙ㄗ,xiàng zi,8,4
消夜/宵夜,4,B1,核心詞,ㄒㄧㄠ ㄧㄝˋ,xiāo yè,2,3
小說,4,B1,休閒、娛樂,ㄒㄧㄠˇ ㄕㄨㄛ,xiǎo shuō,188,22
小偷,4,B1,安全,ㄒㄧㄠˇ ㄊㄡ,xiǎo tōu,11,4
校長,4,B1,教育、學習,ㄒㄧㄠˋ ㄓㄤˇ,xiào zhǎng,52,69
血,4,B1,核心詞,ㄒㄧㄝˇ,xiě,80,34
新郎,4,B1,社交、人際,ㄒㄧㄣ ㄌㄤˊ,xīn láng,7,2
新娘,4,B1,社交、人際,ㄒㄧㄣ ㄋㄧㄤˊ,xīn niáng,19,12
薪水,4,B1,職業,ㄒㄧㄣ ㄕㄨㄟˇ,xīn shuǐ,24,28
新台幣/新臺幣/台幣/臺幣,4,B1,公共服務,ㄒㄧㄣ ㄊㄞˊ ㄅㄧˋ/ㄊㄞˊ ㄅㄧˋ,xīn tái bì/tái bì,14,66
信心,4,B1,核心詞,ㄒㄧㄣˋ ㄒㄧㄣ,xìn xīn,80,63
興奮,4,B1,核心詞,ㄒㄧㄥ ㄈㄣˋ,xīng fèn,86,29
醒,4,B1,日常起居,ㄒㄧㄥˇ,xǐng,30,12
幸運,4,B1,核心詞,ㄒㄧㄥˋ ㄩㄣˋ,xìng yùn,42,42
修,4,B1,購物、商店,ㄒㄧㄡ,xiū,50,74
修理,4,B1,日常起居,ㄒㄧㄡ ㄌㄧˇ,xiū lǐ,15,21
休閒,4,B1,休閒、娛樂,ㄒㄧㄡ ㄒㄧㄢˊ,xiū xián,22,20
學費,4,B1,教育、學習,ㄒㄩㄝˊ ㄈㄟˋ,xué fèi,10,20
訓練,4,B1,職業,ㄒㄩㄣˋ ㄌㄧㄢˋ,xùn liàn,200,119
壓力,4,B1,核心詞,ㄧㄚ ㄌㄧˋ,yā lì,180,188
牙齒/牙,4,B1,身體、醫療,ㄧㄚˊ ㄔˇ/ㄧㄚˊ,yá chǐ/yá,57,68
亞洲,4,B1,,ㄧㄚˋㄓㄡ,yà zhōu,52,39
煙火,4,B1,核心詞,ㄧㄢ ㄏㄨㄛˇ,yān huǒ,5,3
嚴格/嚴,4,B1,核心詞,ㄧㄢˊ ㄍㄜˊ/ㄧㄢˊ,yán gé/yán,70,61
研究所,4,B1,教育、學習,ㄧㄢˊ ㄐㄧㄡˋ ㄙㄨㄛˇ,yán jiù suǒ,52,26
演講,4,B1,教育、學習,ㄧㄢˇ ㄐㄧㄤˇ,yǎn jiǎng,63,41
眼淚/淚,4,B1,身體、醫療,ㄧㄢˇ ㄌㄟˋ/ㄌㄟˋ,yǎn lèi/lèi,77,44
演員,4,B1,休閒、娛樂,ㄧㄢˇ ㄩㄢˊ,yǎn yuán,41,21
羊,4,B1,個人資料,ㄧㄤˊ,yáng,61,41
養,4,B1,休閒、娛樂,ㄧㄤˇ,yǎng,75,170
邀請,4,B1,社交、人際,ㄧㄠ ㄑㄧㄥˇ,yāo qǐng,58,61
咬,4,B1,核心詞,ㄧㄠˇ,yǎo,46,43
要不然,4,B1,核心詞,ㄧㄠˋ ㄅㄨˋ ㄖㄢˊ,yào bù rán,12,52
要緊,4,B1,核心詞,ㄧㄠˋ ㄐㄧㄣˇ,yào jǐn,18,6
頁,4,B1,核心詞,ㄧㄝˋ,yè,156,29
葉子/葉,4,B1,核心詞,ㄧㄝˋ ˙ㄗ/ㄧㄝˋ,yè zi/yè,90,166
移民,4,B1,個人資料,ㄧˊ ㄇㄧㄣˊ,yí mín,25,82
一邊,4,B1,核心詞,ㄧˋ ㄅㄧㄢ,yì biān,137,65
藝術,4,B1,休閒、娛樂,ㄧˋ ㄕㄨˋ,yì shù,212,110
一同,4,B1,核心詞,ㄧˋ ㄊㄨㄥˊ,yì tóng,36,19
意外,4,B1,安全,ㄧˋ ㄨㄞˋ,yì wài,91,80
飲食,4,B1,餐飲、烹飪,ㄧㄣˇ ㄕˊ,yǐn shí,70,103
英雄,4,B1,教育、學習,ㄧㄥ ㄒㄩㄥˊ,yīng xióng,90,28
贏,4,B1,休閒、娛樂,ㄧㄥˊ,yíng,45,36
影片,4,B1,休閒、娛樂,ㄧㄥˇ ㄆㄧㄢˋ,yǐng piàn,61,95
影印,4,B1,教育、學習,ㄧㄥˇ ㄧㄣˋ,yǐng yìn,6,2
硬,4,B1,核心詞,ㄧㄥˋ,yìng,72,53
勇敢,4,B1,情緒、態度,ㄩㄥˇ ㄍㄢˇ,yǒng gǎn,42,48
永遠,4,B1,核心詞,ㄩㄥˇ ㄩㄢˇ,yǒng yuǎn,190,115
用處,4,B1,核心詞,ㄩㄥˋ ㄔㄨˋ,yòng chù,13,5
用力,4,B1,身體、醫療,ㄩㄥˋ ㄌㄧˋ,yòng lì,50,28
用心,4,B1,核心詞,ㄩㄥˋ ㄒㄧㄣ,yòng xīn,34,102
郵差,4,B1,公共服務,ㄧㄡˊ ㄔㄞ,yóu chāi,5,8
有關,4,B1,核心詞,ㄧㄡˇ ㄍㄨㄢ,yǒu guān,247,115
語法,4,B1,,ㄩˇ ㄈㄚˇ,yǔ fǎ,3,4
遇到,4,B1,核心詞,ㄩˋ ㄉㄠˋ,yù dào,122,156
遇見,4,B1,核心詞,ㄩˋ ㄐㄧㄢˋ,yù jiàn,31,7
玉米,4,B1,餐飲、烹飪,ㄩˋ ㄇㄧˇ,yù mǐ,14,53
預習,4,B1,教育、學習,ㄩˋ ㄒㄧˊ,yù xí,2,2
員工,4,B1,職業,ㄩㄢˊ ㄍㄨㄥ,yuán gōng,151,55
願望,4,B1,核心詞,ㄩㄢˋ ㄨㄤˋ,yuàn wàng,24,23
月餅,4,B1,餐飲、烹飪,ㄩㄝˋ ㄅㄧㄥˇ,yuè bǐng,4,2
閱讀,4,B1,教育、學習,ㄩㄝˋ ㄉㄨˊ,yuè dú,137,56
雲,4,B1,自然環境,ㄩㄣˊ,yún,102,54
運氣,4,B1,核心詞,ㄩㄣˋ ˙ㄑㄧ,yùn qi,32,16
載1,4,B1,核心詞,ㄗㄞˋ,zài,66,47
責任,4,B1,社會,ㄗㄜˊ ㄖㄣˋ,zé rèn,120,76
增加/增,4,B1,核心詞,ㄗㄥ ㄐㄧㄚ/ㄗㄥ,zēng jiā/zēng,217,230
展覽,4,B1,休閒、娛樂,ㄓㄢˇ ㄌㄢˇ,zhǎn lǎn,14,21
戰爭,4,B1,社會,ㄓㄢˋ ㄓㄥ,zhàn zhēng,157,161
著急,4,B1,核心詞,ㄓㄠ ㄐㄧˊ,zhāo jí,17,7
找錢,4,B1,購物、商店,ㄓㄠˇ ㄑㄧㄢˊ,zhǎo qián,1,1
真正,4,B1,核心詞,ㄓㄣ ㄓㄥˋ,zhēn zhèng,296,202
陣,4,B1,核心詞,ㄓㄣˋ,zhèn,106,20
整理,4,B1,日常起居,ㄓㄥˇ ㄌㄧˇ,zhěng lǐ,76,80
整天,4,B1,核心詞,ㄓㄥˇ ㄊㄧㄢ,zhěng tiān,15,8
政府,4,B1,社會,ㄓㄥˋ ㄈㄨˇ,zhèng fǔ,305,570
證明,4,B1,教育、學習,ㄓㄥˋ ㄇㄧㄥˊ,zhèng míng,133,56
正確,4,B1,核心詞,ㄓㄥˋ ㄑㄩㄝˋ,zhèng què,166,88
政治,4,B1,教育、學習,ㄓㄥˋ ㄓˋ,zhèng zhì,258,154
支持,4,B1,教育、學習,ㄓ ㄔˊ,zhī chí,164,234
之後,4,B1,核心詞,ㄓ ㄏㄡˋ,zhī hòu,785,1006
之間,4,B1,核心詞,ㄓ ㄐㄧㄢ,zhī jiān,435,261
之前,4,B1,核心詞,ㄓ ㄑㄧㄢˊ,zhī qián,321,293
之中,4,B1,核心詞,ㄓ ㄓㄨㄥ,zhī zhōng,179,24
直,4,B1,核心詞,ㄓˊ,zhí,128,50
值得,4,B1,核心詞,ㄓˊ ˙ㄉㄜ,zhí de,131,119
職業,4,B1,個人資料,ㄓˊ ㄧㄝˋ,zhí yè,52,36
指,4,B1,核心詞,ㄓˇ,zhǐ,237,81
只是,4,B1,核心詞,ㄓˇ ㄕˋ,zhǐ shì,373,356
制度,4,B1,社會,ㄓˋ ㄉㄨˋ,zhì dù,129,45
至少,4,B1,核心詞,ㄓˋ ㄕㄠˇ,zhì shǎo,167,142
中文系,4,B1,教育、學習,ㄓㄨㄥ ㄨㄣˊ ㄒㄧˋ,zhōng wén xì,3,3
終於,4,B1,核心詞,ㄓㄨㄥ ㄩˊ,zhōng yú,231,148
種類,4,B1,核心詞,ㄓㄨㄥˇ ㄌㄟˋ,zhǒng lèi,25,35
種2,4,B1,核心詞,ㄓㄨㄥˋ,zhòng,2584,3158
重點,4,B1,核心詞,ㄓㄨㄥˋ ㄉㄧㄢˇ,zhòng diǎn,84,102
重視,4,B1,核心詞,ㄓㄨㄥˋ ㄕˋ,zhòng shì,96,76
竹子/竹,4,B1,核心詞,ㄓㄨˊ ˙ㄗ/ㄓㄨˊ,zhú zi/zhú,37,88
煮,4,B1,餐飲、烹飪,ㄓㄨˇ,zhǔ,54,154
煮飯,4,B1,日常起居,ㄓㄨˇ ㄈㄢˋ,zhǔ fàn,10,30
主角,4,B1,核心詞,ㄓㄨˇ ㄐㄧㄠˇ / ㄓㄨˇ ㄐㄩㄝˊ,zhǔ jiǎo / zhǔ jué,85,36
主任,4,B1,教育、學習,ㄓㄨˇ ㄖㄣˋ,zhǔ rèn,56,43
主題,4,B1,休閒、娛樂,ㄓㄨˇ ㄊㄧˊ,zhǔ tí,83,40
主要,4,B1,核心詞,ㄓㄨˇ ㄧㄠˋ,zhǔ yào,278,394
專家,4,B1,教育、學習,ㄓㄨㄢ ㄐㄧㄚ,zhuān jiā,123,178
專心,4,B1,教育、學習,ㄓㄨㄢ ㄒㄧㄣ,zhuān xīn,44,41
專業,4,B1,職業,ㄓㄨㄢ ㄧㄝˋ,zhuān yè,150,110
賺,4,B1,職業,ㄓㄨㄢˋ,zhuàn,40,72
賺錢,4,B1,職業,ㄓㄨㄢˋ ㄑㄧㄢˊ,zhuàn qián,35,63
追,4,B1,核心詞,ㄓㄨㄟ,zhuī,49,27
準時,4,B1,核心詞,ㄓㄨㄣˇ ㄕˊ,zhǔn shí,14,16
資訊,4,B1,教育、學習,ㄗ ㄒㄩㄣˋ,zī xùn,154,70
資源,4,B1,職業,ㄗ ㄩㄢˊ,zī yuán,105,263
子女,4,B1,核心詞,ㄗˇ ㄋㄩˇ,zǐ nǚ,75,37
自動,4,B1,核心詞,ㄗˋ ㄉㄨㄥˋ,zì dòng,52,32
自我,4,B1,情緒、態度,ㄗˋ ㄨㄛˇ,zì wǒ,262,76
自信,4,B1,個人資料,ㄗˋ ㄒㄧㄣˋ,zì xìn,61,37
宗教/教2,4,B1,核心詞,ㄗㄨㄥ ㄐㄧㄠˋ/ㄐㄧㄠˋ,zōng jiào/jiào,291,441
總共,4,B1,核心詞,ㄗㄨㄥˇ ㄍㄨㄥˋ,zǒng gòng,22,68
總統,4,B1,社會,ㄗㄨㄥˇ ㄊㄨㄥˇ,zǒng tǒng,74,174
粽子,4,B1,餐飲、烹飪,ㄗㄨㄥˋ ˙ㄗ,zòng zi,4,8
租金,4,B1,日常起居,ㄗㄨ ㄐㄧㄣ,zū jīn,4,6
足夠,4,B1,核心詞,ㄗㄨˊ ㄍㄡˋ,zú gòu,67,43
祖父,4,B1,個人資料,ㄗㄨˇ ㄈㄨˋ,zǔ fù,23,13
祖母,4,B1,個人資料,ㄗㄨˇ ㄇㄨˇ,zǔ mǔ,22,6
醉,4,B1,身體、醫療,ㄗㄨㄟˋ,zuì,18,3
做出,4,B1,核心詞,ㄗㄨㄛˋ ㄔㄨ,zuò chū,113,58
作家,4,B1,教育、學習,ㄗㄨㄛˋ ㄐㄧㄚ,zuò jiā,86,18
做夢/作夢,4,B1,日常起居,ㄗㄨㄛˋ ㄇㄥˋ,zuò mèng,23,11
作者,4,B1,核心詞,ㄗㄨㄛˋ ㄓㄜˇ,zuò zhě,153,30
唉,4*,B1,核心詞,ㄞ,āi,35,15
岸,4*,B1,交通、旅遊,ㄢˋ,àn,30,27
暗,4*,B1,核心詞,ㄢˋ,àn,50,20
案子/案,4*,B1,安全,ㄢˋ ˙ㄗ/ㄢˋ,àn zi/àn,70,38
熬夜,4*,B1,核心詞,ㄠˊ ㄧㄝˋ,áo yè,5,5
拜訪,4*,B1,社交、人際,ㄅㄞˋ ㄈㄤˇ,bài fǎng,40,41
拜年,4*,B1,文化,ㄅㄞˋ ㄋㄧㄢˊ,bài nián,3,1
辦事處,4*,B1,公共服務,ㄅㄢˋ ㄕˋ ㄔㄨˋ,bàn shì chù,6,3
扮演,4*,B1,核心詞,ㄅㄢˋ ㄧㄢˇ,bàn yǎn,71,52
包裹,4*,B1,公共服務,ㄅㄠ ㄍㄨㄛˇ,bāo guǒ,17,8
包含,4*,B1,核心詞,ㄅㄠ ㄏㄢˊ,bāo hán,53,51
寶,4*,B1,核心詞,ㄅㄠˇ,bǎo,43,38
保持,4*,B1,核心詞,ㄅㄠˇ ㄔˊ,bǎo chí,162,80
保證,4*,B1,核心詞,ㄅㄠˇ ㄓㄥˋ,bǎo zhèng,68,26
背後,4*,B1,核心詞,ㄅㄟˋ ㄏㄡˋ,bèi hòu,85,71
背景,4*,B1,核心詞,ㄅㄟˋ ㄐㄧㄥˇ,bèi jǐng,78,56
背心,4*,B1,購物、商店,ㄅㄟˋ ㄒㄧㄣ,bèi xīn,7,7
被子,4*,B1,日常起居,ㄅㄟˋ ˙ㄗ,bèi zi,6,5
本2,4*,B1,,ㄅㄣˇ,běn,750,339
本人,4*,B1,核心詞,ㄅㄣˇ ㄖㄣˊ,běn rén,51,9
鼻涕,4*,B1,身體、醫療,ㄅㄧˊ ㄊㄧˋ,bí tì,7,4
筆2,4*,B1,,ㄅㄧˇ,bǐ,123,82
比2,4*,B1,,ㄅㄧˇ,bǐ,671,448
避免,4*,B1,安全,ㄅㄧˋ ㄇㄧㄢˇ,bì miǎn,132,98
編,4*,B1,核心詞,ㄅㄧㄢ,biān,68,22
表達,4*,B1,情緒、態度,ㄅㄧㄠˇ ㄉㄚˊ,biǎo dá,124,79
表哥,4*,B1,個人資料,ㄅㄧㄠˇ ㄍㄜ,biǎo gē,5,5
表格,4*,B1,核心詞,ㄅㄧㄠˇ ㄍㄜˊ,biǎo gé,21,1
表妹,4*,B1,個人資料,ㄅㄧㄠˇ ㄇㄟˋ,biǎo mèi,5,4
表面,4*,B1,核心詞,ㄅㄧㄠˇ ㄇㄧㄢˋ,biǎo miàn,73,59
表示,4*,B1,核心詞,ㄅㄧㄠˇ ㄕˋ,biǎo shì,277,243
冰涼,4*,B1,核心詞,ㄅㄧㄥ ㄌㄧㄤˊ,bīng liáng,6,3
並,4*,B1,核心詞,ㄅㄧㄥˋ,bìng,1568,485
病情,4*,B1,身體、醫療,ㄅㄧㄥˋ ㄑㄧㄥˊ,bìng qíng,23,20
脖子/脖,4*,B1,身體、醫療,ㄅㄛˊ ˙ㄗ/ㄅㄛˊ,bó zi/bó,50,9
不當,4*,B1,核心詞,ㄅㄨˊ ㄉㄤˋ,bú dàng,24,11
不見得,4*,B1,核心詞,ㄅㄨˊ ㄐㄧㄢˋ ˙ㄉㄜ,bú jiàn de,33,30
不幸,4*,B1,安全,ㄅㄨˊ ㄒㄧㄥˋ,bú xìng,75,30
布,4*,B1,日常起居,ㄅㄨˋ,bù,39,52
不安,4*,B1,核心詞,ㄅㄨˋ ㄢ,bù ān,94,22
部門,4*,B1,職業,ㄅㄨˋ ㄇㄣˊ,bù mén,78,22
不免,4*,B1,核心詞,ㄅㄨˋ ㄇㄧㄢˇ,bù miǎn,30,5
不足,4*,B1,核心詞,ㄅㄨˋ ㄗㄨˊ,bù zú,76,51
採,4*,B1,核心詞,ㄘㄞˇ,cǎi,36,130
採用,4*,B1,核心詞,ㄘㄞˇ ㄩㄥˋ,cǎi yòng,72,30
餐點,4*,B1,餐飲、烹飪,ㄘㄢ ㄉㄧㄢˇ,cān diǎn,6,8
參考,4*,B1,核心詞,ㄘㄢ ㄎㄠˇ,cān kǎo,57,34
藏,4*,B1,核心詞,ㄘㄤˊ,cáng,70,74
操場,4*,B1,教育、學習,ㄘㄠ ㄔㄤˇ,cāo chǎng,7,12
草地,4*,B1,日常起居,ㄘㄠˇ ㄉㄧˋ,cǎo dì,21,10
測驗,4*,B1,教育、學習,ㄘㄜˋ ㄧㄢˋ,cè yàn,54,11
差別,4*,B1,核心詞,ㄔㄚ ㄅㄧㄝˊ,chā bié,42,43
差異,4*,B1,核心詞,ㄔㄚ ㄧˋ,chā yì,87,35
產生,4*,B1,核心詞,ㄔㄢˇ ㄕㄥ,chǎn shēng,313,284
長短,4*,B1,核心詞,ㄔㄤˊ ㄉㄨㄢˇ,cháng duǎn,9,4
嘗試,4*,B1,核心詞,ㄔㄤˊ ㄕˋ,cháng shì,79,60
常識,4*,B1,教育、學習,ㄔㄤˊ ㄕˋ,cháng shì,16,7
稱為,4*,B1,核心詞,ㄔㄥ ㄨㄟˊ,chēng wéi,125,81
成,4*,B1,核心詞,ㄔㄥˊ,chéng,287,219
成果,4*,B1,教育、學習,ㄔㄥˊ ㄍㄨㄛˇ,chéng guǒ,60,52
成就,4*,B1,教育、學習,ㄔㄥˊ ㄐㄧㄡˋ,chéng jiù,103,49
乘客,4*,B1,交通、旅遊,ㄔㄥˊ ㄎㄜˋ,chéng kè,18,14
成立,4*,B1,教育、學習,ㄔㄥˊ ㄌㄧˋ,chéng lì,104,132
成年,4*,B1,個人資料,ㄔㄥˊ ㄋㄧㄢˊ,chéng nián,24,13
成人,4*,B1,身體、醫療,ㄔㄥˊ ㄖㄣˊ,chéng rén,70,11
承認,4*,B1,核心詞,ㄔㄥˊ ㄖㄣˋ,chéng rèn,102,21
持續,4*,B1,核心詞,ㄔˊ ㄒㄩˋ,chí xù,127,150
尺,4*,B1,購物、商店,ㄔˇ,chǐ,31,14
衝1,4*,B1,核心詞,ㄔㄨㄥ,chōng,32,19
充滿,4*,B1,情緒、態度,ㄔㄨㄥ ㄇㄢˇ,chōng mǎn,176,111
衝突,4*,B1,核心詞,ㄔㄨㄥ ㄊㄨˊ,chōng tú,95,109
重2,4*,B1,核心詞,ㄔㄨㄥˊ,chóng,115,151
出版,4*,B1,教育、學習,ㄔㄨ ㄅㄢˇ,chū bǎn,153,27
出產,4*,B1,餐飲、烹飪,ㄔㄨ ㄔㄢˇ,chū chǎn,4,7
初一,4*,B1,文化,ㄔㄨ ㄧ,chū yī,5,3
出院,4*,B1,身體、醫療,ㄔㄨ ㄩㄢˋ,chū yuàn,8,5
初中,4*,B1,個人資料,ㄔㄨ ㄓㄨㄥ,chū zhōng,6,7
除非,4*,B1,核心詞,ㄔㄨˊ ㄈㄟ,chú fēi,65,17
處理,4*,B1,核心詞,ㄔㄨˇ ㄌㄧˇ,chǔ lǐ,241,199
處1,4*,B1,核心詞,ㄔㄨˋ,chù,288,106
傳來,4*,B1,核心詞,ㄔㄨㄢˊ ㄌㄞˊ,chuán lái,58,12
傳說,4*,B1,文化,ㄔㄨㄢˊ ㄕㄨㄛ,chuán shuō,70,34
傳真,4*,B1,職業,ㄔㄨㄢˊ ㄓㄣ,chuán zhēn,5,2
窗口,4*,B1,公共服務,ㄔㄨㄤ ㄎㄡˇ,chuāng kǒu,15,2
創新,4*,B1,職業,ㄔㄨㄤˋ ㄒㄧㄣ,chuàng xīn,132,13
創意,4*,B1,職業,ㄔㄨㄤˋ ㄧˋ,chuàng yì,89,105
創造,4*,B1,核心詞,ㄔㄨㄤˋ ㄗㄠˋ,chuàng zào,136,61
春聯,4*,B1,文化,ㄔㄨㄣ ㄌㄧㄢˊ,chūn lián,1,8
此,4*,B1,核心詞,ㄘˇ,cǐ,899,130
刺激,4*,B1,核心詞,ㄘˋ ㄐㄧ,cì jī,107,50
蔥,4*,B1,,ㄘㄨㄥ,cōng,6,6
從此,4*,B1,核心詞,ㄘㄨㄥˊ ㄘˇ,cóng cǐ,101,43
從事,4*,B1,職業,ㄘㄨㄥˊ ㄕˋ,cóng shì,85,84
存檔,4*,B1,科技,ㄘㄨㄣˊ ㄉㄤˇ,cún dǎng,2,1
達到,4*,B1,交通、旅遊,ㄉㄚˊ ㄉㄠˋ,dá dào,136,138
打扮,4*,B1,日常起居,ㄉㄚˇ ㄅㄢˋ,dǎ bàn,21,9
打包,4*,B1,核心詞,ㄉㄚˇ ㄅㄠ,dǎ bāo,6,10
打架,4*,B1,核心詞,ㄉㄚˇ ㄐㄧㄚˋ,dǎ jià,17,10
打噴嚏,4*,B1,身體、醫療,ㄉㄚˇ ㄆㄣ ㄊㄧˋ,dǎ pēn tì,3,3
打聽,4*,B1,核心詞,ㄉㄚˇ ㄊㄧㄥ,dǎ tīng,19,4
打字,4*,B1,核心詞,ㄉㄚˇ ㄗˋ,dǎ zì,11,5
大方,4*,B1,社交、人際,ㄉㄚˋ ㄈㄤ,dà fāng,14,9
大量,4*,B1,職業,ㄉㄚˋ ㄌㄧㄤˋ,dà liàng,101,151
大名,4*,B1,社交、人際,ㄉㄚˋ ㄇㄧㄥˊ,dà míng,20,1
大約,4*,B1,核心詞,ㄉㄚˋ ㄩㄝ,dà yuē,116,139
待會/待會兒,4*,B1,核心詞,ㄉㄞˋ ㄏㄨㄟˇ/ㄉㄞˋ ㄏㄨㄟˇㄦ,dài huǐr/dài huǐ,6,7
代名詞,4*,B1,教育、學習,ㄉㄞˋ ㄇㄧㄥˊ ㄘˊ,dài míng cí,5,3
單純,4*,B1,核心詞,ㄉㄢ ㄔㄨㄣˊ,dān chún,55,52
當初,4*,B1,核心詞,ㄉㄤ ㄔㄨ,dāng chū,54,138
當地,4*,B1,交通、旅遊,ㄉㄤ ㄉㄧˋ,dāng dì,86,255
當年,4*,B1,核心詞,ㄉㄤ ㄋㄧㄢˊ,dāng nián,102,74
當天,4*,B1,核心詞,ㄉㄤˋ ㄊㄧㄢ,dàng tiān,48,32
到達,4*,B1,交通、旅遊,ㄉㄠˋ ㄉㄚˊ,dào dá,61,43
道德,4*,B1,教育、學習,ㄉㄠˋ ㄉㄜˊ,dào dé,74,15
到底,4*,B1,核心詞,ㄉㄠˋ ㄉㄧˇ,dào dǐ,156,415
道理,4*,B1,核心詞,ㄉㄠˋ ㄌㄧˇ,dào lǐ,100,76
道路,4*,B1,交通、旅遊,ㄉㄠˋ ㄌㄨˋ,dào lù,52,69
倒是,4*,B1,核心詞,ㄉㄠˋ ㄕˋ,dào shì,53,25
等待,4*,B1,核心詞,ㄉㄥˇ ㄉㄞˋ,děng dài,80,48
的確,4*,B1,核心詞,ㄉㄧˊ ㄑㄩㄝˋ,dí què,133,74
地板,4*,B1,日常起居,ㄉㄧˋ ㄅㄢˇ,dì bǎn,48,19
地理,4*,B1,教育、學習,ㄉㄧˋ ㄌㄧˇ,dì lǐ,27,48
弟妹,4*,B1,核心詞,ㄉㄧˋ ㄇㄟˋ,dì mèi,6,2
地下室,4*,B1,日常起居,ㄉㄧˋ ㄒㄧㄚˋ ㄕˋ,dì xià shì,13,5
點頭,4*,B1,核心詞,ㄉㄧㄢˇ ㄊㄡˊ,diǎn tóu,55,4
典型,4*,B1,核心詞,ㄉㄧㄢˇ ㄒㄧㄥˊ,diǎn xíng,52,22
電器,4*,B1,日常起居,ㄉㄧㄢˋ ㄑㄧˋ,diàn qì,16,15
電視劇,4*,B1,休閒、娛樂,ㄉㄧㄢˋ ㄕˋ ㄐㄩˋ,diàn shì jù,6,2
電視台/電視臺,4*,B1,休閒、娛樂,ㄉㄧㄢˋ ㄕˋ ㄊㄞˊ,diàn shì tái,13,28
調查,4*,B1,教育、學習,ㄉㄧㄠˋ ㄔㄚˊ,diào chá,99,164
釣魚,4*,B1,休閒、娛樂,ㄉㄧㄠˋ ㄩˊ,diào yú,13,7
訂購,4*,B1,購物、商店,ㄉㄧㄥˋ ㄍㄡˋ,dìng gòu,6,5
訂婚,4*,B1,社交、人際,ㄉㄧㄥˋ ㄏㄨㄣ,dìng hūn,9,3
毒,4*,B1,安全,ㄉㄨˊ,dú,41,79
讀者,4*,B1,教育、學習,ㄉㄨˊ ㄓㄜˇ,dú zhě,145,23
度過/渡過,4*,B1,交通、旅遊,ㄉㄨˋ ㄍㄨㄛˋ,dù guò,49,42
度假,4*,B1,交通、旅遊,ㄉㄨˋ ㄐㄧㄚˋ,dù jià,18,11
端,4*,B1,核心詞,ㄉㄨㄢ,duān,61,42
對待,4*,B1,核心詞,ㄉㄨㄟˋ ㄉㄞˋ,duì dài,49,37
對手,4*,B1,休閒、娛樂,ㄉㄨㄟˋ ㄕㄡˇ,duì shǒu,55,11
發表,4*,B1,教育、學習,ㄈㄚ ㄅㄧㄠˇ,fā biǎo,92,39
發財,4*,B1,核心詞,ㄈㄚ ㄘㄞˊ,fā cái,7,5
發出,4*,B1,日常起居,ㄈㄚ ㄔㄨ,fā chū,115,30
發炎,4*,B1,身體、醫療,ㄈㄚ ㄧㄢˊ,fā yán,18,19
髮型,4*,B1,日常起居,ㄈㄚˇ ㄒㄧㄥˊ,fǎ xíng,8,3
反,4*,B1,社會,ㄈㄢˇ,fǎn,107,94
反正,4*,B1,核心詞,ㄈㄢˇ ㄓㄥˋ,fǎn zhèng,51,81
犯,4*,B1,安全,ㄈㄢˋ,fàn,58,20
範圍,4*,B1,教育、學習,ㄈㄢˋ ㄨㄟˊ,fàn wéi,83,90
犯罪,4*,B1,安全,ㄈㄢˋ ㄗㄨㄟˋ,fàn zuì,47,14
方式,4*,B1,教育、學習,ㄈㄤ ㄕˋ,fāng shì,495,470
方形,4*,B1,核心詞,ㄈㄤ ㄒㄧㄥˊ,fāng xíng,4,2
放鬆,4*,B1,核心詞,ㄈㄤˋ ㄙㄨㄥ,fàng sōng,56,34
放學,4*,B1,教育、學習,ㄈㄤˋ ㄒㄩㄝˊ,fàng xué,13,29
肥胖,4*,B1,身體、醫療,ㄈㄟˊ ㄆㄤˋ,féi pàng,12,27
費,4*,B1,核心詞,ㄈㄟˋ,fèi,23,12
分別,4*,B1,核心詞,ㄈㄣ ㄅㄧㄝˊ,fēn bié,79,44
分手,4*,B1,社交、人際,ㄈㄣ ㄕㄡˇ,fēn shǒu,19,1
粉,4*,B1,餐飲、烹飪,ㄈㄣˇ,fěn,11,53
粉紅,4*,B1,核心詞,ㄈㄣˇ ㄏㄨㄥˊ,fěn hóng,9,3
瘋,4*,B1,核心詞,ㄈㄥ,fēng,29,7
否則,4*,B1,核心詞,ㄈㄡˇ ㄗㄜˊ,fǒu zé,102,32
夫婦,4*,B1,個人資料,ㄈㄨ ㄈㄨˋ,fū fù,58,22
幅,4*,B1,核心詞,ㄈㄨˊ,fú,57,39
服裝,4*,B1,購物、商店,ㄈㄨˊ ㄓㄨㄤ,fú zhuāng,26,16
付出,4*,B1,核心詞,ㄈㄨˋ ㄔㄨ,fù chū,54,121
負責,4*,B1,職業,ㄈㄨˋ ㄗㄜˊ,fù zé,143,95
改善,4*,B1,日常起居,ㄍㄞˇ ㄕㄢˋ,gǎi shàn,104,105
趕,4*,B1,核心詞,ㄍㄢˇ,gǎn,31,23
趕緊,4*,B1,核心詞,ㄍㄢˇ ㄐㄧㄣˇ,gǎn jǐn,46,31
高大,4*,B1,核心詞,ㄍㄠ ㄉㄚˋ,gāo dà,24,6
高速,4*,B1,交通、旅遊,ㄍㄠ ㄙㄨˋ,gāo sù,22,25
歌唱,4*,B1,休閒、娛樂,ㄍㄜ ㄔㄤˋ,gē chàng,14,10
歌詞,4*,B1,核心詞,ㄍㄜ ㄘˊ,gē cí,11,17
隔壁,4*,B1,日常起居,ㄍㄜˊ ㄅㄧˋ,gé bì,24,23
格子,4*,B1,日常起居,ㄍㄜˊ ˙ㄗ,gé zi,6,2
個子,4*,B1,身體、醫療,ㄍㄜˋ ˙ㄗ,gè zi,22,5
各自,4*,B1,核心詞,ㄍㄜˋ ㄗˋ,gè zì,56,25
根本,4*,B1,核心詞,ㄍㄣ ㄅㄣˇ,gēn běn,262,167
根據/據,4*,B1,核心詞,ㄍㄣ ㄐㄩˋ/ㄐㄩˋ,gēn jù/jù,260,230
工程師,4*,B1,職業,ㄍㄨㄥ ㄔㄥˊ ㄕ,gōng chéng shī,32,16
功夫,4*,B1,文化,ㄍㄨㄥ ㄈㄨ,gōng fū,33,16
公開,4*,B1,教育、學習,ㄍㄨㄥ ㄎㄞ,gōng kāi,67,27
購物,4*,B1,購物、商店,ㄍㄡˋ ㄨˋ,gòu wù,21,17
古代,4*,B1,教育、學習,ㄍㄨˇ ㄉㄞˋ,gǔ dài,45,35
固定,4*,B1,核心詞,ㄍㄨˋ ㄉㄧㄥˋ,gù dìng,58,75
故鄉,4*,B1,個人資料,ㄍㄨˋ ㄒㄧㄤ,gù xiāng,26,32
颳,4*,B1,核心詞,ㄍㄨㄚ,guā,6,2
掛號,4*,B1,身體、醫療,ㄍㄨㄚˋ ㄏㄠˋ,guà hào,2,2
怪不得,4*,B1,核心詞,ㄍㄨㄞˋ ㄅㄨˋ ˙ㄉㄜ,guài bù de,4,4
關於,4*,B1,核心詞,ㄍㄨㄢ ㄩˊ,guān yú,162,40
官員,4*,B1,社會,ㄍㄨㄢ ㄩㄢˊ,guān yuán,112,27
管理,4*,B1,職業,ㄍㄨㄢˇ ㄌㄧˇ,guǎn lǐ,235,115
光線,4*,B1,日常起居,ㄍㄨㄤ ㄒㄧㄢˋ,guāng xiàn,33,21
規模,4*,B1,職業,ㄍㄨㄟ ㄇㄛˊ,guī mó,58,78
鬼,4*,B1,文化,ㄍㄨㄟˇ,guǐ,71,18
國語,4*,B1,教育、學習,ㄍㄨㄛˊ ㄩˇ,guó yǔ,11,18
果然,4*,B1,核心詞,ㄍㄨㄛˇ ㄖㄢˊ,guǒ rán,77,23
過分/過份,4*,B1,核心詞,ㄍㄨㄛˋ ㄈㄣˋ,guò fèn,33,11
過敏,4*,B1,身體、醫療,ㄍㄨㄛˋ ㄇㄧㄣˇ,guò mǐn,15,41
過夜,4*,B1,核心詞,ㄍㄨㄛˋ ㄧㄝˋ,guò yè,13,1
哈欠,4*,B1,身體、醫療,ㄏㄚ ㄑㄧㄢˋ,hā qiàn,4,3
海報,4*,B1,購物、商店,ㄏㄞˇ ㄅㄠˋ,hǎi bào,9,9
海灘,4*,B1,休閒、娛樂,ㄏㄞˇ ㄊㄢ,hǎi tān,13,11
汗水,4*,B1,身體、醫療,ㄏㄢˋ ㄕㄨㄟˇ,hàn shuǐ,10,11
好運,4*,B1,核心詞,ㄏㄠˇ ㄩㄣˋ,hǎo yùn,10,3
好動,4*,B1,個人資料,ㄏㄠˋ ㄉㄨㄥˋ,hào dòng,6,5
好學,4*,B1,教育、學習,ㄏㄠˋ ㄒㄩㄝˊ,hào xué,5,2
喝醉,4*,B1,身體、醫療,ㄏㄜ ㄗㄨㄟˋ,hē zuì,8,1
合理,4*,B1,核心詞,ㄏㄜˊ ㄌㄧˇ,hé lǐ,62,17
合約,4*,B1,日常起居,ㄏㄜˊ ㄩㄝ,hé yuē,17,6
黑暗,4*,B1,自然環境,ㄏㄟ ㄢˋ,hēi àn,60,22
恨,4*,B1,核心詞,ㄏㄣˋ,hèn,56,14
後果,4*,B1,核心詞,ㄏㄡˋ ㄍㄨㄛˇ,hòu guǒ,51,23
忽略,4*,B1,核心詞,ㄏㄨ ㄌㄩㄝˋ,hū lüè,55,22
湖,4*,B1,交通、旅遊,ㄏㄨˊ,hú,40,33
鬍子/鬍,4*,B1,身體、醫療,ㄏㄨˊ ˙ㄗ/ㄏㄨˊ,hú zi/hú,30,5
互動,4*,B1,核心詞,ㄏㄨˋ ㄉㄨㄥˋ,hù dòng,85,102
戶外,4*,B1,休閒、娛樂,ㄏㄨˋ ㄨㄞˋ,hù wài,18,32
花費,4*,B1,核心詞,ㄏㄨㄚ ㄈㄟˋ,huā fèi,22,18
花生,4*,B1,餐飲、烹飪,ㄏㄨㄚ ㄕㄥ,huā shēng,9,21
畫面,4*,B1,休閒、娛樂,ㄏㄨㄚˋ ㄇㄧㄢˋ,huà miàn,41,83
懷疑,4*,B1,核心詞,ㄏㄨㄞˊ ㄧˊ,huái yí,122,36
回頭,4*,B1,核心詞,ㄏㄨㄟˊ ㄊㄡˊ,huí tóu,58,22
回想,4*,B1,核心詞,ㄏㄨㄟˊ ㄒㄧㄤˇ,huí xiǎng,33,16
婚姻,4*,B1,個人資料,ㄏㄨㄣ ㄧㄣ,hūn yīn,104,33
活力,4*,B1,個人資料,ㄏㄨㄛˊ ㄌㄧˋ,huó lì,47,21
貨,4*,B1,購物、商店,ㄏㄨㄛˋ,huò,25,23
基礎,4*,B1,職業,ㄐㄧ ㄔㄨˇ,jī chǔ,139,66
積極,4*,B1,個人資料,ㄐㄧ ㄐㄧˊ,jī jí,91,84
及格,4*,B1,教育、學習,ㄐㄧˊ ㄍㄜˊ,jí gé,7,6
急忙,4*,B1,核心詞,ㄐㄧˊ ㄇㄤˊ,jí máng,40,1
即使,4*,B1,核心詞,ㄐㄧˊ ㄕˇ,jí shǐ,265,101
吉他,4*,B1,休閒、娛樂,ㄐㄧˊ ㄊㄚ,jí tā,10,2
急診,4*,B1,身體、醫療,ㄐㄧˊ ㄓㄣˇ,jí zhěn,4,8
集中,4*,B1,核心詞,ㄐㄧˊ ㄓㄨㄥ,jí zhōng,67,43
技巧,4*,B1,教育、學習,ㄐㄧˋ ㄑㄧㄠˇ,jì qiǎo,84,26
既然,4*,B1,核心詞,ㄐㄧˋ ㄖㄢˊ,jì rán,107,81
記憶,4*,B1,文化,ㄐㄧˋ ㄧˋ,jì yì,169,93
家電,4*,B1,日常起居,ㄐㄧㄚ ㄉㄧㄢˋ,jiā diàn,8,5
家教,4*,B1,職業,ㄐㄧㄚ ㄐㄧㄠˋ,jiā jiào,9,6
加強,4*,B1,核心詞,ㄐㄧㄚ ㄑㄧㄤˊ,jiā qiáng,44,46
假如,4*,B1,核心詞,ㄐㄧㄚˇ ㄖㄨˊ,jiǎ rú,123,89
假裝,4*,B1,核心詞,ㄐㄧㄚˇ ㄓㄨㄤ,jiǎ zhuāng,36,8
嫁,4*,B1,個人資料,ㄐㄧㄚˋ,jià,29,25
價值,4*,B1,購物、商店,ㄐㄧㄚˋ ㄓˊ,jià zhí,190,137
煎,4*,B1,餐飲、烹飪,ㄐㄧㄢ,jiān,13,16
尖,4*,B1,核心詞,ㄐㄧㄢ,jiān,19,10
減肥,4*,B1,身體、醫療,ㄐㄧㄢˇ ㄈㄟˊ,jiǎn féi,11,10
簡直,4*,B1,核心詞,ㄐㄧㄢˇ ㄓˊ,jiǎn zhí,92,16
漸漸/漸,4*,B1,核心詞,ㄐㄧㄢˋ ㄐㄧㄢˋ/ㄐㄧㄢˋ,jiàn jiàn/jiàn,119,57
建築,4*,B1,日常起居,ㄐㄧㄢˋ ㄓㄨˊ,jiàn zhú,74,128
江,4*,B1,核心詞,ㄐㄧㄤ,jiāng,65,30
將近,4*,B1,核心詞,ㄐㄧㄤ ㄐㄧㄣˋ,jiāng jìn,33,126
降低,4*,B1,核心詞,ㄐㄧㄤˋ ㄉㄧ,jiàng dī,64,101
膠帶,4*,B1,購物、商店,ㄐㄧㄠ ㄉㄞˋ,jiāo dài,6,17
交流,4*,B1,社交、人際,ㄐㄧㄠ ㄌㄧㄡˊ,jiāo liú,33,43
郊外,4*,B1,日常起居,ㄐㄧㄠ ㄨㄞˋ,jiāo wài,7,4
腳步,4*,B1,核心詞,ㄐㄧㄠˇ ㄅㄨˋ,jiǎo bù,48,50
叫醒,4*,B1,日常起居,ㄐㄧㄠˋ ㄒㄧㄥˇ,jiào xǐng,7,3
接觸,4*,B1,社交、人際,ㄐㄧㄝ ㄔㄨˋ,jiē chù,88,124
街道,4*,B1,交通、旅遊,ㄐㄧㄝ ㄉㄠˋ,jiē dào,25,18
階段,4*,B1,核心詞,ㄐㄧㄝ ㄉㄨㄢˋ,jiē duàn,131,87
接近,4*,B1,核心詞,ㄐㄧㄝ ㄐㄧㄣˋ,jiē jìn,88,65
結合,4*,B1,核心詞,ㄐㄧㄝˊ ㄏㄜˊ,jié hé,78,102
結論,4*,B1,教育、學習,ㄐㄧㄝˊ ㄌㄨㄣˋ,jié lùn,58,13
節慶,4*,B1,社交、人際,ㄐㄧㄝˊ ㄑㄧㄥˋ,jié qìng,5,11
斤,4*,B1,核心詞,ㄐㄧㄣ,jīn,24,59
今後,4*,B1,核心詞,ㄐㄧㄣ ㄏㄡˋ,jīn hòu,23,4
金錢,4*,B1,購物、商店,ㄐㄧㄣ ㄑㄧㄢˊ,jīn qián,49,29
今日,4*,B1,核心詞,ㄐㄧㄣ ㄖˋ,jīn rì,81,20
進一步,4*,B1,核心詞,ㄐㄧㄣˋ ㄧˊ ㄅㄨˋ,jìn yí bù,83,49
經理,4*,B1,職業,ㄐㄧㄥ ㄌㄧˇ,jīng lǐ,47,9
驚訝,4*,B1,情緒、態度,ㄐㄧㄥ ㄧㄚˋ,jīng yà,76,34
景色,4*,B1,交通、旅遊,ㄐㄧㄥˇ ㄙㄜˋ,jǐng sè,13,12
靜,4*,B1,核心詞,ㄐㄧㄥˋ,jìng,28,25
竟然/竟,4*,B1,核心詞,ㄐㄧㄥˋ ㄖㄢˊ/ㄐㄧㄥˋ,jìng rán/jìng,284,129
酒吧,4*,B1,餐飲、烹飪,ㄐㄧㄡˇ ㄅㄚ,jiǔ bā,19,1
救護車,4*,B1,身體、醫療,ㄐㄧㄡˋ ㄏㄨˋ ㄔㄜ,jiù hù chē,5,7
舅舅/舅,4*,B1,個人資料,ㄐㄧㄡˋ ˙ㄐㄧㄡ/ㄐㄧㄡˋ,jiù jiu/jiù,20,4
舅媽,4*,B1,個人資料,ㄐㄧㄡˋ ㄇㄚ,jiù mā,3,1
就算,4*,B1,核心詞,ㄐㄧㄡˋ ㄙㄨㄢˋ,jiù suàn,108,88
居民,4*,B1,交通、旅遊,ㄐㄩ ㄇㄧㄣˊ,jū mín,50,143
居然,4*,B1,核心詞,ㄐㄩ ㄖㄢˊ,jū rán,64,43
舉例,4*,B1,核心詞,ㄐㄩˇ ㄌㄧˋ,jǔ lì,26,10
舉手,4*,B1,教育、學習,ㄐㄩˇ ㄕㄡˇ,jǔ shǒu,8,16
聚,4*,B1,社交、人際,ㄐㄩˋ,jù,26,27
聚餐,4*,B1,社交、人際,ㄐㄩˋ ㄘㄢ,jù cān,3,4
據說,4*,B1,核心詞,ㄐㄩˋ ㄕㄨㄛ,jù shuō,67,16
具體,4*,B1,核心詞,ㄐㄩˋ ㄊㄧˇ,jù tǐ,65,25
絕對,4*,B1,核心詞,ㄐㄩㄝˊ ㄉㄨㄟˋ,jué duì,170,127
角色,4*,B1,休閒、娛樂,ㄐㄩㄝˊ ㄙㄜˋ/ㄐㄧㄠˇ ㄙㄜˋ,jué sè /jiǎo sè,201,100
決心,4*,B1,核心詞,ㄐㄩㄝˊ ㄒㄧㄣ,jué xīn,57,39
軍隊,4*,B1,社會,ㄐㄩㄣ ㄉㄨㄟˋ,jūn duì,82,28
卡車,4*,B1,交通、旅遊,ㄎㄚˇ ㄔㄜ,kǎ chē,23,14
開動,4*,B1,餐飲、烹飪,ㄎㄞ ㄉㄨㄥˋ,kāi dòng,4,6
開花,4*,B1,核心詞,ㄎㄞ ㄏㄨㄚ,kāi huā,13,29
開水,4*,B1,餐飲、烹飪,ㄎㄞ ㄕㄨㄟˇ,kāi shuǐ,8,7
砍,4*,B1,自然環境,ㄎㄢˇ,kǎn,33,38
看不起,4*,B1,核心詞,ㄎㄢˋ  ㄅㄨˋ ㄑㄧˇ,kàn bù qǐ,9,5
看得起,4*,B1,核心詞,ㄎㄢˋ ˙ㄉㄜ ㄑㄧˇ,kàn de qǐ,2,1
看來,4*,B1,核心詞,ㄎㄢˋ ㄌㄞˊ,kàn lái,88,44
科系,4*,B1,教育、學習,ㄎㄜ ㄒㄧˋ,kē xì,7,7
可靠,4*,B1,核心詞,ㄎㄜˇ ㄎㄠˋ,kě kào,28,4
可笑,4*,B1,核心詞,ㄎㄜˇ ㄒㄧㄠˋ,kě xiào,21,0
客戶,4*,B1,購物、商店,ㄎㄜˋ ㄏㄨˋ,kè hù,86,30
課堂,4*,B1,教育、學習,ㄎㄜˋ ㄊㄤˊ,kè táng,24,16
客運,4*,B1,交通、旅遊,ㄎㄜˋ ㄩㄣˋ,kè yùn,3,2
肯,4*,B1,核心詞,ㄎㄣˇ,kěn,103,23
肯定,4*,B1,核心詞,ㄎㄣˇ ㄉㄧㄥˋ,kěn dìng,134,69
空中,4*,B1,自然環境,ㄎㄨㄥ ㄓㄨㄥ,kōng zhōng,36,28
口水,4*,B1,身體、醫療,ㄎㄡˇ ㄕㄨㄟˇ,kǒu shuǐ,15,6
扣子,4*,B1,購物、商店,ㄎㄡˋ ˙ㄗ,kòu zi,2,0
款式,4*,B1,核心詞,ㄎㄨㄢˇ ㄕˋ,kuǎn shì,6,4
拉鍊,4*,B1,購物、商店,ㄌㄚ ㄌㄧㄢˋ,lā liàn,2,0
來回,4*,B1,核心詞,ㄌㄞˊ ㄏㄨㄟˊ,lái huí,21,15
來源,4*,B1,核心詞,ㄌㄞˊ ㄩㄢˊ,lái yuán,59,71
懶得,4*,B1,核心詞,ㄌㄢˇ ˙ㄉㄜ,lǎn de,9,3
浪漫,4*,B1,休閒、娛樂,ㄌㄤˋ ㄇㄢˋ,làng màn,31,29
老年,4*,B1,社會,ㄌㄠˇ ㄋㄧㄢˊ,lǎo nián,15,8
樂觀,4*,B1,核心詞,ㄌㄜˋ ㄍㄨㄢ,lè guān,58,42
樂趣,4*,B1,核心詞,ㄌㄜˋ ㄑㄩˋ,lè qù,45,35
類型,4*,B1,核心詞,ㄌㄟˋ ㄒㄧㄥˊ,lèi xíng,68,17
冷門,4*,B1,購物、商店,ㄌㄥˇ ㄇㄣˊ,lěng mén,2,0
離婚,4*,B1,個人資料,ㄌㄧˊ ㄏㄨㄣ,lí hūn,44,22
理髮,4*,B1,日常起居,ㄌㄧˇ ㄈㄚˇ,lǐ fǎ,3,2
理想,4*,B1,個人資料,ㄌㄧˇ ㄒㄧㄤˇ,lǐ xiǎng,100,59
力氣,4*,B1,身體、醫療,ㄌㄧˋ ㄑㄧˋ,lì qì,38,25
例外,4*,B1,核心詞,ㄌㄧˋ ㄨㄞˋ,lì wài,34,5
連續,4*,B1,核心詞,ㄌㄧㄢˊ ㄒㄩˋ,lián xù,49,51
臉紅,4*,B1,情緒、態度,ㄌㄧㄢˇ ㄏㄨㄥˊ,liǎn hóng,9,1
戀愛,4*,B1,社交、人際,ㄌㄧㄢˋ ㄞˋ,liàn ài,20,9
良好,4*,B1,核心詞,ㄌㄧㄤˊ ㄏㄠˇ,liáng hǎo,74,32
了不起,4*,B1,社交、人際,ㄌㄧㄠˇ ㄅㄨˋ ㄑㄧˇ,liǎo bù qǐ,31,25
林,4*,B1,核心詞,ㄌㄧㄣˊ,lín,40,98
淋浴,4*,B1,日常起居,ㄌㄧㄣˊ ㄩˋ,lín yù,4,1
零食,4*,B1,餐飲、烹飪,ㄌㄧㄥˊ ㄕˊ,líng shí,5,14
留念,4*,B1,休閒、娛樂,ㄌㄧㄡˊ ㄋㄧㄢˋ,liú niàn,2,2
露營,4*,B1,休閒、娛樂,ㄌㄨˋ ㄧㄥˊ,lù yíng,5,3
論文,4*,B1,教育、學習,ㄌㄨㄣˋ ㄨㄣˊ,lùn wén,63,8
買單,4*,B1,核心詞,ㄇㄞˇ ㄉㄢ,mǎi dān,2,1
麥,4*,B1,餐飲、烹飪,ㄇㄞˋ,mài,10,17
賣座,4*,B1,休閒、娛樂,ㄇㄞˋ ㄗㄨㄛˋ,mài zuò,2,0
毛病,4*,B1,身體、醫療,ㄇㄠˊ ㄅㄧㄥˋ,máo bìng,37,9
貿易,4*,B1,職業,ㄇㄠˋ ㄧˋ,mào yì,47,35
美好,4*,B1,核心詞,ㄇㄟˇ ㄏㄠˇ,měi hǎo,68,46
美容院,4*,B1,日常起居,ㄇㄟˇ ㄖㄨㄥˊ ㄩㄢˋ,měi róng yuàn,2,2
美味,4*,B1,餐飲、烹飪,ㄇㄟˇ ㄨㄟˋ,měi wèi,18,29
門市,4*,B1,購物、商店,ㄇㄣˊ ㄕˋ,mén shì,3,2
迷人,4*,B1,核心詞,ㄇㄧˊ ㄖㄣˊ,mí rén,25,7
米飯,4*,B1,餐飲、烹飪,ㄇㄧˇ ㄈㄢˋ,mǐ fàn,6,10
米粉,4*,B1,餐飲、烹飪,ㄇㄧˇ ㄈㄣˇ,mǐ fěn,3,5
面,4*,B1,核心詞,ㄇㄧㄢˋ,miàn,142,113
面對,4*,B1,核心詞,ㄇㄧㄢˋ ㄉㄨㄟˋ,miàn duì,264,238
麵粉,4*,B1,餐飲、烹飪,ㄇㄧㄢˋ ㄈㄣˇ,miàn fěn,9,21
面談,4*,B1,職業,ㄇㄧㄢˋ ㄊㄢˊ,miàn tán,9,2
秒鐘,4*,B1,核心詞,ㄇㄧㄠˇㄓㄨㄥ,miǎozhōng,21,17
民間,4*,B1,社會,ㄇㄧㄣˊ ㄐㄧㄢ,mín jiān,63,46
民宿,4*,B1,交通、旅遊,ㄇㄧㄣˊ ㄙㄨˋ,mín sù,4,15
民眾,4*,B1,社會,ㄇㄧㄣˊ ㄓㄨㄥˋ,mín zhòng,59,327
民族,4*,B1,教育、學習,ㄇㄧㄣˊ ㄗㄨˊ,mín zú,99,69
名稱,4*,B1,核心詞,ㄇㄧㄥˊ ㄔㄥ,míng chēng,46,22
名叫,4*,B1,個人資料,ㄇㄧㄥˊ ㄐㄧㄠˋ,míng jiào,48,6
名牌,4*,B1,購物、商店,ㄇㄧㄥˊ ㄆㄞˊ,míng pái,9,8
明星,4*,B1,休閒、娛樂,ㄇㄧㄥˊ ㄒㄧㄥ,míng xīng,30,17
命令,4*,B1,核心詞,ㄇㄧㄥˋ ㄌㄧㄥˋ,mìng lìng,86,9
命運,4*,B1,核心詞,ㄇㄧㄥˋ ㄩㄣˋ,mìng yùn,70,44
末,4*,B1,核心詞,ㄇㄛˋ,mò,50,19
木,4*,B1,核心詞,ㄇㄨˋ,mù,36,40
目的地,4*,B1,交通、旅遊,ㄇㄨˋ ㄉㄧˋ ㄉㄧˋ,mù dì dì,13,12
木頭,4*,B1,日常起居,ㄇㄨˋ ˙ㄊㄡ,mù tou,23,37
拿手,4*,B1,核心詞,ㄋㄚˊ ㄕㄡˇ,ná shǒu,6,4
耐心,4*,B1,職業,ㄋㄞˋ ㄒㄧㄣ,nài xīn,39,31
難道,4*,B1,核心詞,ㄋㄢˊ ㄉㄠˋ,nán dào,90,45
難得,4*,B1,核心詞,ㄋㄢˊ ㄉㄜˊ,nán dé,32,49
難怪,4*,B1,核心詞,ㄋㄢˊ ㄍㄨㄞˋ,nán guài,30,34
男士,4*,B1,核心詞,ㄋㄢˊ ㄕˋ,nán shì,16,3
難忘,4*,B1,情緒、態度,ㄋㄢˊ ㄨㄤˋ,nán wàng,15,11
男子,4*,B1,核心詞,ㄋㄢˊ ㄗˇ,nán zǐ,52,12
腦袋,4*,B1,身體、醫療,ㄋㄠˇ ㄉㄞˋ,nǎo dài,48,16
內褲,4*,B1,購物、商店,ㄋㄟˋㄎㄨˋ,nèi kù,5,2
內心,4*,B1,核心詞,ㄋㄟˋ ㄒㄧㄣ,nèi xīn,113,62
內衣,4*,B1,購物、商店,ㄋㄟˋ ㄧ,nèi yī,6,2
膩,4*,B1,餐飲、烹飪,ㄋㄧˋ,nì,7,8
年代,4*,B1,核心詞,ㄋㄧㄢˊ ㄉㄞˋ,nián dài,50,83
年糕,4*,B1,餐飲、烹飪,ㄋㄧㄢˊ ㄍㄠ,nián gāo,2,6
寧可,4*,B1,核心詞,ㄋㄧㄥˊ ㄎㄜˇ,níng kě,23,6
檸檬,4*,B1,餐飲、烹飪,ㄋㄧㄥˊ ㄇㄥˊ,níng méng,7,12
寧願,4*,B1,核心詞,ㄋㄧㄥˊ ㄩㄢˋ,níng yuàn,18,10
農藥,4*,B1,自然環境,ㄋㄨㄥˊ ㄧㄠˋ,nóng yào,4,162
弄錯,4*,B1,核心詞,ㄋㄨㄥˋ ㄘㄨㄛˋ,nòng cuò,7,2
暖和,4*,B1,交通、旅遊,ㄋㄨㄢˇ ˙ㄏㄨㄛ,nuǎn huo,7,4
女士,4*,B1,核心詞,ㄋㄩˇ ㄕˋ,nǚ shì,82,19
女子,4*,B1,核心詞,ㄋㄩˇ ㄗˇ,nǚ zǐ,82,14
偶爾/偶而,4*,B1,核心詞,ㄡˇ ㄦˇ/ㄡˇ ㄦˊ,ǒu ěr/ǒu ér,73,38
拍手,4*,B1,核心詞,ㄆㄞ ㄕㄡˇ,pāi shǒu,7,7
排球,4*,B1,休閒、娛樂,ㄆㄞˊ ㄑㄧㄡˊ,pái qiú,2,1
配合,4*,B1,核心詞,ㄆㄟˋ ㄏㄜˊ,pèi hé,66,73
碰面,4*,B1,社交、人際,ㄆㄥˋ ㄇㄧㄢˋ,pèng miàn,12,4
匹1,4*,B1,核心詞,ㄆㄧ,pī,42,12
批評,4*,B1,核心詞,ㄆㄧ ㄆㄧㄥˊ,pī píng,86,25
皮帶,4*,B1,日常起居,ㄆㄧˊ ㄉㄞˋ,pí dài,8,6
脾氣,4*,B1,個人資料,ㄆㄧˊ ㄑㄧˋ,pí qì,35,22
騙人,4*,B1,安全,ㄆㄧㄢˋ ㄖㄣˊ,piàn rén,6,6
騙子,4*,B1,安全,ㄆㄧㄢˋ ˙ㄗ,piàn zi,9,3
品牌,4*,B1,購物、商店,ㄆㄧㄣˇ ㄆㄞˊ,pǐn pái,104,29
乒乓球,4*,B1,休閒、娛樂,ㄆㄧㄥ ㄆㄤ ㄑㄧㄡˊ,pīng pāng qiú,2,2
平,4*,B1,核心詞,ㄆㄧㄥˊ,píng,18,48
平靜,4*,B1,核心詞,ㄆㄧㄥˊ ㄐㄧㄥˋ,píng jìng,53,30
婆婆,4*,B1,個人資料,ㄆㄛˊ ˙ㄆㄛ,pó po,34,46
妻子/妻,4*,B1,個人資料,ㄑㄧ ˙ㄗ / ㄑㄧ,qī zi / qī,196,29
期待,4*,B1,核心詞,ㄑㄧˊ ㄉㄞˋ,qí dài,92,110
期間,4*,B1,核心詞,ㄑㄧˊ ㄐㄧㄢ,qí jiān,110,72
期望,4*,B1,核心詞,ㄑㄧˊ ㄨㄤˋ,qí wàng,51,36
旗子,4*,B1,日常起居,ㄑㄧˊ ˙ㄗ,qí zi,3,5
氣氛,4*,B1,核心詞,ㄑㄧˋ ㄈㄣ,qì fēn,61,48
氣功,4*,B1,文化,ㄑㄧˋ ㄍㄨㄥ,qì gōng,6,3
氣象,4*,B1,交通、旅遊,ㄑㄧˋ ㄒㄧㄤˋ,qì xiàng,10,63
企業,4*,B1,職業,ㄑㄧˋ ㄧㄝˋ,qì yè,310,61
千萬,4*,B1,核心詞,ㄑㄧㄢ ㄨㄢˋ,qiān wàn,59,48
前進,4*,B1,核心詞,ㄑㄧㄢˊ ㄐㄧㄣˋ,qián jìn,62,32
強大,4*,B1,核心詞,ㄑㄧㄤˊ ㄉㄚˋ,qiáng dà,52,24
敲,4*,B1,核心詞,ㄑㄧㄠ,qiāo,34,18
親愛,4*,B1,核心詞,ㄑㄧㄣ ㄞˋ,qīn ài,44,11
親密,4*,B1,社交、人際,ㄑㄧㄣ ㄇㄧˋ,qīn mì,46,10
親人,4*,B1,個人資料,ㄑㄧㄣ ㄖㄣˊ,qīn rén,23,34
清,4*,B1,核心詞,ㄑㄧㄥ,qīng,114,56
輕便,4*,B1,,ㄑㄧㄥ ㄅㄧㄢˋ,qīng biàn,3,2
青年,4*,B1,社會,ㄑㄧㄥ ㄋㄧㄢˊ,qīng nián,77,68
清早,4*,B1,核心詞,ㄑㄧㄥ ㄗㄠˇ,qīng zǎo,5,2
請教,4*,B1,核心詞,ㄑㄧㄥˇ ㄐㄧㄠˋ,qǐng jiào,23,70
求,4*,B1,核心詞,ㄑㄧㄡˊ,qiú,110,79
區域,4*,B1,日常起居,ㄑㄩ ㄩˋ,qū yù,57,96
取,4*,B1,核心詞,ㄑㄩˇ,qǔ,84,68
勸,4*,B1,核心詞,ㄑㄩㄢˋ,quàn,45,13
缺點,4*,B1,核心詞,ㄑㄩㄝ ㄉㄧㄢˇ,quē diǎn,40,19
熱量,4*,B1,餐飲、烹飪,ㄖㄜˋ ㄌㄧㄤˋ,rè liàng,11,31
人家1,4*,B1,日常起居,ㄖㄣˊ ㄐㄧㄚ,rén jiā,110,436
人類,4*,B1,核心詞,ㄖㄣˊ ㄌㄟˋ,rén lèi,292,279
人們,4*,B1,核心詞,ㄖㄣˊ ˙ㄇㄣ,rén men,311,70
人民,4*,B1,個人資料,ㄖㄣˊ ㄇㄧㄣˊ,rén mín,114,126
人生,4*,B1,核心詞,ㄖㄣˊ ㄕㄥ,rén shēng,261,271
忍,4*,B1,核心詞,ㄖㄣˇ,rěn,25,21
認得,4*,B1,核心詞,ㄖㄣˋ ˙ㄉㄜ,rèn de,20,7
任何,4*,B1,核心詞,ㄖㄣˋ ㄏㄜˊ,rèn hé,510,214
任務,4*,B1,核心詞,ㄖㄣˋ ㄨˋ,rèn wù,90,92
扔,4*,B1,核心詞,ㄖㄥ,rēng,14,4
日常,4*,B1,核心詞,ㄖˋ ㄔㄤˊ,rì cháng,79,53
日出,4*,B1,核心詞,ㄖˋ ㄔㄨ,rì chū,7,7
肉類,4*,B1,餐飲、烹飪,ㄖㄡˋㄌㄟˋ,ròu lèi,5,8
如今,4*,B1,核心詞,ㄖㄨˊ ㄐㄧㄣ,rú jīn,121,77
入,4*,B1,核心詞,ㄖㄨˋ,rù,106,119
入境,4*,B1,交通、旅遊,ㄖㄨˋ ㄐㄧㄥˋ,rù jìng,4,12
弱,4*,B1,核心詞,ㄖㄨㄛˋ,ruò,39,29
若是,4*,B1,核心詞,ㄖㄨㄛˋ ㄕˋ,ruò shì,68,13
賽跑,4*,B1,休閒、娛樂,ㄙㄞˋ ㄆㄠˇ,sài pǎo,6,7
三角形,4*,B1,核心詞,ㄙㄢ ㄐㄧㄠˇ ㄒㄧㄥˊ,sān jiǎo xíng,9,6
嫂嫂,4*,B1,核心詞,ㄙㄠˇ ˙ㄙㄠ,sǎo sao,7,2
掃把,4*,B1,日常起居,ㄙㄠˋ ㄅㄚˇ,sào bǎ,4,7
色彩,4*,B1,核心詞,ㄙㄜˋ ㄘㄞˇ,sè cǎi,40,32
沙,4*,B1,核心詞,ㄕㄚ,shā,25,53
沙灘,4*,B1,休閒、娛樂,ㄕㄚ ㄊㄢ,shā tān,13,17
沙子,4*,B1,自然環境,ㄕㄚ ˙ㄗ,shā zi,6,17
傷害,4*,B1,安全,ㄕㄤ ㄏㄞˋ,shāng hài,99,93
傷心,4*,B1,核心詞,ㄕㄤ ㄒㄧㄣ,shāng xīn,39,23
上街,4*,B1,核心詞,ㄕㄤˋ ㄐㄧㄝ,shàng jiē,5,8
少年,4*,B1,個人資料,ㄕㄠˋ ㄋㄧㄢˊ,shào nián,62,15
少女,4*,B1,個人資料,ㄕㄠˋ ㄋㄩˇ,shào nǚ,33,7
設計,4*,B1,職業,ㄕㄜˋ ㄐㄧˋ,shè jì,269,206
社區,4*,B1,教育、學習,ㄕㄜˋ ㄑㄩ,shè qū,122,243
身,4*,B1,身體、醫療,ㄕㄣ,shēn,456,280
伸,4*,B1,身體、醫療,ㄕㄣ,shēn,22,7
身材,4*,B1,身體、醫療,ㄕㄣ ㄘㄞˊ,shēn cái,33,10
身分/身份,4*,B1,職業,ㄕㄣ ㄈㄣˋ,shēn fèn,84,45
深刻,4*,B1,核心詞,ㄕㄣ ㄎㄜˋ,shēn kè,65,80
深夜,4*,B1,核心詞,ㄕㄣ ㄧㄝˋ,shēn yè,19,6
甚至,4*,B1,核心詞,ㄕㄣˋ ㄓˋ,shèn zhì,491,370
生產,4*,B1,職業,ㄕㄥ ㄔㄢˇ,shēng chǎn,125,164
升級,4*,B1,職業,ㄕㄥ ㄐㄧˊ,shēng jí,6,5
生命,4*,B1,核心詞,ㄕㄥ ㄇㄧㄥˋ,shēng mìng,381,370
生肖,4*,B1,核心詞,ㄕㄥ ㄒㄧㄠˋ,shēng xiào,2,3
生長,4*,B1,自然環境,ㄕㄥ ㄓㄤˇ,shēng zhǎng,42,124
勝利,4*,B1,休閒、娛樂,ㄕㄥˋ ㄌㄧˋ,shèng lì,60,10
失戀,4*,B1,社交、人際,ㄕ ㄌㄧㄢˋ,shī liàn,5,2
失望,4*,B1,情緒、態度,ㄕ ㄨㄤˋ,shī wàng,52,24
時代,4*,B1,核心詞,ㄕˊ ㄉㄞˋ,shí dài,275,151
實際,4*,B1,教育、學習,ㄕˊ ㄐㄧˋ,shí jì,190,197
時期,4*,B1,核心詞,ㄕˊ ㄑㄧˊ,shí qí,149,105
實現,4*,B1,教育、學習,ㄕˊ ㄒㄧㄢˋ,shí xiàn,91,34
實用,4*,B1,核心詞,ㄕˊ ㄩㄥˋ,shí yòng,27,21
適當,4*,B1,核心詞,ㄕˋ ㄉㄤˋ,shì dàng,77,35
室內,4*,B1,日常起居,ㄕˋ ㄋㄟˋ,shì nèi,0,0
室外,4*,B1,日常起居,ㄕˋ ㄨㄞˋ,shì wài,0,0
事業,4*,B1,職業,ㄕˋ ㄧㄝˋ,shì yè,130,64
適應,4*,B1,核心詞,ㄕˋ ㄧㄥˋ,shì yìng,70,56
收費,4*,B1,日常起居,ㄕㄡ ㄈㄟˋ,shōu fèi,6,6
收集,4*,B1,教育、學習,ㄕㄡ ㄐㄧˊ,shōu jí,25,66
熟悉,4*,B1,核心詞,ㄕㄡˊ ㄒㄧ,shóu xī,77,53
首,4*,B1,核心詞,ㄕㄡˇ,shǒu,143,113
手術,4*,B1,身體、醫療,ㄕㄡˇ ㄕㄨˋ,shǒu shù,53,61
受得了,4*,B1,核心詞,ㄕㄡˋ ˙ㄉㄜ ㄌㄧㄠˇ,shòu de liǎo,3,3
受騙,4*,B1,安全,ㄕㄡˋ ㄆㄧㄢˋ,shòu piàn,5,2
梳子,4*,B1,日常起居,ㄕㄨ ˙ㄗ,shū zi,5,0
叔父,4*,B1,個人資料,ㄕㄨˊ ㄈㄨˋ,shú fù,10,0
數學,4*,B1,教育、學習,ㄕㄨˋ ㄒㄩㄝˊ,shù xué,76,41
帥哥,4*,B1,核心詞,ㄕㄨㄞˋ ㄍㄜ,shuài gē,3,3
雙方,4*,B1,社會,ㄕㄨㄤ ㄈㄤ,shuāng fāng,81,65
睡眠,4*,B1,身體、醫療,ㄕㄨㄟˋ ㄇㄧㄢˊ,shuì mián,71,40
說不定,4*,B1,核心詞,ㄕㄨㄛ ㄅㄨˊ ㄉㄧㄥˋ,shuō bú dìng,47,28
絲,4*,B1,核心詞,ㄙ,sī,60,34
思考,4*,B1,核心詞,ㄙ ㄎㄠˇ,sī kǎo,257,99
死亡,4*,B1,身體、醫療,ㄙˇ ㄨㄤˊ,sǐ wáng,118,151
四處,4*,B1,核心詞,ㄙˋ ㄔㄨˋ,sì chù,49,26
四周,4*,B1,核心詞,ㄙˋ ㄓㄡ,sì zhōu,53,17
蒜,4*,B1,餐飲、烹飪,ㄙㄨㄢˋ,suàn,4,7
算了,4*,B1,核心詞,ㄙㄨㄢˋ ˙ㄌㄜ,suàn le,20,17
算是,4*,B1,核心詞,ㄙㄨㄢˋ ㄕˋ,suàn shì,79,122
縮水,4*,B1,購物、商店,ㄙㄨㄛ ㄕㄨㄟˇ,suō shuǐ,2,4
抬/擡,4*,B1,核心詞,ㄊㄞˊ,tái,36,25
太極拳,4*,B1,休閒、娛樂,ㄊㄞˋ ㄐㄧˊ ㄑㄩㄢˊ,tài jí quán,2,4
攤販,4*,B1,購物、商店,ㄊㄢ ㄈㄢˋ,tān fàn,4,7
攤位,4*,B1,購物、商店,ㄊㄢ ㄨㄟˋ,tān wèi,6,10
彈,4*,B1,休閒、娛樂,ㄊㄢˊ,tán,49,31
談戀愛,4*,B1,社交、人際,ㄊㄢˊ ㄌㄧㄢˋ ㄞˋ,tán liàn ài,6,7
湯圓,4*,B1,餐飲、烹飪,ㄊㄤ ㄩㄢˊ,tāng yuán,4,8
逃,4*,B1,安全,ㄊㄠˊ,táo,37,16
特點,4*,B1,核心詞,ㄊㄜˋ ㄉㄧㄢˇ,tè diǎn,22,12
特性,4*,B1,核心詞,ㄊㄜˋ ㄒㄧㄥˋ,tè xìng,47,43
疼,4*,B1,核心詞,ㄊㄥˊ,téng,16,23
梯子,4*,B1,日常起居,ㄊㄧ ˙ㄗ,tī zi,6,1
提高,4*,B1,核心詞,ㄊㄧˊ ㄍㄠ,tí gāo,81,61
提供,4*,B1,核心詞,ㄊㄧˊ ㄍㄨㄥ,tí gōng,279,186
體重,4*,B1,身體、醫療,ㄊㄧˇ ㄓㄨㄥˋ,tǐ zhòng,45,26
天空,4*,B1,自然環境,ㄊㄧㄢ ㄎㄨㄥ,tiān kōng,63,25
天生,4*,B1,核心詞,ㄊㄧㄢ ㄕㄥ,tiān shēng,49,19
田,4*,B1,核心詞,ㄊㄧㄢˊ,tián,53,307
調整,4*,B1,核心詞,ㄊㄧㄠˊ ㄓㄥˇ,tiáo zhěng,73,55
挑戰,4*,B1,核心詞,ㄊㄧㄠˇ ㄓㄢˋ,tiǎo zhàn,123,101
鐵,4*,B1,核心詞,ㄊㄧㄝˇ,tiě,42,50
聽話,4*,B1,核心詞,ㄊㄧㄥ ㄏㄨㄚˋ,tīng huà,18,5
通,4*,B1,核心詞,ㄊㄨㄥ,tōng,62,39
童年,4*,B1,個人資料,ㄊㄨㄥˊ ㄋㄧㄢˊ,tóng nián,50,28
同情,4*,B1,核心詞,ㄊㄨㄥˊ ㄑㄧㄥˊ,tóng qíng,47,7
統一,4*,B1,教育、學習,ㄊㄨㄥˇ ㄧ,tǒng yī,60,28
投資,4*,B1,職業,ㄊㄡˊ ㄗ,tóu zī,118,57
圖畫,4*,B1,核心詞,ㄊㄨˊ ㄏㄨㄚˋ,tú huà,10,5
圖書,4*,B1,教育、學習,ㄊㄨˊ ㄕㄨ,tú shū,21,4
吐2,4*,B1,核心詞,ㄊㄨˇ,tǔ,45,26
吐1,4*,B1,核心詞,ㄊㄨˋ,tù,45,26
兔子/兔,4*,B1,個人資料,ㄊㄨˋ ˙ㄗ/ㄊㄨˋ,tù zi/tù,32,10
團,4*,B1,核心詞,ㄊㄨㄢˊ,tuán,51,30
團隊,4*,B1,職業,ㄊㄨㄢˊ ㄉㄨㄟˋ,tuán duì,73,96
推動,4*,B1,職業,ㄊㄨㄟ ㄉㄨㄥˋ,tuī dòng,55,98
退,4*,B1,購物、商店,ㄊㄨㄟˋ,tuì,43,40
挖,4*,B1,核心詞,ㄨㄚ,wā,38,58
娃娃,4*,B1,核心詞,ㄨㄚˊ ˙ㄨㄚ,wá wa,19,23
外表,4*,B1,個人資料,ㄨㄞˋ ㄅㄧㄠˇ,wài biǎo,33,17
完成,4*,B1,核心詞,ㄨㄢˊ ㄔㄥˊ,wán chéng,205,193
完美,4*,B1,核心詞,ㄨㄢˊ ㄇㄟˇ,wán měi,67,35
完整,4*,B1,核心詞,ㄨㄢˊ ㄓㄥˇ,wán zhěng,69,69
王,4*,B1,文化,ㄨㄤˊ,wáng,111,79
往往,4*,B1,核心詞,ㄨㄤˇ ㄨㄤˇ,wǎng wǎng,165,52
危機,4*,B1,核心詞,ㄨㄟˊ ㄐㄧ,wéi jī,78,153
微笑,4*,B1,核心詞,ㄨㄟˊ ㄒㄧㄠˋ,wéi xiào,92,23
餵,4*,B1,日常起居,ㄨㄟˋ,wèi,41,39
為1,4*,B1,核心詞,ㄨㄟˋ,wèi,2687,1519
位置,4*,B1,日常起居,ㄨㄟˋ ㄓˋ,wèi zhì,110,128
溫,4*,B1,核心詞,ㄨㄣ,wēn,10,46
文件,4*,B1,教育、學習,ㄨㄣˊ ㄐㄧㄢˋ,wén jiàn,50,8
文學,4*,B1,教育、學習,ㄨㄣˊ ㄒㄩㄝˊ,wén xué,100,22
穩定,4*,B1,身體、醫療,ㄨㄣˇ ㄉㄧㄥˋ,wěn dìng,74,124
問號,4*,B1,教育、學習,ㄨㄣˋ ㄏㄠˋ,wèn hào,3,3
握,4*,B1,核心詞,ㄨㄛˋ,wò,46,13
握手,4*,B1,社交、人際,ㄨㄛˋ ㄕㄡˇ,wò shǒu,18,9
誤點,4*,B1,交通、旅遊,ㄨˋ ㄉㄧㄢˇ,wù diǎn,2,1
吸,4*,B1,餐飲、烹飪,ㄒㄧ,xī,36,34
吸收,4*,B1,身體、醫療,ㄒㄧ ㄕㄡ,xī shōu,39,81
吸菸,4*,B1,日常起居,ㄒㄧ ㄧㄢ,xī yān,6,2
西元,4*,B1,核心詞,ㄒㄧ ㄩㄢˊ,xī yuán,47,55
西裝,4*,B1,購物、商店,ㄒㄧ ㄓㄨㄤ,xī zhuāng,17,7
喜酒,4*,B1,文化,ㄒㄧˇ ㄐㄧㄡˇ,xǐ jiǔ,2,2
喜事,4*,B1,文化,ㄒㄧˇ ㄕˋ,xǐ shì,4,1
喜帖,4*,B1,文化,ㄒㄧˇ ㄊㄧㄝˇ,xǐ tiě,1,2
下棋,4*,B1,休閒、娛樂,ㄒㄧㄚˋ ㄑㄧˊ,xià qí,9,7
嚇一跳,4*,B1,情緒、態度,ㄒㄧㄚˋ ㄧˊ ㄊㄧㄠˋ,xià yí tiào,5,4
現場,4*,B1,安全,ㄒㄧㄢˋ ㄔㄤˇ,xiàn chǎng,49,166
現實,4*,B1,核心詞,ㄒㄧㄢˋ ㄕˊ,xiàn shí,121,29
現象,4*,B1,核心詞,ㄒㄧㄢˋ ㄒㄧㄤˋ,xiàn xiàng,188,161
限制/限,4*,B1,核心詞,ㄒㄧㄢˋ ㄓˋ/ㄒㄧㄢˋ,xiàn zhì/xiàn,85,58
相處,4*,B1,社交、人際,ㄒㄧㄤ ㄔㄨˇ,xiāng chǔ,59,69
鄉村,4*,B1,日常起居,ㄒㄧㄤ ㄘㄨㄣ,xiāng cūn,17,18
相關,4*,B1,核心詞,ㄒㄧㄤ ㄍㄨㄢ,xiāng guān,145,76
詳細,4*,B1,核心詞,ㄒㄧㄤˊ ㄒㄧˋ,xiáng xì,51,28
響,4*,B1,日常起居,ㄒㄧㄤˇ,xiǎng,56,21
想像力,4*,B1,核心詞,ㄒㄧㄤˇ ㄒㄧㄤˋ ㄌㄧˋ,xiǎng xiàng lì,29,7
消失,4*,B1,核心詞,ㄒㄧㄠ ㄕ,xiāo shī,109,68
曉得,4*,B1,核心詞,ㄒㄧㄠˇ ˙ㄉㄜ,xiǎo de,79,107
小販,4*,B1,購物、商店,ㄒㄧㄠˇ ㄈㄢˋ,xiǎo fàn,6,3
小氣,4*,B1,核心詞,ㄒㄧㄠˇ ㄑㄧˋ,xiǎo qì,3,3
小提琴,4*,B1,休閒、娛樂,ㄒㄧㄠˇ ㄊㄧˊ ㄑㄧㄣˊ,xiǎo tí qín,12,9
效果,4*,B1,身體、醫療,ㄒㄧㄠˋ ㄍㄨㄛˇ,xiào guǒ,155,124
笑話,4*,B1,核心詞,ㄒㄧㄠˋ ㄏㄨㄚˋ,xiào huà,25,12
效率,4*,B1,核心詞,ㄒㄧㄠˋ ㄌㄩˋ,xiào lǜ,57,38
笑容,4*,B1,核心詞,ㄒㄧㄠˋ ㄖㄨㄥˊ,xiào róng,45,36
協助,4*,B1,核心詞,ㄒㄧㄝˊ ㄓㄨˋ,xié zhù,124,115
血型,4*,B1,身體、醫療,ㄒㄧㄝˇ ㄒㄧㄥˊ,xiě xíng,2,1
寫作,4*,B1,教育、學習,ㄒㄧㄝˇ ㄗㄨㄛˋ,xiě zuò,66,12
欣賞,4*,B1,休閒、娛樂,ㄒㄧㄣ ㄕㄤˇ,xīn shǎng,73,41
信件,4*,B1,公共服務,ㄒㄧㄣˋ ㄐㄧㄢˋ,xìn jiàn,18,4
信任,4*,B1,核心詞,ㄒㄧㄣˋ ㄖㄣˋ,xìn rèn,80,43
形容,4*,B1,核心詞,ㄒㄧㄥˊ ㄖㄨㄥˊ,xíng róng,49,48
形容詞,4*,B1,教育、學習,ㄒㄧㄥˊ ㄖㄨㄥˊ ㄘˊ,xíng róng cí,6,3
形狀,4*,B1,購物、商店,ㄒㄧㄥˊ ㄓㄨㄤˋ,xíng zhuàng,42,42
性別,4*,B1,社會,ㄒㄧㄥˋ ㄅㄧㄝˊ,xìng bié,39,7
幸福,4*,B1,核心詞,ㄒㄧㄥˋ ㄈㄨˊ,xìng fú,115,203
性格,4*,B1,個人資料,ㄒㄧㄥˋ ㄍㄜˊ,xìng gé,78,16
幸好,4*,B1,核心詞,ㄒㄧㄥˋ ㄏㄠˇ,xìng hǎo,25,28
幸虧,4*,B1,核心詞,ㄒㄧㄥˋ ㄎㄨㄟ,xìng kuī,10,3
兄,4*,B1,核心詞,ㄒㄩㄥ,xiōng,26,15
熊,4*,B1,自然環境,ㄒㄩㄥˊ,xióng,48,37
宣布/宣佈,4*,B1,教育、學習,ㄒㄩㄢ ㄅㄨˋ,xuān bù,62,73
學會,4*,B1,核心詞,ㄒㄩㄝˊ ㄏㄨㄟˋ,xué huì,111,74
學位,4*,B1,教育、學習,ㄒㄩㄝˊ ㄨㄟˋ,xué wèi,26,7
學問,4*,B1,教育、學習,ㄒㄩㄝˊ ㄨㄣˋ,xué wèn,43,25
學院,4*,B1,教育、學習,ㄒㄩㄝˊ ㄩㄢˋ,xué yuàn,73,22
學者,4*,B1,教育、學習,ㄒㄩㄝˊ ㄓㄜˇ,xué zhě,101,45
迅速,4*,B1,核心詞,ㄒㄩㄣˋ ㄙㄨˋ,xùn sù,75,39
壓,4*,B1,核心詞,ㄧㄚ,yā,40,53
鴨子/鴨,4*,B1,餐飲、烹飪,ㄧㄚ ˙ㄗ/ㄧㄚ,yā zi/yā,28,27
牙醫,4*,B1,身體、醫療,ㄧㄚˊ ㄧ,yá yī,6,9
煙,4*,B1,核心詞,ㄧㄢ,yān,40,24
演出,4*,B1,休閒、娛樂,ㄧㄢˇ ㄔㄨ,yǎn chū,52,39
眼光,4*,B1,核心詞,ㄧㄢˇ ㄍㄨㄤ,yǎn guāng,50,23
眼前,4*,B1,核心詞,ㄧㄢˇ ㄑㄧㄢˊ,yǎn qián,96,35
陽光,4*,B1,自然環境,ㄧㄤˊ ㄍㄨㄤ,yáng guāng,61,84
羊肉,4*,B1,餐飲、烹飪,ㄧㄤˊㄖㄡˋ,yáng ròu,4,1
陽台/陽臺,4*,B1,日常起居,ㄧㄤˊ ㄊㄞˊ,yáng tái,14,16
腰,4*,B1,身體、醫療,ㄧㄠ,yāo,62,33
搖,4*,B1,餐飲、烹飪,ㄧㄠˊ,yáo,40,20
要不是,4*,B1,核心詞,ㄧㄠˋ ㄅㄨˊ ㄕˋ,yào bú shì,16,7
業務,4*,B1,職業,ㄧㄝˋ ㄨˋ,yè wù,56,11
醫,4*,B1,身體、醫療,ㄧ,yī,13,35
醫學,4*,B1,身體、醫療,ㄧ ㄒㄩㄝˊ,yī xué,76,64
一帶,4*,B1,核心詞,ㄧˊ ㄉㄞˋ,yí dài,48,28
移動,4*,B1,核心詞,ㄧˊ ㄉㄨㄥˋ,yí dòng,63,40
姨媽,4*,B1,個人資料,ㄧˊ ㄇㄚ,yí mā,7,3
一向,4*,B1,核心詞,ㄧˊ ㄒㄧㄤˋ,yí xiàng,67,15
一再,4*,B1,核心詞,ㄧˊ ㄗㄞˋ,yí zài,55,19
一陣子,4*,B1,核心詞,ㄧˊ ㄓㄣˋ ˙ㄗ,yí zhèn zi,31,32
以來,4*,B1,核心詞,ㄧˇ ㄌㄞˊ,yǐ lái,94,112
一般來說,4*,B1,核心詞,ㄧˋ ㄅㄢ ㄌㄞˊ ㄕㄨㄛ,yì bān lái shuō,15,15
一方面,4*,B1,核心詞,ㄧˋ ㄈㄤ ㄇㄧㄢˋ,yì fāng miàn,65,70
一旁,4*,B1,交通、旅遊,ㄧˋ ㄆㄤˊ,yì páng,1,0
一生,4*,B1,核心詞,ㄧˋ ㄕㄥ,yì shēng,103,56
一時,4*,B1,核心詞,ㄧˋ ㄕˊ,yì shí,80,20
一天到晚,4*,B1,核心詞,ㄧˋ ㄊㄧㄢ ㄉㄠˋ ㄨㄢˇ,yì tiān dào wǎn,7,6
因此,4*,B1,核心詞,ㄧㄣ ㄘˇ,yīn cǐ,707,377
因素,4*,B1,核心詞,ㄧㄣ ㄙㄨˋ,yīn sù,129,78
音樂家,4*,B1,休閒、娛樂,ㄧㄣ ㄩㄝˋ ㄐㄧㄚ,yīn yuè jiā,11,6
銀,4*,B1,核心詞,ㄧㄣˊ,yín,36,9
引起,4*,B1,安全,ㄧㄣˇ ㄑㄧˇ,yǐn qǐ,144,92
印象,4*,B1,核心詞,ㄧㄣˋ ㄒㄧㄤˋ,yìn xiàng,94,117
應當,4*,B1,核心詞,ㄧㄥ ㄉㄤ,yīng dāng,26,4
嬰兒,4*,B1,核心詞,ㄧㄥ ㄦˊ,yīng ér,108,40
影像,4*,B1,休閒、娛樂,ㄧㄥˇ ㄒㄧㄤˋ,yǐng xiàng,51,53
影子/影,4*,B1,自然環境,ㄧㄥˇ ˙ㄗ/ㄧㄥˇ,yǐng zi/yǐng,31,13
勇氣,4*,B1,情緒、態度,ㄩㄥˇ ㄑㄧˋ,yǒng qì,58,44
用餐,4*,B1,餐飲、烹飪,ㄩㄥˋ ㄘㄢ,yòng cān,18,18
用具,4*,B1,日常起居,ㄩㄥˋ ㄐㄩˋ,yòng jù,6,3
優點,4*,B1,核心詞,ㄧㄡ ㄉㄧㄢˇ,yōu diǎn,40,26
由,4*,B1,核心詞,ㄧㄡˊ,yóu,694,320
油膩,4*,B1,餐飲、烹飪,ㄧㄡˊ ㄋㄧˋ,yóu nì,4,4
由於,4*,B1,核心詞,ㄧㄡˊ ㄩˊ,yóu yú,304,110
幼兒園,4*,B1,,ㄧㄡˋ ㄦˊ ㄩㄢˊ,yòu ér yuán,5,8
幼稚園,4*,B1,教育、學習,ㄧㄡˋ ㄓˋ ㄩㄢˊ,yòu zhì yuán,20,18
愉快,4*,B1,核心詞,ㄩˊ ㄎㄨㄞˋ,yú kuài,78,23
於是,4*,B1,核心詞,ㄩˊ ㄕˋ,yú shì,484,93
與,4*,B1,核心詞,ㄩˇ,yǔ,3290,1103
預報,4*,B1,交通、旅遊,ㄩˋ ㄅㄠˋ,yù bào,3,16
預期,4*,B1,核心詞,ㄩˋ ㄑㄧˊ,yù qí,47,21
原本,4*,B1,核心詞,ㄩㄢˊ ㄅㄣˇ,yuán běn,137,202
元旦,4*,B1,文化,ㄩㄢˊ ㄉㄢˋ,yuán dàn,5,1
原諒,4*,B1,社交、人際,ㄩㄢˊ ㄌㄧㄤˋ,yuán liàng,31,20
原味,4*,B1,餐飲、烹飪,ㄩㄢˊ ㄨㄟˋ,yuán wèi,4,8
元宵,4*,B1,文化,ㄩㄢˊ ㄒㄧㄠ,yuán xiāo,2,4
圓形,4*,B1,購物、商店,ㄩㄢˊ ㄒㄧㄥˊ,yuán xíng,11,7
原則,4*,B1,教育、學習,ㄩㄢˊ ㄗㄜˊ,yuán zé,117,46
月光,4*,B1,自然環境,ㄩㄝˋ ㄍㄨㄤ,yuè guāng,15,3
樂團,4*,B1,休閒、娛樂,ㄩㄝˋ ㄊㄨㄢˊ,yuè tuán,15,7
在乎,4*,B1,核心詞,ㄗㄞˋ ㄏㄨ,zài hū,51,21
再三,4*,B1,核心詞,ㄗㄞˋ ㄙㄢ,zài sān,18,7
糟,4*,B1,核心詞,ㄗㄠ,zāo,56,20
早晨,4*,B1,核心詞,ㄗㄠˇ ㄔㄣˊ,zǎo chén,39,8
造成,4*,B1,核心詞,ㄗㄠˋ ㄔㄥˊ,zào chéng,273,541
暫時,4*,B1,核心詞,ㄓㄢˋ ㄕˊ,zhàn shí,56,38
章,4*,B1,核心詞,ㄓㄤ,zhāng,205,15
張開,4*,B1,身體、醫療,ㄓㄤ ㄎㄞ,zhāng kāi,28,10
帳單,4*,B1,購物、商店,ㄓㄤˋ ㄉㄢ,zhàng dān,9,2
丈夫,4*,B1,個人資料,ㄓㄤˋ ㄈㄨ,zhàng fū,150,15
帳號,4*,B1,個人資料,ㄓㄤˋㄏㄠˋ,zhàng hào,2,2
招手,4*,B1,核心詞,ㄓㄠ ㄕㄡˇ,zhāo shǒu,7,2
折扣,4*,B1,購物、商店,ㄓㄜˊ ㄎㄡˋ,zhé kòu,5,3
哲學,4*,B1,教育、學習,ㄓㄜˊ ㄒㄩㄝˊ,zhé xué,57,17
真實,4*,B1,情緒、態度,ㄓㄣ ㄕˊ,zhēn shí,123,50
爭,4*,B1,社會,ㄓㄥ,zhēng,48,30
整體,4*,B1,職業,ㄓㄥˇ ㄊㄧˇ,zhěng tǐ,60,27
政策,4*,B1,社會,ㄓㄥˋ ㄘㄜˋ,zhèng cè,96,133
證據,4*,B1,安全,ㄓㄥˋ ㄐㄩˋ,zhèng jù,89,37
直到,4*,B1,核心詞,ㄓˊ ㄉㄠˋ,zhí dào,169,72
止,4*,B1,身體、醫療,ㄓˇ,zhǐ,99,62
指導,4*,B1,教育、學習,ㄓˇ ㄉㄠˇ,zhǐ dǎo,57,39
至多,4*,B1,,ㄓˋ ㄉㄨㄛ,zhì duō,3,0
製造/製,4*,B1,職業,ㄓˋ ㄗㄠˋ/ㄓˋ,zhì zào/zhì,123,150
中年,4*,B1,社會,ㄓㄨㄥ ㄋㄧㄢˊ,zhōng nián,39,26
中2,4*,B1,核心詞,ㄓㄨㄥˋ,zhòng,3605,1443
重大,4*,B1,核心詞,ㄓㄨㄥˋ ㄉㄚˋ,zhòng dà,78,50
週年/周年,4*,B1,核心詞,ㄓㄡ ㄋㄧㄢˊ,zhōu nián,10,23
周圍,4*,B1,核心詞,ㄓㄡ ㄨㄟˊ,zhōu wéi,56,28
主動,4*,B1,核心詞,ㄓㄨˇ ㄉㄨㄥˋ,zhǔ dòng,74,55
主管,4*,B1,職業,ㄓㄨˇ ㄍㄨㄢˇ,zhǔ guǎn,108,13
主意,4*,B1,核心詞,ㄓㄨˇ ㄧˋ,zhǔ yì,51,9
住戶,4*,B1,日常起居,ㄓㄨˋ ㄏㄨˋ,zhù hù,7,7
住院,4*,B1,身體、醫療,ㄓㄨˋ ㄩㄢˋ,zhù yuàn,19,30
專門,4*,B1,核心詞,ㄓㄨㄢ ㄇㄣˊ,zhuān mén,57,56
追求,4*,B1,核心詞,ㄓㄨㄟ ㄑㄧㄡˊ,zhuī qiú,111,54
準,4*,B1,核心詞,ㄓㄨㄣˇ,zhǔn,31,18
資本,4*,B1,社會,ㄗ ㄅㄣˇ,zī běn,33,7
紫,4*,B1,核心詞,ㄗˇ,zǐ,15,16
仔細,4*,B1,核心詞,ㄗˇ ㄒㄧˋ,zǐ xì,112,61
自從,4*,B1,核心詞,ㄗˋ ㄘㄨㄥˊ,zì cóng,55,63
自來水,4*,B1,日常起居,ㄗˋ ㄌㄞˊ ㄕㄨㄟˇ,zì lái shuǐ,5,25
字幕,4*,B1,休閒、娛樂,ㄗˋ ㄇㄨˋ,zì mù,2,1
自殺,4*,B1,安全,ㄗˋ ㄕㄚ,zì shā,70,13
自在,4*,B1,核心詞,ㄗˋ ㄗㄞˋ,zì zài,57,22
自助,4*,B1,核心詞,ㄗˋ ㄓㄨˋ,zì zhù,7,6
總統府,4*,B1,社會,ㄗㄨㄥˇ ㄊㄨㄥˇ ㄈㄨˇ,zǒng tǒng fǔ,7,4
組,4*,B1,核心詞,ㄗㄨˇ,zǔ,91,85
組合,4*,B1,職業,ㄗㄨˇ ㄏㄜˊ,zǔ hé,63,25
最初,4*,B1,核心詞,ㄗㄨㄟˋ ㄔㄨ,zuì chū,48,16
軍,5,B2,核心詞,ㄐㄩㄣ,jūn,64,56
哎,5,B2,核心詞,ㄞ,āi,10,10
挨打,5,B2,核心詞,ㄞ ㄉㄚˇ,āi dǎ,7,0
挨餓,5,B2,核心詞,ㄞ ㄜˋ,āi è,6,6
挨罵,5,B2,核心詞,ㄞ ㄇㄚˋ,āi mà,4,2
癌症/癌,5,B2,身體、醫療,ㄞˊ ㄓㄥˋ / ㄞˊ,ái zhèng / ái,66,91
矮小,5,B2,身體、醫療,ㄞˇ ㄒㄧㄠˇ,ǎi xiǎo,8,0
愛護,5,B2,核心詞,ㄞˋ ㄏㄨˋ,ài hù,10,31
愛惜,5,B2,核心詞,ㄞˋ ㄒㄧˊ,ài xí,5,12
安定,5,B2,社會,ㄢ ㄉㄧㄥˋ,ān dìng,31,26
安全帶,5,B2,,ㄢ ㄑㄩㄢˊ ㄉㄞˋ,ān quán dài,5,1
安慰,5,B2,核心詞,ㄢ ㄨㄟˋ,ān wèi,52,27
安心,5,B2,核心詞,ㄢ ㄒㄧㄣ,ān xīn,24,50
案件,5,B2,安全,ㄢˋ ㄐㄧㄢˋ,àn jiàn,23,11
案例,5,B2,核心詞,ㄢˋ ㄌㄧˋ,àn lì,48,22
按摩,5,B2,身體、醫療,ㄢˋ ㄇㄛˊ,àn mó,26,16
按時,5,B2,核心詞,ㄢˋ ㄕˊ,àn shí,7,3
暗示,5,B2,安全,ㄢˋ ㄕˋ,àn shì,38,7
暗中,5,B2,安全,ㄢˋ ㄓㄨㄥ,àn zhōng,21,2
昂貴,5,B2,日常起居,ㄤˊ ㄍㄨㄟˋ,áng guì,20,15
八成,5,B2,核心詞,ㄅㄚ ㄔㄥˊ,bā chéng,9,12
拔,5,B2,核心詞,ㄅㄚˊ,bá,15,76
把握,5,B2,核心詞,ㄅㄚˇ ㄨㄛˋ,bǎ wò,40,40
罷工,5,B2,社會,ㄅㄚˋ ㄍㄨㄥ,bà gōng,8,12
罷了,5,B2,核心詞,ㄅㄚˋ ˙ㄌㄜ,bà le,37,1
罷免,5,B2,社會,ㄅㄚˋ ㄇㄧㄢˇ,bà miǎn,2,1
白日夢,5,B2,日常起居,ㄅㄞˊ ㄖˋ ㄇㄥˋ,bái rì mèng,6,3
擺脫,5,B2,安全,ㄅㄞˇ ㄊㄨㄛ,bǎi tuō,32,19
拜,5,B2,個人資料,ㄅㄞˋ,bài,35,25
拜託,5,B2,核心詞,ㄅㄞˋ ㄊㄨㄛ,bài tuō,26,50
班級,5,B2,教育、學習,ㄅㄢ ㄐㄧˊ,bān jí,11,11
搬運,5,B2,核心詞,ㄅㄢ ㄩㄣˋ,bān yùn,7,12
版,5,B2,核心詞,ㄅㄢˇ,bǎn,20,7
版本,5,B2,休閒、娛樂,ㄅㄢˇ ㄅㄣˇ,bǎn běn,27,8
拌,5,B2,餐飲、烹飪,ㄅㄢˋ,bàn,7,14
辦公,5,B2,職業,ㄅㄢˋ ㄍㄨㄥ,bàn gōng,11,5
辦理,5,B2,核心詞,ㄅㄢˋ ㄌㄧˇ,bàn lǐ,19,4
半路,5,B2,核心詞,ㄅㄢˋ ㄌㄨˋ,bàn lù,8,3
伴侶,5,B2,社交、人際,ㄅㄢˋ ㄌㄩˇ,bàn lǚ,21,3
伴手禮,5,B2,,ㄅㄢˋ ㄕㄡˇ ㄌㄧˇ,bàn shǒu lǐ,1,1
伴隨,5,B2,身體、醫療,ㄅㄢˋ ㄙㄨㄟˊ,bàn suí,23,15
半途,5,B2,交通、旅遊,ㄅㄢˋ ㄊㄨˊ,bàn tú,4,3
幫手,5,B2,核心詞,ㄅㄤ ㄕㄡˇ,bāng shǒu,6,12
傍晚,5,B2,核心詞,ㄅㄤ ㄨㄢˇ,bāng wǎn,29,14
綁,5,B2,核心詞,ㄅㄤˇ,bǎng,30,29
包圍,5,B2,安全,ㄅㄠ ㄨㄟˊ,bāo wéi,29,13
包裝,5,B2,購物、商店,ㄅㄠ ㄓㄨㄤ,bāo zhuāng,21,57
寶貝,5,B2,核心詞,ㄅㄠˇ ㄅㄟˋ,bǎo bèi,33,27
保存,5,B2,交通、旅遊,ㄅㄠˇ ㄘㄨㄣˊ,bǎo cún,35,74
保管,5,B2,交通、旅遊,ㄅㄠˇ ㄍㄨㄢˇ,bǎo guǎn,7,3
寶貴,5,B2,核心詞,ㄅㄠˇ ㄍㄨㄟˋ,bǎo guì,24,19
保留,5,B2,核心詞,ㄅㄠˇ ㄌㄧㄡˊ,bǎo liú,42,47
保守,5,B2,教育、學習,ㄅㄠˇ ㄕㄡˇ,bǎo shǒu,25,18
保險,5,B2,核心詞,ㄅㄠˇ ㄒㄧㄢˇ,bǎo xiǎn,27,15
保障,5,B2,社會,ㄅㄠˇ ㄓㄤˋ,bǎo zhàng,21,34
保重,5,B2,社交、人際,ㄅㄠˇ ㄓㄨㄥˋ,bǎo zhòng,4,3
報案,5,B2,安全,ㄅㄠˋ ㄢˋ,bào àn,4,2
報導,5,B2,休閒、娛樂,ㄅㄠˋ ㄉㄠˇ,bào dǎo,74,99
報到,5,B2,教育、學習,ㄅㄠˋ ㄉㄠˋ,bào dào,9,7
爆發,5,B2,安全,ㄅㄠˋ ㄈㄚ,bào fā,43,59
報復,5,B2,安全,ㄅㄠˋ ㄈㄨˋ,bào fù,21,7
報警,5,B2,安全,ㄅㄠˋ ㄐㄧㄥˇ,bào jǐng,6,2
報刊,5,B2,休閒、娛樂,ㄅㄠˋ ㄎㄢ,bào kān,5,1
暴力,5,B2,安全,ㄅㄠˋ ㄌㄧˋ,bào lì,59,44
爆炸,5,B2,安全,ㄅㄠˋ ㄓㄚˋ,bào zhà,21,49
盃,5,B2,,ㄅㄟ,bēi,1,0
悲哀,5,B2,情緒、態度,ㄅㄟ ㄞ,bēi āi,20,2
悲慘,5,B2,核心詞,ㄅㄟ ㄘㄢˇ,bēi cǎn,21,5
悲觀,5,B2,核心詞,ㄅㄟ ㄍㄨㄢ,bēi guān,32,7
悲劇,5,B2,休閒、娛樂,ㄅㄟ ㄐㄩˋ,bēi jù,38,15
悲傷,5,B2,情緒、態度,ㄅㄟ ㄕㄤ,bēi shāng,38,25
北極,5,B2,自然環境,ㄅㄟˇ ㄐㄧˊ,běi jí,5,55
輩,5,B2,文化,ㄅㄟˋ,bèi,18,10
被動,5,B2,核心詞,ㄅㄟˋ ㄉㄨㄥˋ,bèi dòng,20,5
背叛,5,B2,情緒、態度,ㄅㄟˋ ㄆㄢˋ,bèi pàn,19,4
背影,5,B2,核心詞,ㄅㄟˋ ㄧㄥˇ,bèi yǐng,9,5
輩子,5,B2,核心詞,ㄅㄟˋ ˙ㄗ,bèi zi,68,84
本領,5,B2,核心詞,ㄅㄣˇ ㄌㄧㄥˇ,běn lǐng,20,2
本能,5,B2,核心詞,ㄅㄣˇ ㄋㄥˊ,běn néng,32,4
本錢,5,B2,核心詞,ㄅㄣˇ ㄑㄧㄢˊ,běn qián,6,5
本身,5,B2,核心詞,ㄅㄣˇ ㄕㄣ,běn shēn,151,210
本事,5,B2,核心詞,ㄅㄣˇ ㄕˋ / ㄅㄣˇ ˙ㄕ,běn shì / běn shi,24,4
本土,5,B2,核心詞,ㄅㄣˇ ㄊㄨˇ,běn tǔ,19,21
本性,5,B2,個人資料,ㄅㄣˇ ㄒㄧㄥˋ,běn xìng,19,9
笨重,5,B2,核心詞,ㄅㄣˋ ㄓㄨㄥˋ,bèn zhòng,4,1
逼,5,B2,核心詞,ㄅㄧ,bī,51,15
鼻孔,5,B2,身體、醫療,ㄅㄧˊ ㄎㄨㄥˇ,bí kǒng,8,3
彼此,5,B2,社交、人際,ㄅㄧˇ ㄘˇ,bǐ cǐ,159,74
比例,5,B2,交通、旅遊,ㄅㄧˇ ㄌㄧˋ,bǐ lì,58,73
比率,5,B2,交通、旅遊,ㄅㄧˇ ㄌㄩˋ,bǐ lǜ,10,7
比喻,5,B2,教育、學習,ㄅㄧˇ ㄩˋ,bǐ yù,17,9
閉,5,B2,核心詞,ㄅㄧˋ,bì,19,6
必備,5,B2,核心詞,ㄅㄧˋ ㄅㄟˋ,bì bèi,8,8
必定,5,B2,核心詞,ㄅㄧˋ ㄉㄧㄥˋ,bì dìng,46,7
避風港,5,B2,核心詞,ㄅㄧˋ ㄈㄥ ㄍㄤˇ,bì fēng gǎng,3,0
畢竟,5,B2,核心詞,ㄅㄧˋ ㄐㄧㄥˋ,bì jìng,82,56
避開,5,B2,安全,ㄅㄧˋ ㄎㄞ,bì kāi,24,10
必然,5,B2,核心詞,ㄅㄧˋ ㄖㄢˊ,bì rán,65,10
閉嘴,5,B2,核心詞,ㄅㄧˋ ㄗㄨㄟˇ,bì zuǐ,7,1
編輯,5,B2,教育、學習,ㄅㄧㄢ ㄐㄧˊ,biān jí,39,17
編劇,5,B2,休閒、娛樂,ㄅㄧㄢ ㄐㄩˋ,biān jù,24,2
扁,5,B2,餐飲、烹飪,ㄅㄧㄢˇ,biǎn,9,7
變動,5,B2,核心詞,ㄅㄧㄢˋ ㄉㄨㄥˋ,biàn dòng,22,13
辨識,5,B2,核心詞,ㄅㄧㄢˋ ㄕˋ,biàn shì,19,15
標籤,5,B2,購物、商店,ㄅㄧㄠ ㄑㄧㄢ,biāo qiān,20,13
標題,5,B2,教育、學習,ㄅㄧㄠ ㄊㄧˊ,biāo tí,20,7
表決,5,B2,社會,ㄅㄧㄠˇ ㄐㄩㄝˊ,biǎo jué,3,9
表明,5,B2,教育、學習,ㄅㄧㄠˇ ㄇㄧㄥˊ,biǎo míng,27,4
賓客,5,B2,社交、人際,ㄅㄧㄣ ㄎㄜˋ,bīn kè,13,5
兵,5,B2,安全,ㄅㄧㄥ,bīng,77,19
冰冷,5,B2,核心詞,ㄅㄧㄥ ㄌㄥˇ,bīng lěng,16,8
病床,5,B2,身體、醫療,ㄅㄧㄥˋ ㄔㄨㄤˊ,bìng chuáng,7,7
病毒,5,B2,身體、醫療,ㄅㄧㄥˋ ㄉㄨˊ,bìng dú,30,101
病痛,5,B2,身體、醫療,ㄅㄧㄥˋ ㄊㄨㄥˋ,bìng tòng,11,15
撥,5,B2,核心詞,ㄅㄛ,bō,19,13
波,5,B2,自然環境,ㄅㄛ,bō,43,64
薄,5,B2,核心詞,ㄅㄛˊ,bó,27,26
播放,5,B2,,ㄅㄛˋ ㄈㄤˋ,bò fàng,16,9
不便,5,B2,核心詞,ㄅㄨˊ ㄅㄧㄢˋ,bú biàn,18,13
不顧,5,B2,情緒、態度,ㄅㄨˊ ㄍㄨˋ,bú gù,27,9
不利,5,B2,核心詞,ㄅㄨˊ ㄌㄧˋ,bú lì,34,8
不料,5,B2,核心詞,ㄅㄨˊ ㄌㄧㄠˋ,bú liào,22,4
補充,5,B2,身體、醫療,ㄅㄨˇ ㄔㄨㄥ,bǔ chōng,43,36
補課,5,B2,教育、學習,ㄅㄨˇ ㄎㄜˋ,bǔ kè,1,1
補習,5,B2,教育、學習,ㄅㄨˇ ㄒㄧˊ,bǔ xí,6,18
步道,5,B2,交通、旅遊,ㄅㄨˋ ㄉㄠˋ,bù dào,18,28
不得已,5,B2,情緒、態度,ㄅㄨˋ ㄉㄜˊ ㄧˇ,bù dé yǐ,14,8
不妨,5,B2,核心詞,ㄅㄨˋ ㄈㄤˊ,bù fáng,38,7
不敢當,5,B2,社交、人際,ㄅㄨˋ ㄍㄢˇ ㄉㄤ,bù gǎn dāng,1,2
不可思議,5,B2,情緒、態度,ㄅㄨˋ ㄎㄜˇ ㄙ ㄧˋ,bù kě sī yì,31,22
不滿,5,B2,情緒、態度,ㄅㄨˋ ㄇㄢˇ,bù mǎn,46,11
不明,5,B2,核心詞,ㄅㄨˋ ㄇㄧㄥˊ,bù míng,23,9
不然,5,B2,核心詞,ㄅㄨˋ ㄖㄢˊ,bù rán,52,164
部屬,5,B2,職業,ㄅㄨˋ ㄕㄨˇ,bù shǔ,46,2
部位,5,B2,身體、醫療,ㄅㄨˋ ㄨㄟˋ,bù wèi,41,12
不知不覺,5,B2,核心詞,ㄅㄨˋ ㄓ ㄅㄨˋ ㄐㄩㄝˊ,bù zhī bù jué,23,10
不止,5,B2,核心詞,ㄅㄨˋ ㄓˇ,bù zhǐ,16,9
布置/佈置,5,B2,日常起居,ㄅㄨˋ ㄓˋ,bù zhì,14,17
步驟,5,B2,教育、學習,ㄅㄨˋ ㄗㄡˋ,bù zòu,47,31
猜測,5,B2,核心詞,ㄘㄞ ㄘㄜˋ,cāi cè,20,5
猜想,5,B2,核心詞,ㄘㄞ ㄒㄧㄤˇ,cāi xiǎng,27,3
財產,5,B2,社會,ㄘㄞˊ ㄔㄢˇ,cái chǎn,36,17
財富,5,B2,社會,ㄘㄞˊ ㄈㄨˋ,cái fù,43,13
才華,5,B2,個人資料,ㄘㄞˊ ㄏㄨㄚˊ,cái huá,22,4
才能,5,B2,核心詞,ㄘㄞˊ ㄋㄥˊ,cái néng,16,1
裁判,5,B2,休閒、娛樂,ㄘㄞˊ ㄆㄢˋ,cái pàn,7,2
財務,5,B2,職業,ㄘㄞˊ ㄨˋ,cái wù,32,10
材質,5,B2,購物、商店,ㄘㄞˊ ㄓˊ,cái zhí,10,49
踩,5,B2,核心詞,ㄘㄞˇ,cǎi,27,36
採訪,5,B2,休閒、娛樂,ㄘㄞˇ ㄈㄤˇ,cǎi fǎng,21,74
採購,5,B2,購物、商店,ㄘㄞˇ ㄍㄡˋ,cǎi gòu,19,8
採取,5,B2,核心詞,ㄘㄞˇ ㄑㄩˇ,cǎi qǔ,118,46
彩色,5,B2,核心詞,ㄘㄞˇ ㄙㄜˋ,cǎi sè,15,21
菜色,5,B2,餐飲、烹飪,ㄘㄞˋ ㄙㄜˋ,cài sè,7,8
餐具,5,B2,餐飲、烹飪,ㄘㄢ ㄐㄩˋ,cān jù,6,13
參與,5,B2,核心詞,ㄘㄢ ㄩˋ,cān yù,151,127
殘酷,5,B2,安全,ㄘㄢˊ ㄎㄨˋ,cán kù,25,9
殘忍,5,B2,安全,ㄘㄢˊ ㄖㄣˇ,cán rěn,17,8
慘,5,B2,核心詞,ㄘㄢˇ,cǎn,22,33
慘重,5,B2,核心詞,ㄘㄢˇ ㄓㄨㄥˋ,cǎn zhòng,7,21
蒼白,5,B2,身體、醫療,ㄘㄤ ㄅㄞˊ,cāng bái,20,1
倉庫,5,B2,日常起居,ㄘㄤ ㄎㄨˋ,cāng kù,15,13
操作,5,B2,核心詞,ㄘㄠ ㄗㄨㄛˋ,cāo zuò,51,37
草原,5,B2,交通、旅遊,ㄘㄠˇ ㄩㄢˊ,cǎo yuán,23,14
冊,5,B2,核心詞,ㄘㄜˋ,cè,47,8
策略,5,B2,教育、學習,ㄘㄜˋ ㄌㄩㄝˋ,cè lüè,126,24
測試,5,B2,核心詞,ㄘㄜˋ ㄕˋ,cè shì,44,34
冊子,5,B2,核心詞,ㄘㄜˋ ˙ㄗ,cè zi,2,0
插,5,B2,核心詞,ㄔㄚ,chā,30,40
差距,5,B2,核心詞,ㄔㄚ ㄐㄩˋ,chā jù,20,25
插嘴,5,B2,核心詞,ㄔㄚ ㄗㄨㄟˇ,chā zuǐ,8,1
拆,5,B2,核心詞,ㄔㄞ,chāi,12,18
產地,5,B2,餐飲、烹飪,ㄔㄢˇ ㄉㄧˋ,chǎn dì,4,9
產量,5,B2,購物、商店,ㄔㄢˇ ㄌㄧㄤˋ,chǎn liàng,14,68
產業,5,B2,職業,ㄔㄢˇ ㄧㄝˋ,chǎn yè,83,103
嘗/嚐,5,B2,餐飲、烹飪,ㄔㄤˊ,cháng,24,15
長處,5,B2,核心詞,ㄔㄤˊ ㄔㄨˋ,cháng chù,22,1
長久,5,B2,核心詞,ㄔㄤˊ ㄐㄧㄡˇ,cháng jiǔ,23,17
長壽,5,B2,身體、醫療,ㄔㄤˊ ㄕㄡˋ,cháng shòu,17,11
長途,5,B2,交通、旅遊,ㄔㄤˊ ㄊㄨˊ,cháng tú,9,3
長遠,5,B2,核心詞,ㄔㄤˊ ㄩㄢˇ,cháng yuǎn,10,11
場次,5,B2,教育、學習,ㄔㄤˇ ㄘˋ,chǎng cì,1,4
場地,5,B2,日常起居,ㄔㄤˇ ㄉㄧˋ,chǎng dì,8,18
場合,5,B2,社交、人際,ㄔㄤˇ ㄏㄜˊ,chǎng hé,33,18
場景,5,B2,休閒、娛樂,ㄔㄤˇ ㄐㄧㄥˇ,chǎng jǐng,28,21
廠商,5,B2,職業,ㄔㄤˇ ㄕㄤ,chǎng shāng,33,32
場所,5,B2,日常起居,ㄔㄤˇ ㄙㄨㄛˇ,chǎng suǒ,31,18
抄,5,B2,核心詞,ㄔㄠ,chāo,13,10
超出,5,B2,交通、旅遊,ㄔㄠ ㄔㄨ,chāo chū,14,5
鈔票,5,B2,公共服務,ㄔㄠ ㄆㄧㄠˋ,chāo piào,11,7
超人,5,B2,休閒、娛樂,ㄔㄠ ㄖㄣˊ,chāo rén,25,7
超越,5,B2,核心詞,ㄔㄠ ㄩㄝˋ,chāo yuè,58,20
潮流,5,B2,社會,ㄔㄠˊ ㄌㄧㄡˊ,cháo liú,17,12
嘲笑,5,B2,情緒、態度,ㄔㄠˊ ㄒㄧㄠˋ,cháo xiào,20,3
吵鬧,5,B2,核心詞,ㄔㄠˇ ㄋㄠˋ,chǎo nào,7,3
車道,5,B2,交通、旅遊,ㄔㄜ ㄉㄠˋ,chē dào,13,4
車輛,5,B2,核心詞,ㄔㄜ ㄌㄧㄤˋ,chē liàng,16,22
車廂,5,B2,交通、旅遊,ㄔㄜ ㄒㄧㄤ,chē xiāng,16,9
澈底/徹底,5,B2,核心詞,ㄔㄜˋ ㄉㄧˇ,chè dǐ,72,24
沉/沈,5,B2,核心詞,ㄔㄣˊ,chén,26,25
沉默/沈默,5,B2,情緒、態度,ㄔㄣˊ ㄇㄛˋ,chén mò,57,10
陳述,5,B2,教育、學習,ㄔㄣˊ ㄕㄨˋ,chén shù,21,3
沉重/沈重,5,B2,核心詞,ㄔㄣˊ ㄓㄨㄥˋ,chén zhòng,39,25
趁早,5,B2,核心詞,ㄔㄣˋ ㄗㄠˇ,chèn zǎo,3,1
撐,5,B2,核心詞,ㄔㄥ,chēng,28,27
稱1,5,B2,公共服務,ㄔㄥ,chēng,188,76
稱呼,5,B2,核心詞,ㄔㄥ ㄏㄨ,chēng hū,25,11
稱讚,5,B2,社交、人際,ㄔㄥ ㄗㄢˋ,chēng zàn,26,7
成本,5,B2,購物、商店,ㄔㄥˊ ㄅㄣˇ,chéng běn,68,73
懲罰,5,B2,安全,ㄔㄥˊ ㄈㄚˊ,chéng fá,32,13
成分/成份,5,B2,餐飲、烹飪,ㄔㄥˊ ㄈㄣˋ,chéng fèn,41,93
成就感,5,B2,核心詞,ㄔㄥˊ ㄐㄧㄡˋ ㄍㄢˇ,chéng jiù gǎn,13,32
成名,5,B2,休閒、娛樂,ㄔㄥˊ ㄇㄧㄥˊ,chéng míng,6,3
承諾,5,B2,核心詞,ㄔㄥˊ ㄋㄨㄛˋ,chéng nuò,35,31
誠實,5,B2,情緒、態度,ㄔㄥˊ ㄕˊ,chéng shí,31,13
程式,5,B2,職業,ㄔㄥˊ ㄕˋ,chéng shì,28,7
成為,5,B2,核心詞,ㄔㄥˊ ㄨㄟˊ,chéng wéi,534,390
成效,5,B2,教育、學習,ㄔㄥˊ ㄒㄧㄠˋ,chéng xiào,20,16
成語,5,B2,教育、學習,ㄔㄥˊ ㄩˇ,chéng yǔ,5,9
成員,5,B2,職業,ㄔㄥˊ ㄩㄢˊ,chéng yuán,85,53
乘坐,5,B2,交通、旅遊,ㄔㄥˊ ㄗㄨㄛˋ,chéng zuò,8,3
吃驚,5,B2,情緒、態度,ㄔ ㄐㄧㄥ,chī jīng,27,2
吃苦,5,B2,核心詞,ㄔ ㄎㄨˇ,chī kǔ,8,10
吃虧,5,B2,核心詞,ㄔ ㄎㄨㄟ,chī kuī,7,2
吃力,5,B2,核心詞,ㄔ ㄌㄧˋ,chī lì,11,10
持,5,B2,核心詞,ㄔˊ,chí,33,21
尺寸,5,B2,購物、商店,ㄔˊ ˙ㄘㄨㄣ/ㄔˇ ㄘㄨㄣˋ,chí cun/chǐ cùn,13,13
遲早,5,B2,核心詞,ㄔˊ ㄗㄠˇ,chí zǎo,14,4
翅膀/翅,5,B2,自然環境,ㄔˋ ㄅㄤˇ/ㄔˋ,chì bǎng/chì,38,17
沖,5,B2,餐飲、烹飪,ㄔㄨㄥ,chōng,15,25
衝動,5,B2,情緒、態度,ㄔㄨㄥ ㄉㄨㄥˋ,chōng dòng,38,9
充分/充份,5,B2,核心詞,ㄔㄨㄥ ㄈㄣˋ,chōng fèn,79,29
充實,5,B2,核心詞,ㄔㄨㄥ ㄕˊ,chōng shí,21,13
充足,5,B2,交通、旅遊,ㄔㄨㄥ ㄗㄨˊ,chōng zú,13,23
崇拜,5,B2,情緒、態度,ㄔㄨㄥˊ ㄅㄞˋ,chóng bài,35,9
重複,5,B2,教育、學習,ㄔㄨㄥˊ ㄈㄨˋ,chóng fù,77,30
重建,5,B2,交通、旅遊,ㄔㄨㄥˊ ㄐㄧㄢˋ,chóng jiàn,25,58
重現,5,B2,文化,ㄔㄨㄥˊ ㄒㄧㄢˋ,chóng xiàn,10,8
重新,5,B2,核心詞,ㄔㄨㄥˊ ㄒㄧㄣ,chóng xīn,169,161
蟲子/蟲,5,B2,自然環境,ㄔㄨㄥˊ ˙ㄗ/ㄔㄨㄥˊ,chóng zi/chóng,30,132
重組,5,B2,核心詞,ㄔㄨㄥˊ ㄗㄨˇ,chóng zǔ,10,5
寵,5,B2,情緒、態度,ㄔㄨㄥˇ,chǒng,7,3
抽,5,B2,核心詞,ㄔㄡ,chōu,33,37
抽空,5,B2,核心詞,ㄔㄡ ㄎㄨㄥˋ,chōu kòng,4,3
抽屜,5,B2,核心詞,ㄔㄡ ㄊㄧˋ,chōu tì,21,11
抽象,5,B2,教育、學習,ㄔㄡ ㄒㄧㄤˋ,chōu xiàng,23,5
齣,5,B2,,ㄔㄨ,chū,18,14
出版社,5,B2,教育、學習,ㄔㄨ ㄅㄢˇ ㄕㄜˋ,chū bǎn shè,48,4
出兵,5,B2,安全,ㄔㄨ ㄅㄧㄥ,chū bīng,19,22
初步,5,B2,核心詞,ㄔㄨ ㄅㄨˋ,chū bù,14,17
出差,5,B2,職業,ㄔㄨ ㄔㄞ,chū chāi,9,4
出錯,5,B2,核心詞,ㄔㄨ ㄘㄨㄛˋ,chū cuò,10,5
出軌,5,B2,安全,ㄔㄨ ㄍㄨㄟˇ,chū guǐ,2,2
出海,5,B2,交通、旅遊,ㄔㄨ ㄏㄞˇ,chū hǎi,8,9
初級,5,B2,教育、學習,ㄔㄨ ㄐㄧˊ,chū jí,4,2
出境,5,B2,安全,ㄔㄨ ㄐㄧㄥˋ,chū jìng,3,1
出路,5,B2,核心詞,ㄔㄨ ㄌㄨˋ,chū lù,12,11
出名,5,B2,核心詞,ㄔㄨ ㄇㄧㄥˊ,chū míng,11,6
出色,5,B2,核心詞,ㄔㄨ ㄙㄜˋ,chū sè,21,2
出身,5,B2,個人資料,ㄔㄨ ㄕㄣ,chū shēn,45,17
出生率,5,B2,社會,ㄔㄨ ㄕㄥ ㄌㄩˋ,chū shēng lǜ,1,1
出手,5,B2,休閒、娛樂,ㄔㄨ ㄕㄡˇ,chū shǒu,15,5
出外,5,B2,核心詞,ㄔㄨ ㄨㄞˋ,chū wài,9,9
出席,5,B2,社交、人際,ㄔㄨ ㄒㄧˊ,chū xí,24,13
出血,5,B2,身體、醫療,ㄔㄨ ㄒㄧㄝˇ,chū xiě,10,7
出自,5,B2,核心詞,ㄔㄨ ㄗˋ,chū zì,29,7
出走,5,B2,核心詞,ㄔㄨ ㄗㄡˇ,chū zǒu,11,9
除此之外,5,B2,核心詞,ㄔㄨˊ ㄘˇ ㄓ ㄨㄞˋ,chú cǐ zhī wài,24,31
儲存,5,B2,科技,ㄔㄨˊ ㄘㄨㄣˊ,chú cún,24,30
廚師,5,B2,餐飲、烹飪,ㄔㄨˊ ㄕ,chú shī,11,12
除外,5,B2,核心詞,ㄔㄨˊ ㄨㄞˋ,chú wài,4,0
處罰,5,B2,安全,ㄔㄨˇ ㄈㄚˊ,chǔ fá,22,18
處方,5,B2,身體、醫療,ㄔㄨˇ ㄈㄤ,chǔ fāng,22,4
穿越,5,B2,交通、旅遊,ㄔㄨㄢ ㄩㄝˋ,chuān yuè,21,15
穿著,5,B2,日常起居,ㄔㄨㄢ ㄓㄨㄛˊ,chuān zhuó,44,15
傳播,5,B2,教育、學習,ㄔㄨㄢˊ ㄅㄛˋ,chuán bò,38,29
傳達,5,B2,社交、人際,ㄔㄨㄢˊ ㄉㄚˊ,chuán dá,28,20
傳教,5,B2,文化,ㄔㄨㄢˊ ㄐㄧㄠˋ,chuán jiào,9,6
傳奇,5,B2,文化,ㄔㄨㄢˊ ㄑㄧˊ,chuán qí,23,10
傳染,5,B2,身體、醫療,ㄔㄨㄢˊ ㄖㄢˇ,chuán rǎn,8,25
傳送,5,B2,科技,ㄔㄨㄢˊ ㄙㄨㄥˋ,chuán sòng,12,3
船隻,5,B2,交通、旅遊,ㄔㄨㄢˊ ㄓ,chuán zhī,14,16
喘,5,B2,身體、醫療,ㄔㄨㄢˇ,chuǎn,25,11
喘氣,5,B2,身體、醫療,ㄔㄨㄢˇ ㄑㄧˋ,chuǎn qì,7,1
串,5,B2,核心詞,ㄔㄨㄢˋ,chuàn,23,17
床單,5,B2,日常起居,ㄔㄨㄤˊ ㄉㄢ,chuáng dān,7,2
闖,5,B2,安全,ㄔㄨㄤˇ,chuǎng,12,5
闖禍,5,B2,,ㄔㄨㄤˇ ㄏㄨㄛˋ,chuǎng huò,1,1
創辦,5,B2,教育、學習,ㄔㄨㄤˋ ㄅㄢˋ,chuàng bàn,21,15
創立,5,B2,核心詞,ㄔㄨㄤˋ ㄌㄧˋ,chuàng lì,24,17
創業,5,B2,職業,ㄔㄨㄤˋ ㄧㄝˋ,chuàng yè,34,26
創作,5,B2,休閒、娛樂,ㄔㄨㄤˋ ㄗㄨㄛˋ,chuàng zuò,78,68
吹牛,5,B2,核心詞,ㄔㄨㄟ ㄋㄧㄡˊ,chuī niú,6,4
純,5,B2,核心詞,ㄔㄨㄣˊ,chún,29,37
詞彙,5,B2,教育、學習,ㄘˊ ㄏㄨㄟˋ,cí huì,15,1
辭職,5,B2,職業,ㄘˊ ㄓˊ,cí zhí,18,7
此後,5,B2,核心詞,ㄘˇ ㄏㄡˋ,cǐ hòu,23,2
此外,5,B2,核心詞,ㄘˇ ㄨㄞˋ,cǐ wài,107,20
刺,5,B2,餐飲、烹飪,ㄘˋ,cì,32,16
次女,5,B2,核心詞,ㄘˋㄋㄩˇ,cì nǚ,2,0
次數,5,B2,核心詞,ㄘˋ ㄕㄨˋ,cì shù,28,11
次子,5,B2,個人資料,ㄘˋ ㄗˇ,cì zǐ,7,1
匆忙,5,B2,核心詞,ㄘㄨㄥ ㄇㄤˊ,cōng máng,11,3
從頭到尾,5,B2,核心詞,ㄘㄨㄥˊ ㄊㄡˊ ㄉㄠˋ ㄨㄟˇ,cóng tóu dào wěi,12,8
粗心,5,B2,核心詞,ㄘㄨ ㄒㄧㄣ,cū xīn,5,3
促使,5,B2,核心詞,ㄘㄨˋ ㄕˇ,cù shǐ,25,11
催,5,B2,核心詞,ㄘㄨㄟ,cuī,17,18
脆弱,5,B2,身體、醫療,ㄘㄨㄟˋ ㄖㄨㄛˋ,cuì ruò,26,25
村子/村,5,B2,核心詞,ㄘㄨㄣ ˙ㄗ/ㄘㄨㄣ,cūn zi/cūn,72,117
存款,5,B2,公共服務,ㄘㄨㄣˊ ㄎㄨㄢˇ,cún kuǎn,8,16
存在,5,B2,核心詞,ㄘㄨㄣˊ ㄗㄞˋ,cún zài,237,101
吋,5,B2,核心詞,ㄘㄨㄣˋ,cùn,10,6
寸,5,B2,購物、商店,ㄘㄨㄣˋ,cùn,21,13
錯過,5,B2,核心詞,ㄘㄨㄛˋ ㄍㄨㄛˋ,cuò guò,19,13
挫折,5,B2,核心詞,ㄘㄨㄛˋ ㄓㄜˊ,cuò zhé,62,43
搭乘,5,B2,交通、旅遊,ㄉㄚ ㄔㄥˊ,dā chéng,15,15
搭配,5,B2,核心詞,ㄉㄚ ㄆㄟˋ,dā pèi,21,34
打敗,5,B2,休閒、娛樂,ㄉㄚˇ ㄅㄞˋ,dǎ bài,22,10
打動,5,B2,情緒、態度,ㄉㄚˇ ㄉㄨㄥˋ,dǎ dòng,9,5
打賭,5,B2,核心詞,ㄉㄚˇ ㄉㄨˇ,dǎ dǔ,9,1
打斷,5,B2,核心詞,ㄉㄚˇ ㄉㄨㄢˋ,dǎ duàn,29,4
打擊,5,B2,核心詞,ㄉㄚˇ ㄐㄧˊ,dǎ jí,47,34
打瞌睡,5,B2,身體、醫療,ㄉㄚˇ ㄎㄜ ㄕㄨㄟˋ,dǎ kē shuì,5,5
打獵,5,B2,休閒、娛樂,ㄉㄚˇ ㄌㄧㄝˋ,dǎ liè,21,6
打破,5,B2,安全,ㄉㄚˇ ㄆㄛˋ,dǎ pò,38,26
打氣,5,B2,情緒、態度,ㄉㄚˇ ㄑㄧˋ,dǎ qì,6,8
打仗,5,B2,社會,ㄉㄚˇ ㄓㄤˋ,dǎ zhàng,19,5
大半,5,B2,核心詞,ㄉㄚˋ ㄅㄢˋ,dà bàn,18,12
大便,5,B2,身體、醫療,ㄉㄚˋ ㄅㄧㄢˋ,dà biàn,12,6
大膽,5,B2,情緒、態度,ㄉㄚˋ ㄉㄢˇ,dà dǎn,30,9
大地,5,B2,自然環境,ㄉㄚˋ ㄉㄧˋ,dà dì,38,61
大夫,5,B2,身體、醫療,ㄉㄚˋ ㄈㄨ / ㄉㄞˋ ˙ㄈㄨ,dà fū / dài fu,23,7
大會,5,B2,社會,ㄉㄚˋ ㄏㄨㄟˋ,dà huì,35,24
大街小巷,5,B2,日常起居,ㄉㄚˋ ㄐㄧㄝ ㄒㄧㄠˇ ㄒㄧㄤˋ,dà jiē xiǎo xiàng,4,6
大腦,5,B2,身體、醫療,ㄉㄚˋ ㄋㄠˇ,dà nǎo,235,28
大排長龍,5,B2,交通、旅遊,ㄉㄚˋ ㄆㄞˊ ㄔㄤˊ ㄌㄨㄥˊ,dà pái cháng lóng,2,6
大清早,5,B2,核心詞,ㄉㄚˋ ㄑㄧㄥ ㄗㄠˇ,dà qīng zǎo,3,5
大師,5,B2,教育、學習,ㄉㄚˋ ㄕ,dà shī,54,31
大王,5,B2,核心詞,ㄉㄚˋ ㄨㄤˊ,dà wáng,28,2
大西洋,5,B2,自然環境,ㄉㄚˋ ㄒㄧ ㄧㄤˊ,dà xī yáng,6,8
大象/象,5,B2,自然環境,ㄉㄚˋ ㄒㄧㄤˋ/ㄒㄧㄤˋ,dà xiàng/xiàng,33,54
大致,5,B2,核心詞,ㄉㄚˋ ㄓˋ,dà zhì,27,7
大眾,5,B2,社會,ㄉㄚˋ ㄓㄨㄥˋ,dà zhòng,78,45
呆,5,B2,核心詞,ㄉㄞ,dāi,15,7
待,5,B2,核心詞,ㄉㄞˋ,dài,123,56
逮捕,5,B2,安全,ㄉㄞˋ ㄅㄨˇ,dài bǔ,27,12
代溝,5,B2,核心詞,ㄉㄞˋ ㄍㄡ,dài gōu,2,1
代價,5,B2,日常起居,ㄉㄞˋ ㄐㄧㄚˋ,dài jià,36,26
代課,5,B2,教育、學習,ㄉㄞˋ ㄎㄜˋ,dài kè,1,1
貸款,5,B2,公共服務,ㄉㄞˋ ㄎㄨㄢˇ,dài kuǎn,24,16
代理,5,B2,職業,ㄉㄞˋ ㄌㄧˇ,dài lǐ,19,3
帶領,5,B2,核心詞,ㄉㄞˋ ㄌㄧㄥˇ,dài lǐng,45,46
帶路,5,B2,核心詞,ㄉㄞˋ ㄌㄨˋ,dài lù,4,1
代替,5,B2,核心詞,ㄉㄞˋ ㄊㄧˋ,dài tì,23,23
待遇,5,B2,職業,ㄉㄞˋ ㄩˋ,dài yù,22,9
單,5,B2,核心詞,ㄉㄢ,dān,37,36
單獨,5,B2,核心詞,ㄉㄢ ㄉㄨˊ,dān dú,36,9
單價,5,B2,購物、商店,ㄉㄢ ㄐㄧㄚˋ,dān jià,1,3
單親,5,B2,核心詞,ㄉㄢ ㄑㄧㄣ,dān qīn,6,11
擔任,5,B2,核心詞,ㄉㄢ ㄖㄣˋ,dān rèn,125,68
單身,5,B2,個人資料,ㄉㄢ ㄕㄣ,dān shēn,12,4
單位,5,B2,職業,ㄉㄢ ㄨㄟˋ,dān wèi,82,70
耽誤,5,B2,核心詞,ㄉㄢ ㄨˋ,dān wù,6,4
單一,5,B2,核心詞,ㄉㄢ ㄧ,dān yī,32,20
擔憂,5,B2,核心詞,ㄉㄢ ㄧㄡ,dān yōu,27,15
膽,5,B2,核心詞,ㄉㄢˇ,dǎn,18,10
膽小,5,B2,核心詞,ㄉㄢˇ ㄒㄧㄠˇ,dǎn xiǎo,7,1
膽子,5,B2,情緒、態度,ㄉㄢˇ ˙ㄗ,dǎn zi,8,4
誕生,5,B2,個人資料,ㄉㄢˋ ㄕㄥ,dàn shēng,33,22
但願,5,B2,核心詞,ㄉㄢˋ ㄩㄢˋ,dàn yuàn,14,5
當兵,5,B2,職業,ㄉㄤ ㄅㄧㄥ,dāng bīng,7,11
當場,5,B2,核心詞,ㄉㄤ ㄔㄤˊ,dāng cháng,26,10
當代,5,B2,教育、學習,ㄉㄤ ㄉㄞˋ,dāng dài,36,10
當今,5,B2,核心詞,ㄉㄤ ㄐㄧㄣ,dāng jīn,17,5
當局,5,B2,社會,ㄉㄤ ㄐㄩˊ,dāng jú,18,22
當面,5,B2,核心詞,ㄉㄤ ㄇㄧㄢˋ,dāng miàn,11,4
當日,5,B2,核心詞,ㄉㄤ ㄖˋ,dāng rì,10,1
當心,5,B2,核心詞,ㄉㄤ ㄒㄧㄣ,dāng xīn,5,1
當選,5,B2,社會,ㄉㄤ ㄒㄩㄢˇ,dāng xuǎn,9,14
擋,5,B2,核心詞,ㄉㄤˇ,dǎng,16,16
檔案,5,B2,教育、學習,ㄉㄤˇ ㄢˋ,dǎng àn,41,5
當2,5,B2,核心詞,ㄉㄤˋ,dàng,1150,895
禱告,5,B2,文化,ㄉㄠˇ ㄍㄠˋ,dǎo gào,19,12
倒楣,5,B2,核心詞,ㄉㄠˇ ㄇㄟˊ,dǎo méi,13,10
道2,5,B2,核心詞,ㄉㄠˋ,dào,491,164
盜版,5,B2,,ㄉㄠˋ ㄅㄢˇ,dào bǎn,2,1
道地,5,B2,餐飲、烹飪,ㄉㄠˋ ㄉㄧˋ,dào dì,4,2
道歉,5,B2,社交、人際,ㄉㄠˋ ㄑㄧㄢˋ,dào qiàn,24,42
倒數,5,B2,核心詞,ㄉㄠˋ ㄕㄨˇ,dào shǔ,5,6
倒退,5,B2,核心詞,ㄉㄠˋ ㄊㄨㄟˋ,dào tuì,6,3
道謝,5,B2,社交、人際,ㄉㄠˋ ㄒㄧㄝˋ,dào xiè,8,1
得意,5,B2,核心詞,ㄉㄜˊ ㄧˋ,dé yì,32,4
得知,5,B2,核心詞,ㄉㄜˊ ㄓ,dé zhī,51,16
登,5,B2,,ㄉㄥ,dēng,24,6
燈光,5,B2,日常起居,ㄉㄥ ㄍㄨㄤ,dēng guāng,31,18
燈火,5,B2,核心詞,ㄉㄥ ㄏㄨㄛˇ,dēng huǒ,9,4
登記,5,B2,日常起居,ㄉㄥ ㄐㄧˋ,dēng jì,11,13
燈泡,5,B2,核心詞,ㄉㄥ ㄆㄠˋ,dēng pào,7,40
登山,5,B2,休閒、娛樂,ㄉㄥ ㄕㄢ,dēng shān,13,10
等不及,5,B2,核心詞,ㄉㄥˇ ㄅㄨˋ ㄐㄧˊ,děng bù jí,5,4
等候,5,B2,核心詞,ㄉㄥˇ ㄏㄡˋ,děng hòu,24,10
等於,5,B2,核心詞,ㄉㄥˇ ㄩˊ,děng yú,75,147
瞪,5,B2,核心詞,ㄉㄥˋ,dèng,33,5
滴,5,B2,餐飲、烹飪,ㄉㄧ,dī,29,43
低級,5,B2,教育、學習,ㄉㄧ ㄐㄧˊ,dī jí,4,1
低落,5,B2,核心詞,ㄉㄧ ㄌㄨㄛˋ,dī luò,17,6
低聲,5,B2,核心詞,ㄉㄧ ㄕㄥ,dī shēng,33,1
敵人,5,B2,安全,ㄉㄧˊ ㄖㄣˊ,dí rén,94,16
敵意,5,B2,核心詞,ㄉㄧˊ ㄧˋ,dí yì,23,3
抵抗,5,B2,安全,ㄉㄧˇ ㄎㄤˋ,dǐ kàng,27,13
遞,5,B2,核心詞,ㄉㄧˋ,dì,10,2
地帶,5,B2,交通、旅遊,ㄉㄧˋ ㄉㄞˋ,dì dài,17,9
地瓜,5,B2,餐飲、烹飪,ㄉㄧˋ ㄍㄨㄚ,dì guā,7,58
地形,5,B2,交通、旅遊,ㄉㄧˋ ㄒㄧㄥˊ,dì xíng,15,68
弟子,5,B2,文化,ㄉㄧˋ ㄗˇ,dì zǐ,26,17
典範,5,B2,教育、學習,ㄉㄧㄢˇ ㄈㄢˋ,diǎn fàn,25,26
點名,5,B2,教育、學習,ㄉㄧㄢˇ ㄇㄧㄥˊ,diǎn míng,4,3
點子,5,B2,核心詞,ㄉㄧㄢˇ ˙ㄗ,diǎn zi,31,12
電動,5,B2,核心詞,ㄉㄧㄢˋ ㄉㄨㄥˋ,diàn dòng,8,28
電線,5,B2,科技,ㄉㄧㄢˋ ㄒㄧㄢˋ,diàn xiàn,8,11
電信,5,B2,科技,ㄉㄧㄢˋ ㄒㄧㄣˋ,diàn xìn,6,2
調2,5,B2,核心詞,ㄉㄧㄠˋ,diào,23,35
釣,5,B2,休閒、娛樂,ㄉㄧㄠˋ,diào,7,7
掉落,5,B2,核心詞,ㄉㄧㄠˋ ㄌㄨㄛˋ,diào luò,11,7
碟,5,B2,餐飲、烹飪,ㄉㄧㄝˊ,dié,4,2
跌,5,B2,核心詞,ㄉㄧㄝˊ,dié,14,7
跌倒,5,B2,身體、醫療,ㄉㄧㄝˊ ㄉㄠˇ,dié dǎo,15,28
叮,5,B2,日常起居,ㄉㄧㄥ,dīng,5,12
盯,5,B2,核心詞,ㄉㄧㄥ,dīng,61,16
頂,5,B2,核心詞,ㄉㄧㄥˇ,dǐng,66,45
頂多,5,B2,核心詞,ㄉㄧㄥˇ ㄉㄨㄛ,dǐng duō,15,12
頂樓,5,B2,日常起居,ㄉㄧㄥˇ ㄌㄡˊ,dǐng lóu,4,7
訂單,5,B2,購物、商店,ㄉㄧㄥˋ ㄉㄢ,dìng dān,12,13
定期,5,B2,核心詞,ㄉㄧㄥˋ ㄑㄧˊ,dìng qí,22,24
定時,5,B2,核心詞,ㄉㄧㄥˋ ㄕˊ,dìng shí,8,11
定義,5,B2,教育、學習,ㄉㄧㄥˋ ㄧˋ,dìng yì,58,31
訂製,5,B2,購物、商店,ㄉㄧㄥˋ ㄓˋ,dìng zhì,4,2
丟臉,5,B2,情緒、態度,ㄉㄧㄡ ㄌㄧㄢˇ,diū liǎn,11,10
懂事,5,B2,核心詞,ㄉㄨㄥˇ ㄕˋ,dǒng shì,10,16
凍,5,B2,餐飲、烹飪,ㄉㄨㄥˋ,dòng,8,12
動不動,5,B2,核心詞,ㄉㄨㄥˋ ㄅㄨˊ ㄉㄨㄥˋ,dòng bú dòng,8,5
動畫,5,B2,休閒、娛樂,ㄉㄨㄥˋ ㄏㄨㄚˋ,dòng huà,7,6
動機,5,B2,核心詞,ㄉㄨㄥˋ ㄐㄧ,dòng jī,60,19
動力,5,B2,核心詞,ㄉㄨㄥˋ ㄌㄧˋ,dòng lì,36,41
動人,5,B2,核心詞,ㄉㄨㄥˋ ㄖㄣˊ,dòng rén,22,13
動身,5,B2,核心詞,ㄉㄨㄥˋ ㄕㄣ,dòng shēn,8,1
動手,5,B2,核心詞,ㄉㄨㄥˋ ㄕㄡˇ,dòng shǒu,34,28
動聽,5,B2,核心詞,ㄉㄨㄥˋ ㄊㄧㄥ,dòng tīng,6,1
獨特,5,B2,核心詞,ㄉㄨˊ ㄊㄜˋ,dú tè,50,35
毒藥,5,B2,身體、醫療,ㄉㄨˊ ㄧㄠˋ,dú yào,10,3
獨子,5,B2,個人資料,ㄉㄨˊ ㄗˇ,dú zǐ,3,5
獨自,5,B2,核心詞,ㄉㄨˊ ㄗˋ,dú zì,44,10
賭,5,B2,休閒、娛樂,ㄉㄨˇ,dǔ,18,10
賭博,5,B2,休閒、娛樂,ㄉㄨˇ ㄅㄛˊ,dǔ bó,11,11
賭場,5,B2,交通、旅遊,ㄉㄨˇ ㄔㄤˊ,dǔ cháng,9,8
堵車,5,B2,交通、旅遊,ㄉㄨˇ ㄔㄜ,dǔ chē,1,1
堵塞,5,B2,身體、醫療,ㄉㄨˇ ㄙㄜˋ,dǔ sè,4,5
短處,5,B2,核心詞,ㄉㄨㄢˇ ㄔㄨˋ,duǎn chù,5,0
短暫,5,B2,核心詞,ㄉㄨㄢˇ ㄓㄢˋ,duǎn zhàn,30,18
斷,5,B2,核心詞,ㄉㄨㄢˋ,duàn,38,41
段落,5,B2,教育、學習,ㄉㄨㄢˋ ㄌㄨㄛˋ,duàn luò,9,4
對比,5,B2,核心詞,ㄉㄨㄟˋ ㄅㄧˇ,duì bǐ,18,8
對付,5,B2,安全,ㄉㄨㄟˋ ˙ㄈㄨ,duì fu,33,7
對抗,5,B2,社會,ㄉㄨㄟˋ ㄎㄤˋ,duì kàng,49,43
對立,5,B2,教育、學習,ㄉㄨㄟˋ ㄌㄧˋ,duì lì,27,19
隊伍,5,B2,休閒、娛樂,ㄉㄨㄟˋ ㄨˇ,duì wǔ,29,20
對於,5,B2,核心詞,ㄉㄨㄟˋ ㄩˊ,duì yú,357,443
蹲,5,B2,核心詞,ㄉㄨㄣ,dūn,25,14
多餘,5,B2,核心詞,ㄉㄨㄛ ㄩˊ,duō yú,15,17
多元,5,B2,核心詞,ㄉㄨㄛ ㄩㄢˊ,duō yuán,32,23
奪,5,B2,,ㄉㄨㄛˊ,duó,24,1
墮胎,5,B2,社會,ㄉㄨㄛˋ ㄊㄞ,duò tāi,6,1
鵝,5,B2,自然環境,ㄜˊ,é,12,6
額頭,5,B2,身體、醫療,ㄜˊ ˙ㄊㄡ,é tou,18,4
額外,5,B2,核心詞,ㄜˊ ㄨㄞˋ,é wài,17,11
噁心,5,B2,身體、醫療,ㄜˇ ㄒㄧㄣ,ě xīn,13,10
惡化,5,B2,身體、醫療,ㄜˋ ㄏㄨㄚˋ,è huà,24,28
惡劣,5,B2,核心詞,ㄜˋ ㄌㄧㄝˋ,è liè,19,22
惡夢,5,B2,日常起居,ㄜˋ ㄇㄥˋ,è mèng,10,6
而,5,B2,核心詞,ㄦˊ,ér,3445,1656
兒時,5,B2,核心詞,ㄦˊ ㄕˊ,ér shí,7,4
耳環,5,B2,購物、商店,ㄦˇ ㄏㄨㄢˊ,ěr huán,5,2
發達,5,B2,教育、學習,ㄈㄚ ㄉㄚˊ,fā dá,23,30
發呆,5,B2,核心詞,ㄈㄚ ㄉㄞ,fā dāi,6,5
發動,5,B2,安全,ㄈㄚ ㄉㄨㄥˋ,fā dòng,47,39
發抖,5,B2,核心詞,ㄈㄚ ㄉㄡˇ,fā dǒu,19,5
發瘋,5,B2,核心詞,ㄈㄚ ㄈㄥ,fā fēng,12,5
發揮,5,B2,核心詞,ㄈㄚ ㄏㄨㄟ,fā huī,94,82
發覺,5,B2,核心詞,ㄈㄚ ㄐㄩㄝˊ,fā jué,30,38
發脾氣,5,B2,核心詞,ㄈㄚ ㄆㄧˊ ㄑㄧˋ,fā pí qì,15,14
發起,5,B2,社會,ㄈㄚ ㄑㄧˇ,fā qǐ,14,25
發誓,5,B2,情緒、態度,ㄈㄚ ㄕˋ,fā shì,21,6
發問,5,B2,核心詞,ㄈㄚ ㄨㄣˋ,fā wèn,10,2
發行,5,B2,教育、學習,ㄈㄚ ㄒㄧㄥˊ,fā xíng,25,10
發言,5,B2,教育、學習,ㄈㄚ ㄧㄢˊ,fā yán,19,6
發育,5,B2,身體、醫療,ㄈㄚ ㄩˋ,fā yù,21,22
罰,5,B2,安全,ㄈㄚˊ,fá,18,13
罰款,5,B2,安全,ㄈㄚˊ ㄎㄨㄢˇ,fá kuǎn,4,3
法子,5,B2,核心詞,ㄈㄚˊ ˙ㄗ,fá zi,8,2
法官,5,B2,安全,ㄈㄚˇ ㄍㄨㄢ,fǎ guān,25,7
法庭,5,B2,安全,ㄈㄚˇ ㄊㄧㄥˊ,fǎ tíng,24,5
法院,5,B2,安全,ㄈㄚˇ ㄩㄢˋ,fǎ yuàn,21,16
番,5,B2,核心詞,ㄈㄢ,fān,114,28
翻臉,5,B2,情緒、態度,ㄈㄢ ㄌㄧㄢˇ,fān liǎn,4,1
煩人,5,B2,核心詞,ㄈㄢˊ ㄖㄣˊ,fán rén,4,1
繁榮,5,B2,社會,ㄈㄢˊ ㄖㄨㄥˊ,fán róng,17,14
凡事,5,B2,核心詞,ㄈㄢˊ ㄕˋ,fán shì,22,13
反駁,5,B2,教育、學習,ㄈㄢˇ ㄅㄛˊ,fǎn bó,21,1
反而,5,B2,核心詞,ㄈㄢˇ ㄦˊ,fǎn ér,158,157
返回,5,B2,核心詞,ㄈㄢˇ ㄏㄨㄟˊ,fǎn huí,33,8
反抗,5,B2,社會,ㄈㄢˇ ㄎㄤˋ,fǎn kàng,29,37
反面,5,B2,核心詞,ㄈㄢˇ ㄇㄧㄢˋ,fǎn miàn,11,1
反省,5,B2,核心詞,ㄈㄢˇ ㄒㄧㄥˇ,fǎn xǐng,22,40
反映,5,B2,核心詞,ㄈㄢˇ ㄧㄥˋ,fǎn yìng,48,13
犯錯,5,B2,核心詞,ㄈㄢˋ ㄘㄨㄛˋ,fàn cuò,20,11
犯法,5,B2,安全,ㄈㄢˋ ㄈㄚˇ,fàn fǎ,5,1
犯規,5,B2,安全,ㄈㄢˋ ㄍㄨㄟ,fàn guī,3,1
販賣,5,B2,購物、商店,ㄈㄢˋ ㄇㄞˋ,fàn mài,12,13
方言,5,B2,教育、學習,ㄈㄤ ㄧㄢˊ,fāng yán,7,2
防守,5,B2,休閒、娛樂,ㄈㄤˊ ㄕㄡˇ,fáng shǒu,16,3
防止,5,B2,安全,ㄈㄤˊ ㄓˇ,fáng zhǐ,29,38
仿冒,5,B2,購物、商店,ㄈㄤˇ ㄇㄠˋ,fǎng mào,2,2
訪談,5,B2,教育、學習,ㄈㄤˇ ㄊㄢˊ,fǎng tán,27,5
放屁,5,B2,身體、醫療,ㄈㄤˋ ㄆㄧˋ,fàng pì,4,9
放手,5,B2,核心詞,ㄈㄤˋ ㄕㄡˇ,fàng shǒu,18,12
非,5,B2,核心詞,ㄈㄟ,fēi,381,128
非法,5,B2,安全,ㄈㄟ ㄈㄚˇ,fēi fǎ,9,19
飛快,5,B2,核心詞,ㄈㄟ ㄎㄨㄞˋ,fēi kuài,16,1
飛行,5,B2,交通、旅遊,ㄈㄟ ㄒㄧㄥˊ,fēi xíng,26,15
肥,5,B2,餐飲、烹飪,ㄈㄟˊ,féi,17,58
肺,5,B2,身體、醫療,ㄈㄟˋ,fèi,26,15
廢話,5,B2,核心詞,ㄈㄟˋ ㄏㄨㄚˋ,fèi huà,5,2
費力,5,B2,核心詞,ㄈㄟˋ ㄌㄧˋ,fèi lì,12,4
廢氣,5,B2,自然環境,ㄈㄟˋ ㄑㄧˋ,fèi qì,3,7
費時,5,B2,核心詞,ㄈㄟˋ ㄕˊ,fèi shí,5,4
廢水,5,B2,社會,ㄈㄟˋ ㄕㄨㄟˇ,fèi shuǐ,1,25
分辨,5,B2,核心詞,ㄈㄣ ㄅㄧㄢˋ,fēn biàn,23,17
紛紛,5,B2,核心詞,ㄈㄣ ㄈㄣ,fēn fēn,53,47
吩咐,5,B2,核心詞,ㄈㄣ ㄈㄨˋ,fēn fù,27,1
分類,5,B2,核心詞,ㄈㄣ ㄌㄟˋ,fēn lèi,30,48
分離,5,B2,核心詞,ㄈㄣ ㄌㄧˊ,fēn lí,24,18
分裂,5,B2,社會,ㄈㄣ ㄌㄧㄝˋ,fēn liè,28,15
分配,5,B2,職業,ㄈㄣ ㄆㄟˋ,fēn pèi,26,26
分散,5,B2,核心詞,ㄈㄣ ㄙㄢˋ,fēn sàn,17,13
分析,5,B2,教育、學習,ㄈㄣ ㄒㄧ,fēn xī,175,83
粉絲,5,B2,休閒、娛樂,ㄈㄣˇ ㄙ,fěn sī,3,3
憤怒,5,B2,情緒、態度,ㄈㄣˋ ㄋㄨˋ,fèn nù,68,12
封閉,5,B2,日常起居,ㄈㄥ ㄅㄧˋ,fēng bì,19,21
瘋狂,5,B2,安全,ㄈㄥ ㄎㄨㄤˊ,fēng kuáng,44,8
蜂蜜,5,B2,餐飲、烹飪,ㄈㄥ ㄇㄧˋ,fēng mì,8,6
封面,5,B2,休閒、娛樂,ㄈㄥ ㄇㄧㄢˋ,fēng miàn,13,24
風氣,5,B2,核心詞,ㄈㄥ ㄑㄧˋ,fēng qì,19,9
風趣,5,B2,個人資料,ㄈㄥ ㄑㄩˋ,fēng qù,6,2
風水,5,B2,文化,ㄈㄥ ㄕㄨㄟˇ,fēng shuǐ,23,3
風俗,5,B2,文化,ㄈㄥ ㄙㄨˊ,fēng sú,14,4
風險,5,B2,核心詞,ㄈㄥ ㄒㄧㄢˇ,fēng xiǎn,79,46
瘋子,5,B2,安全,ㄈㄥ ˙ㄗ,fēng zi,13,2
縫1,5,B2,身體、醫療,ㄈㄥˊ,féng,17,20
逢,5,B2,文化,ㄈㄥˊ,féng,22,13
諷刺,5,B2,情緒、態度,ㄈㄥˋ ㄘˋ,fèng cì,28,7
佛,5,B2,個人資料,ㄈㄛˊ,fó,48,59
否定,5,B2,核心詞,ㄈㄡˇ ㄉㄧㄥˋ,fǒu dìng,29,3
否認,5,B2,核心詞,ㄈㄡˇ ㄖㄣˋ,fǒu rèn,33,10
夫人,5,B2,核心詞,ㄈㄨ ㄖㄣˊ,fū rén,211,28
膚色,5,B2,身體、醫療,ㄈㄨ ㄙㄜˋ,fū sè,9,4
扶,5,B2,核心詞,ㄈㄨˊ,fú,29,25
浮,5,B2,核心詞,ㄈㄨˊ,fú,9,14
服從,5,B2,情緒、態度,ㄈㄨˊ ㄘㄨㄥˊ,fú cóng,22,4
符號,5,B2,教育、學習,ㄈㄨˊ ㄏㄠˋ,fú hào,23,8
符合,5,B2,核心詞,ㄈㄨˊ ㄏㄜˊ,fú hé,70,55
福氣,5,B2,核心詞,ㄈㄨˊ ㄑㄧˋ,fú qì,9,9
扶手,5,B2,核心詞,ㄈㄨˊ ㄕㄡˇ,fú shǒu,5,1
服務業,5,B2,職業,ㄈㄨˊ ㄨˋ ㄧㄝˋ,fú wù yè,8,8
輔導,5,B2,教育、學習,ㄈㄨˇ ㄉㄠˇ,fǔ dǎo,28,38
副,5,B2,核心詞,ㄈㄨˋ,fù,72,16
腹,5,B2,身體、醫療,ㄈㄨˋ,fù,18,8
負,5,B2,核心詞,ㄈㄨˋ,fù,24,17
副本,5,B2,公共服務,ㄈㄨˋ ㄅㄣˇ,fù běn,3,1
負擔,5,B2,核心詞,ㄈㄨˋ ㄉㄢ,fù dān,46,68
負面,5,B2,核心詞,ㄈㄨˋ ㄇㄧㄢˋ,fù miàn,62,28
婦人,5,B2,核心詞,ㄈㄨˋ ㄖㄣˊ,fù rén,28,4
富有,5,B2,個人資料,ㄈㄨˋ ㄧㄡˇ,fù yǒu,26,8
富裕,5,B2,職業,ㄈㄨˋ ㄩˋ,fù yù,29,16
復原,5,B2,身體、醫療,ㄈㄨˋ ㄩㄢˊ,fù yuán,20,12
複製,5,B2,科技,ㄈㄨˋ ㄓˋ,fù zhì,21,11
副總統,5,B2,社會,ㄈㄨˋ ㄗㄨㄥˇ ㄊㄨㄥˇ,fù zǒng tǒng,7,6
該,5,B2,核心詞,ㄍㄞ,gāi,563,206
改編,5,B2,休閒、娛樂,ㄍㄞˇ ㄅㄧㄢ,gǎi biān,19,2
改革,5,B2,社會,ㄍㄞˇ ㄍㄜˊ,gǎi gé,69,37
改進,5,B2,核心詞,ㄍㄞˇ ㄐㄧㄣˋ,gǎi jìn,28,12
改造,5,B2,社會,ㄍㄞˇ ㄗㄠˋ,gǎi zào,26,43
概況,5,B2,核心詞,ㄍㄞˋ ㄎㄨㄤˋ,gài kuàng,2,1
蓋章,5,B2,核心詞,ㄍㄞˋ ㄓㄤ,gài zhāng,2,2
肝,5,B2,身體、醫療,ㄍㄢ,gān,25,30
乾脆,5,B2,核心詞,ㄍㄢ ㄘㄨㄟˋ,gān cuì,34,25
尷尬,5,B2,情緒、態度,ㄍㄢ ㄍㄚˋ,gān gà,30,10
干擾,5,B2,核心詞,ㄍㄢ ㄖㄠˇ,gān rǎo,35,26
感恩,5,B2,核心詞,ㄍㄢˇ ㄣ,gǎn ēn,20,202
感激,5,B2,核心詞,ㄍㄢˇ ㄐㄧ,gǎn jī,41,12
趕忙,5,B2,核心詞,ㄍㄢˇ ㄇㄤˊ,gǎn máng,14,2
感染,5,B2,身體、醫療,ㄍㄢˇ ㄖㄢˇ,gǎn rǎn,44,88
感人,5,B2,情緒、態度,ㄍㄢˇ ㄖㄣˊ,gǎn rén,10,12
感受,5,B2,核心詞,ㄍㄢˇ ㄕㄡˋ,gǎn shòu,116,151
感想,5,B2,教育、學習,ㄍㄢˇ ㄒㄧㄤˇ,gǎn xiǎng,10,10
幹,5,B2,核心詞,ㄍㄢˋ,gàn,83,24
幹部,5,B2,職業,ㄍㄢˋ ㄅㄨˋ,gàn bù,25,7
港口/港,5,B2,交通、旅遊,ㄍㄤˇ ㄎㄡˇ/ㄍㄤˇ,gǎng kǒu/gǎng,29,33
高層,5,B2,職業,ㄍㄠ ㄘㄥˊ,gāo céng,22,10
高等,5,B2,教育、學習,ㄍㄠ ㄉㄥˇ,gāo děng,17,10
高爾夫球,5,B2,休閒、娛樂,ㄍㄠ ㄦˇ ㄈㄨ ㄑㄧㄡˊ,gāo ěr fū qiú,8,1
高跟鞋,5,B2,購物、商店,ㄍㄠ ㄍㄣ ㄒㄧㄝˊ,gāo gēn xié,5,7
高貴,5,B2,情緒、態度,ㄍㄠ ㄍㄨㄟˋ,gāo guì,16,3
高階,5,B2,職業,ㄍㄠ ㄐㄧㄝ,gāo jiē,18,7
高明,5,B2,核心詞,ㄍㄠ ㄇㄧㄥˊ,gāo míng,20,4
高手,5,B2,職業,ㄍㄠ ㄕㄡˇ,gāo shǒu,41,10
搞,5,B2,核心詞,ㄍㄠˇ,gǎo,95,50
搞不好,5,B2,核心詞,ㄍㄠˇ ㄅㄨˋ ㄏㄠˇ,gǎo bù hǎo,8,18
搞定,5,B2,核心詞,ㄍㄠˇ ㄉㄧㄥˋ,gǎo dìng,6,3
告,5,B2,安全,ㄍㄠˋ,gào,29,9
告白,5,B2,社交、人際,ㄍㄠˋ ㄅㄞˊ,gào bái,4,1
告別,5,B2,社交、人際,ㄍㄠˋ ㄅㄧㄝˊ,gào bié,17,13
告知,5,B2,核心詞,ㄍㄠˋ ㄓ,gào zhī,23,7
割,5,B2,餐飲、烹飪,ㄍㄜ,gē,18,51
歌曲,5,B2,休閒、娛樂,ㄍㄜ ㄑㄩˇ,gē qǔ,20,17
歌星,5,B2,休閒、娛樂,ㄍㄜ ㄒㄧㄥ,gē xīng,5,2
格,5,B2,休閒、娛樂,ㄍㄜˊ,gé,20,31
隔,5,B2,核心詞,ㄍㄜˊ,gé,42,35
革命,5,B2,社會,ㄍㄜˊ ㄇㄧㄥˋ,gé mìng,81,38
隔天,5,B2,核心詞,ㄍㄜˊ ㄊㄧㄢ,gé tiān,30,26
格外,5,B2,核心詞,ㄍㄜˊ ㄨㄞˋ,gé wài,19,13
個別,5,B2,核心詞,ㄍㄜˋ ㄅㄧㄝˊ,gè bié,32,7
各行各業,5,B2,職業,ㄍㄜˋ ㄏㄤˊ ㄍㄜˋ ㄧㄝˋ,gè háng gè yè,5,5
跟隨,5,B2,核心詞,ㄍㄣ ㄙㄨㄟˊ,gēn suí,27,13
根源,5,B2,核心詞,ㄍㄣ ㄩㄢˊ,gēn yuán,17,5
更改,5,B2,核心詞,ㄍㄥ ㄍㄞˇ,gēng gǎi,8,5
更換,5,B2,核心詞,ㄍㄥ ㄏㄨㄢˋ,gēng huàn,12,10
更加,5,B2,核心詞,ㄍㄥˋ ㄐㄧㄚ,gèng jiā,103,94
公布/公佈,5,B2,教育、學習,ㄍㄨㄥ ㄅㄨˋ,gōng bù,19,37
工程,5,B2,職業,ㄍㄨㄥ ㄔㄥˊ,gōng chéng,57,82
攻打,5,B2,安全,ㄍㄨㄥ ㄉㄚˇ,gōng dǎ,26,13
工夫,5,B2,核心詞,ㄍㄨㄥ ㄈㄨ/ㄍㄨㄥ ˙ㄈㄨ,gōng fū/gōng fu,23,5
公公,5,B2,個人資料,ㄍㄨㄥ ˙ㄍㄨㄥ,gōng gong,9,21
攻擊,5,B2,安全,ㄍㄨㄥ ㄐㄧˊ,gōng jí,116,138
供給,5,B2,職業,ㄍㄨㄥ ㄐㄧˇ,gōng jǐ,10,8
公克,5,B2,核心詞,ㄍㄨㄥ ㄎㄜˋ,gōng kè,9,13
功勞,5,B2,社會,ㄍㄨㄥ ㄌㄠˊ,gōng láo,18,4
公立,5,B2,教育、學習,ㄍㄨㄥ ㄌㄧˋ,gōng lì,9,7
公民,5,B2,社會,ㄍㄨㄥ ㄇㄧㄣˊ,gōng mín,20,22
公升,5,B2,核心詞,ㄍㄨㄥ ㄕㄥ,gōng shēng,5,22
公事,5,B2,社會,ㄍㄨㄥ ㄕˋ,gōng shì,10,3
功效,5,B2,身體、醫療,ㄍㄨㄥ ㄒㄧㄠˋ,gōng xiào,22,19
供應,5,B2,職業,ㄍㄨㄥ ㄧㄥˋ,gōng yìng,39,39
功用,5,B2,核心詞,ㄍㄨㄥ ㄩㄥˋ,gōng yòng,7,12
公眾,5,B2,社會,ㄍㄨㄥ ㄓㄨㄥˋ,gōng zhòng,17,5
公主,5,B2,文化,ㄍㄨㄥ ㄓㄨˇ,gōng zhǔ,72,7
工資,5,B2,職業,ㄍㄨㄥ ㄗ,gōng zī,13,12
貢獻,5,B2,教育、學習,ㄍㄨㄥˋ ㄒㄧㄢˋ,gòng xiàn,66,49
構成,5,B2,核心詞,ㄍㄡˋ ㄔㄥˊ,gòu chéng,44,16
構想,5,B2,核心詞,ㄍㄡˋ ㄒㄧㄤˇ,gòu xiǎng,22,10
構造,5,B2,身體、醫療,ㄍㄡˋ ㄗㄠˋ,gòu zào,16,21
孤單,5,B2,核心詞,ㄍㄨ ㄉㄢ,gū dān,16,16
孤獨,5,B2,情緒、態度,ㄍㄨ ㄉㄨˊ,gū dú,29,16
孤兒,5,B2,核心詞,ㄍㄨ ㄦˊ,gū ér,24,14
估計,5,B2,交通、旅遊,ㄍㄨ ㄐㄧˋ,gū jì,27,45
姑娘,5,B2,核心詞,ㄍㄨ ㄋㄧㄤˊ / ㄍㄨ ˙ㄋㄧㄤ,gū niáng / gū niang,161,6
姑丈,5,B2,個人資料,ㄍㄨ ㄓㄤˋ,gū zhàng,1,1
骨頭/骨,5,B2,身體、醫療,ㄍㄨˊ ˙ㄊㄡ / ㄍㄨˇ,gú tou / gǔ,47,62
鼓,5,B2,休閒、娛樂,ㄍㄨˇ,gǔ,13,19
股,5,B2,,ㄍㄨˇ,gǔ,113,54
古典,5,B2,休閒、娛樂,ㄍㄨˇ ㄉㄧㄢˇ,gǔ diǎn,27,14
古典樂,5,B2,休閒、娛樂,ㄍㄨˇ ㄉㄧㄢˇ ㄩㄝˋ,gǔ diǎn yuè,1,1
古怪,5,B2,核心詞,ㄍㄨˇ ㄍㄨㄞˋ,gǔ guài,20,1
古跡/古蹟,5,B2,交通、旅遊,ㄍㄨˇ ㄐㄧ,gǔ jī,7,26
古老,5,B2,文化,ㄍㄨˇ ㄌㄠˇ,gǔ lǎo,41,37
股票,5,B2,社會,ㄍㄨˇ ㄆㄧㄠˋ,gǔ piào,49,7
古人,5,B2,文化,ㄍㄨˇ ㄖㄣˊ,gǔ rén,27,20
股市,5,B2,社會,ㄍㄨˇ ㄕˋ,gǔ shì,24,9
顧問,5,B2,職業,ㄍㄨˋ ㄨㄣˋ,gù wèn,43,5
故障,5,B2,公共服務,ㄍㄨˋ ㄓㄤˋ,gù zhàng,7,6
刮,5,B2,核心詞,ㄍㄨㄚ,guā,13,13
怪獸,5,B2,休閒、娛樂,ㄍㄨㄞˋ ㄕㄡˋ,guài shòu,21,1
關閉,5,B2,核心詞,ㄍㄨㄢ ㄅㄧˋ,guān bì,14,28
觀察,5,B2,核心詞,ㄍㄨㄢ ㄔㄚˊ,guān chá,167,186
觀點,5,B2,教育、學習,ㄍㄨㄢ ㄉㄧㄢˇ,guān diǎn,124,79
關懷,5,B2,核心詞,ㄍㄨㄢ ㄏㄨㄞˊ,guān huái,37,149
關鍵,5,B2,核心詞,ㄍㄨㄢ ㄐㄧㄢˋ,guān jiàn,107,70
觀看,5,B2,休閒、娛樂,ㄍㄨㄢ ㄎㄢˋ,guān kàn,33,4
關聯,5,B2,核心詞,ㄍㄨㄢ ㄌㄧㄢˊ,guān lián,35,11
觀賞,5,B2,休閒、娛樂,ㄍㄨㄢ ㄕㄤˇ,guān shǎng,18,19
關注,5,B2,核心詞,ㄍㄨㄢ ㄓㄨˋ,guān zhù,37,74
管道,5,B2,教育、學習,ㄍㄨㄢˇ ㄉㄠˋ,guǎn dào,31,26
管子,5,B2,日常起居,ㄍㄨㄢˇ ˙ㄗ,guǎn zi,8,10
冠軍,5,B2,休閒、娛樂,ㄍㄨㄢˋ ㄐㄩㄣ,guàn jūn,18,12
罐頭,5,B2,餐飲、烹飪,ㄍㄨㄢˋ ˙ㄊㄡ,guàn tou,9,4
光臨,5,B2,購物、商店,ㄍㄨㄤ ㄌㄧㄣˊ,guāng lín,7,5
光芒,5,B2,核心詞,ㄍㄨㄤ ㄇㄤˊ,guāng máng,23,9
光明,5,B2,文化,ㄍㄨㄤ ㄇㄧㄥˊ,guāng míng,30,16
廣,5,B2,核心詞,ㄍㄨㄤˇ,guǎng,46,27
廣播,5,B2,休閒、娛樂,ㄍㄨㄤˇ ㄅㄛˋ,guǎng bò,24,22
廣場,5,B2,日常起居,ㄍㄨㄤˇ ㄔㄤˇ,guǎng chǎng,27,32
廣大,5,B2,核心詞,ㄍㄨㄤˇ ㄉㄚˋ,guǎng dà,24,13
廣泛,5,B2,教育、學習,ㄍㄨㄤˇ ㄈㄢˋ,guǎng fàn,38,18
規矩,5,B2,文化,ㄍㄨㄟ ㄐㄩˇ,guī jǔ,31,15
規律,5,B2,教育、學習,ㄍㄨㄟ ㄌㄩˋ,guī lǜ,25,11
鬼臉,5,B2,核心詞,ㄍㄨㄟˇ ㄌㄧㄢˇ,guǐ liǎn,3,0
跪,5,B2,核心詞,ㄍㄨㄟˋ,guì,32,12
貴重,5,B2,核心詞,ㄍㄨㄟˋ ㄓㄨㄥˋ,guì zhòng,7,3
貴族,5,B2,文化,ㄍㄨㄟˋ ㄗㄨˊ,guì zú,34,8
滾,5,B2,核心詞,ㄍㄨㄣˇ,gǔn,29,18
棍子/棍,5,B2,安全,ㄍㄨㄣˋ ˙ㄗ/ㄍㄨㄣˋ,gùn zi/gùn,15,7
鍋,5,B2,餐飲、烹飪,ㄍㄨㄛ,guō,37,36
國會,5,B2,社會,ㄍㄨㄛˊ ㄏㄨㄟˋ,guó huì,22,68
國籍,5,B2,交通、旅遊,ㄍㄨㄛˊ ㄐㄧˊ,guó jí,4,7
國立,5,B2,教育、學習,ㄍㄨㄛˊ ㄌㄧˋ,guó lì,15,9
國民,5,B2,個人資料,ㄍㄨㄛˊ ㄇㄧㄣˊ,guó mín,45,31
國旗,5,B2,社會,ㄍㄨㄛˊ ㄑㄧˊ,guó qí,6,10
國王,5,B2,文化,ㄍㄨㄛˊ ㄨㄤˊ,guó wáng,80,43
國營,5,B2,社會,ㄍㄨㄛˊ ㄧㄥˊ,guó yíng,13,7
過程,5,B2,核心詞,ㄍㄨㄛˋ ㄔㄥˊ,guò chéng,306,462
過度,5,B2,身體、醫療,ㄍㄨㄛˋ ㄉㄨˋ,guò dù,78,46
過量,5,B2,身體、醫療,ㄍㄨㄛˋ ㄌㄧㄤˋ,guò liàng,9,6
過世,5,B2,個人資料,ㄍㄨㄛˋ ㄕˋ,guò shì,44,39
過頭,5,B2,核心詞,ㄍㄨㄛˋ ㄊㄡˊ,guò tóu,6,3
過癮,5,B2,核心詞,ㄍㄨㄛˋ ㄧㄣˇ,guò yǐn,7,4
過於,5,B2,核心詞,ㄍㄨㄛˋ ㄩˊ,guò yú,36,11
孩童,5,B2,核心詞,ㄏㄞˊ ㄊㄨㄥˊ,hái tóng,30,17
海岸,5,B2,自然環境,ㄏㄞˇ ㄢˋ,hǎi àn,16,102
海關,5,B2,交通、旅遊,ㄏㄞˇ ㄍㄨㄢ,hǎi guān,8,5
海浪,5,B2,自然環境,ㄏㄞˇ ㄌㄤˋ,hǎi làng,7,18
海峽,5,B2,自然環境,ㄏㄞˇ ㄒㄧㄚˊ,hǎi xiá,6,23
海運,5,B2,交通、旅遊,ㄏㄞˇ ㄩㄣˋ,hǎi yùn,3,3
害處,5,B2,身體、醫療,ㄏㄞˋ ㄔㄨˋ,hài chù,2,0
害羞,5,B2,社交、人際,ㄏㄞˋ ㄒㄧㄡ,hài xiū,28,16
含,5,B2,餐飲、烹飪,ㄏㄢˊ,hán,42,38
寒冷,5,B2,交通、旅遊,ㄏㄢˊ ㄌㄥˇ,hán lěng,15,27
罕見,5,B2,核心詞,ㄏㄢˇ ㄐㄧㄢˋ,hǎn jiàn,18,22
旱災,5,B2,交通、旅遊,ㄏㄢˋ ㄗㄞ,hàn zāi,3,10
航空,5,B2,交通、旅遊,ㄏㄤˊ ㄎㄨㄥ,háng kōng,24,25
行業,5,B2,職業,ㄏㄤˊ ㄧㄝˋ,háng yè,34,41
好比,5,B2,核心詞,ㄏㄠˇ ㄅㄧˇ,hǎo bǐ,21,16
好感,5,B2,情緒、態度,ㄏㄠˇ ㄍㄢˇ,hǎo gǎn,11,1
好手,5,B2,休閒、娛樂,ㄏㄠˇ ㄕㄡˇ,hǎo shǒu,6,8
好心,5,B2,核心詞,ㄏㄠˇ ㄒㄧㄣ,hǎo xīn,16,7
好意,5,B2,核心詞,ㄏㄠˇ ㄧˋ,hǎo yì,9,6
好在,5,B2,核心詞,ㄏㄠˇ ㄗㄞˋ,hǎo zài,8,10
好轉,5,B2,身體、醫療,ㄏㄠˇ ㄓㄨㄢˇ,hǎo zhuǎn,14,8
好客,5,B2,社交、人際,ㄏㄠˋ ㄎㄜˋ,hào kè,3,2
好奇心,5,B2,核心詞,ㄏㄠˋ ㄑㄧˊ ㄒㄧㄣ,hào qí xīn,19,5
合,5,B2,核心詞,ㄏㄜˊ,hé,38,33
何必,5,B2,核心詞,ㄏㄜˊ ㄅㄧˋ,hé bì,22,6
合成,5,B2,餐飲、烹飪,ㄏㄜˊ ㄔㄥˊ,hé chéng,16,21
合法,5,B2,社會,ㄏㄜˊ ㄈㄚˇ,hé fǎ,17,18
和好,5,B2,社交、人際,ㄏㄜˊ ㄏㄠˇ,hé hǎo,4,2
荷花,5,B2,自然環境,ㄏㄜˊ ㄏㄨㄚ,hé huā,4,0
合計,5,B2,核心詞,ㄏㄜˊ ㄐㄧˋ,hé jì,5,2
何況,5,B2,核心詞,ㄏㄜˊ ㄎㄨㄤˋ,hé kuàng,34,7
河流,5,B2,交通、旅遊,ㄏㄜˊ ㄌㄧㄡˊ,hé liú,14,42
核能,5,B2,科技,ㄏㄜˊ ㄋㄥˊ,hé néng,5,45
和諧,5,B2,核心詞,ㄏㄜˊ ㄒㄧㄝˊ,hé xié,31,19
核心,5,B2,核心詞,ㄏㄜˊ ㄒㄧㄣ,hé xīn,58,23
嘿,5,B2,核心詞,ㄏㄟ,hēi,20,11
黑白,5,B2,核心詞,ㄏㄟ ㄅㄞˊ,hēi bái,10,11
黑心,5,B2,安全,ㄏㄟ ㄒㄧㄣ,hēi xīn,2,3
黑夜,5,B2,核心詞,ㄏㄟ ㄧㄝˋ,hēi yè,18,7
痕跡,5,B2,自然環境,ㄏㄣˊ ㄐㄧ,hén jī,23,28
哼,5,B2,核心詞,ㄏㄥ,hēng,28,7
橫1,5,B2,核心詞,ㄏㄥˊ,héng,21,11
吼叫,5,B2,情緒、態度,ㄏㄡˇ ㄐㄧㄠˋ,hǒu jiào,7,1
後代,5,B2,個人資料,ㄏㄡˋ ㄉㄞˋ,hòu dài,24,23
後悔,5,B2,情緒、態度,ㄏㄡˋ ㄏㄨㄟˇ,hòu huǐ,29,23
後世,5,B2,教育、學習,ㄏㄡˋ ㄕˋ,hòu shì,18,5
後退,5,B2,核心詞,ㄏㄡˋ ㄊㄨㄟˋ,hòu tuì,8,2
後者,5,B2,核心詞,ㄏㄡˋㄓㄜˇ,hòu zhě,42,2
忽視,5,B2,核心詞,ㄏㄨ ㄕˋ,hū shì,24,11
壺,5,B2,餐飲、烹飪,ㄏㄨˊ,hú,21,55
蝴蝶,5,B2,自然環境,ㄏㄨˊ ㄉㄧㄝˊ,hú dié,22,42
狐狸,5,B2,自然環境,ㄏㄨˊ ˙ㄌㄧ,hú li,22,2
胡說,5,B2,核心詞,ㄏㄨˊ ㄕㄨㄛ,hú shuō,7,2
戶,5,B2,日常起居,ㄏㄨˋ,hù,40,66
戶頭,5,B2,公共服務,ㄏㄨˋ ㄊㄡˊ,hù tóu,3,2
互助,5,B2,社交、人際,ㄏㄨˋ ㄓㄨˋ,hù zhù,7,13
花朵,5,B2,自然環境,ㄏㄨㄚ ㄉㄨㄛˇ,huā duǒ,29,11
花心,5,B2,社交、人際,ㄏㄨㄚ ㄒㄧㄣ,huā xīn,2,1
划,5,B2,交通、旅遊,ㄏㄨㄚˊ,huá,10,4
滑動,5,B2,身體、醫療,ㄏㄨㄚˊ ㄉㄨㄥˋ,huá dòng,5,10
華僑,5,B2,個人資料,ㄏㄨㄚˊ ㄑㄧㄠˊ,huá qiáo,6,6
滑鼠,5,B2,核心詞,ㄏㄨㄚˊ ㄕㄨˇ,huá shǔ,5,3
划算,5,B2,核心詞,ㄏㄨㄚˊ ㄙㄨㄢˋ,huá suàn,3,4
華裔,5,B2,個人資料,ㄏㄨㄚˊ ㄧˋ,huá yì,6,2
劃,5,B2,核心詞,ㄏㄨㄚˋ,huà,9,7
化學,5,B2,教育、學習,ㄏㄨㄚˋ ㄒㄩㄝˊ,huà xué,57,164
懷抱,5,B2,核心詞,ㄏㄨㄞˊ ㄅㄠˋ,huái bào,18,10
懷念,5,B2,情緒、態度,ㄏㄨㄞˊ ㄋㄧㄢˋ,huái niàn,19,12
懷孕,5,B2,個人資料,ㄏㄨㄞˊ ㄩㄣˋ,huái yùn,35,16
壞蛋,5,B2,安全,ㄏㄨㄞˋ ㄉㄢˋ,huài dàn,10,3
歡樂,5,B2,核心詞,ㄏㄨㄢ ㄌㄜˋ,huān lè,27,11
歡喜,5,B2,核心詞,ㄏㄨㄢ ㄒㄧˇ,huān xǐ,24,35
歡笑,5,B2,核心詞,ㄏㄨㄢ ㄒㄧㄠˋ,huān xiào,9,5
緩慢,5,B2,核心詞,ㄏㄨㄢˇ ㄇㄢˋ,huǎn màn,27,15
患,5,B2,,ㄏㄨㄢˋ,huàn,23,4
幻想,5,B2,核心詞,ㄏㄨㄢˋ ㄒㄧㄤˇ,huàn xiǎng,37,5
病患,5,B2,身體、醫療,ㄅㄧㄥˋ ㄏㄨㄢˋ,huàn zhě/bìng huàn,189,106
皇帝,5,B2,文化,ㄏㄨㄤˊ ㄉㄧˋ,huáng dì,362,15
皇后,5,B2,文化,ㄏㄨㄤˊ ㄏㄡˋ,huáng hòu,90,5
黃昏,5,B2,核心詞,ㄏㄨㄤˊ ㄏㄨㄣ,huáng hūn,17,6
黃金,5,B2,公共服務,ㄏㄨㄤˊ ㄐㄧㄣ,huáng jīn,44,37
謊話,5,B2,核心詞,ㄏㄨㄤˇ ㄏㄨㄚˋ,huǎng huà,5,1
揮,5,B2,核心詞,ㄏㄨㄟ,huī,22,7
灰,5,B2,核心詞,ㄏㄨㄟ,huī,31,17
回復/回覆,5,B2,核心詞,ㄏㄨㄟˊ ㄈㄨˋ,huí fù,20,7
回味,5,B2,文化,ㄏㄨㄟˊ ㄨㄟˋ,huí wèi,6,4
回憶,5,B2,文化,ㄏㄨㄟˊ ㄧˋ,huí yì,78,42
回應,5,B2,核心詞,ㄏㄨㄟˊ ㄧㄥˋ,huí yìng,72,33
繪畫,5,B2,休閒、娛樂,ㄏㄨㄟˋ ㄏㄨㄚˋ,huì huà,24,15
匯款,5,B2,公共服務,ㄏㄨㄟˋ ㄎㄨㄢˇ,huì kuǎn,1,1
昏,5,B2,身體、醫療,ㄏㄨㄣ,hūn,7,2
葷,5,B2,餐飲、烹飪,ㄏㄨㄣ,hūn,3,15
昏倒,5,B2,身體、醫療,ㄏㄨㄣ ㄉㄠˇ,hūn dǎo,7,9
昏迷,5,B2,身體、醫療,ㄏㄨㄣ ㄇㄧˊ,hūn mí,11,3
婚事,5,B2,個人資料,ㄏㄨㄣ ㄕˋ,hūn shì,7,1
混,5,B2,餐飲、烹飪,ㄏㄨㄣˋ,hùn,28,17
混合,5,B2,餐飲、烹飪,ㄏㄨㄣˋ ㄏㄜˊ,hùn hé,22,17
混亂,5,B2,核心詞,ㄏㄨㄣˋ ㄌㄨㄢˋ,hùn luàn,44,18
活該,5,B2,核心詞,ㄏㄨㄛˊ ㄍㄞ,huó gāi,4,1
活躍,5,B2,個人資料,ㄏㄨㄛˊ ㄩㄝˋ,huó yuè,23,15
夥伴/伙伴,5,B2,核心詞,ㄏㄨㄛˇ ㄅㄢˋ,huǒ bàn,49,47
火光,5,B2,核心詞,ㄏㄨㄛˇ ㄍㄨㄤ,huǒ guāng,11,2
火山,5,B2,自然環境,ㄏㄨㄛˇ ㄕㄢ,huǒ shān,7,62
火災,5,B2,安全,ㄏㄨㄛˇ ㄗㄞ,huǒ zāi,9,24
貨車,5,B2,交通、旅遊,ㄏㄨㄛˋ ㄔㄜ,huò chē,10,11
獲得/獲,5,B2,教育、學習,ㄏㄨㄛˋ ㄉㄜˊ / ㄏㄨㄛˋ,huò dé / huò,225,120
獲利,5,B2,購物、商店,ㄏㄨㄛˋ ㄌㄧˋ,huò lì,24,5
獲勝,5,B2,休閒、娛樂,ㄏㄨㄛˋ ㄕㄥˋ,huò shèng,10,6
基本,5,B2,核心詞,ㄐㄧ ㄅㄣˇ,jī běn,193,282
基地,5,B2,核心詞,ㄐㄧ ㄉㄧˋ,jī dì,23,27
激動,5,B2,核心詞,ㄐㄧ ㄉㄨㄥˋ,jī dòng,42,12
飢餓/饑餓,5,B2,身體、醫療,ㄐㄧ ㄜˋ,jī è,18,20
機構,5,B2,職業,ㄐㄧ ㄍㄡˋ,jī gòu,75,52
基金,5,B2,公共服務,ㄐㄧ ㄐㄧㄣ,jī jīn,27,18
機率,5,B2,核心詞,ㄐㄧ ㄌㄩˋ,jī lǜ,59,32
肌肉,5,B2,身體、醫療,ㄐㄧ ㄖㄡˋ,jī ròu,78,34
績效,5,B2,職業,ㄐㄧ ㄒㄧㄠˋ,jī xiào,24,2
基因,5,B2,核心詞,ㄐㄧ ㄧㄣ,jī yīn,77,62
擊敗,5,B2,休閒、娛樂,ㄐㄧˊ ㄅㄞˋ,jí bài,18,6
疾病,5,B2,身體、醫療,ㄐㄧˊ ㄅㄧㄥˋ,jí bìng,122,111
嫉妒/忌妒,5,B2,情緒、態度,ㄐㄧˊ ㄉㄨˋ/ㄐㄧˋ ㄉㄨˋ,jí dù/jì dù,31,8
集合,5,B2,核心詞,ㄐㄧˊ ㄏㄜˊ,jí hé,16,25
急救,5,B2,身體、醫療,ㄐㄧˊ ㄐㄧㄡˋ,jí jiù,7,13
寂寞,5,B2,核心詞,ㄐㄧˊ ㄇㄛˋ,jí mò,39,10
集體,5,B2,教育、學習,ㄐㄧˊ ㄊㄧˇ,jí tǐ,30,14
集團,5,B2,職業,ㄐㄧˊ ㄊㄨㄢˊ,jí tuán,77,18
計,5,B2,核心詞,ㄐㄧˋ,jì,48,25
繫,5,B2,交通、旅遊,ㄐㄧˋ / ㄒㄧˋ,jì / xì,20,5
祭拜,5,B2,文化,ㄐㄧˋ ㄅㄞˋ,jì bài,6,6
繼承,5,B2,個人資料,ㄐㄧˋ ㄔㄥˊ,jì chéng,49,12
記號,5,B2,教育、學習,ㄐㄧˋ ㄏㄠˋ,jì hào,10,9
技能,5,B2,職業,ㄐㄧˋ ㄋㄥˊ,jì néng,29,13
既有,5,B2,核心詞,ㄐㄧˋ ㄧㄡˇ,jì yǒu,22,4
記載,5,B2,教育、學習,ㄐㄧˋ ㄗㄞˋ,jì zài,69,44
盡/儘,5,B2,核心詞,ㄐㄧㄣˋ/ㄐㄧㄣˇ,jìn/jǐn,88,62
佳,5,B2,核心詞,ㄐㄧㄚ,jiā,33,22
加倍,5,B2,核心詞,ㄐㄧㄚ ㄅㄟˋ,jiā bèi,9,7
加工,5,B2,職業,ㄐㄧㄚ ㄍㄨㄥ,jiā gōng,19,34
傢伙,5,B2,社交、人際,ㄐㄧㄚ ˙ㄏㄨㄛ,jiā huo,70,3
家家戶戶,5,B2,文化,ㄐㄧㄚ ㄐㄧㄚ ㄏㄨˋ ㄏㄨˋ,jiā jiā hù hù,5,11
佳節,5,B2,文化,ㄐㄧㄚ ㄐㄧㄝˊ,jiā jié,2,1
家境,5,B2,個人資料,ㄐㄧㄚ ㄐㄧㄥˋ,jiā jìng,7,9
家屬,5,B2,身體、醫療,ㄐㄧㄚ ㄕㄨˇ,jiā shǔ,21,48
加速,5,B2,核心詞,ㄐㄧㄚ ㄙㄨˋ,jiā sù,29,21
家園,5,B2,交通、旅遊,ㄐㄧㄚ ㄩㄢˊ,jiā yuán,12,40
家族,5,B2,個人資料,ㄐㄧㄚ ㄗㄨˊ,jiā zú,92,42
將,5,B2,核心詞,ㄐㄧㄤ/ㄐㄧㄤˋ/ㄑㄧㄤ,jiāng/jiàng/qiāng,1518,718
夾,5,B2,核心詞,ㄐㄧㄚˊ,jiá,37,22
假使,5,B2,核心詞,ㄐㄧㄚˇ ㄕˇ,jiǎ shǐ,11,9
架構,5,B2,教育、學習,ㄐㄧㄚˋ ㄍㄡˋ,jià gòu,35,10
駕駛/駕,5,B2,交通、旅遊,ㄐㄧㄚˋ ㄕˇ/ㄐㄧㄚˋ,jià shǐ/jià,45,23
價值觀,5,B2,個人資料,ㄐㄧㄚˋ ㄓˊ ㄍㄨㄢ,jià zhí guān,29,21
肩膀/肩,5,B2,身體、醫療,ㄐㄧㄢ ㄅㄤˇ/ㄐㄧㄢ,jiān bǎng/jiān,100,28
堅持,5,B2,核心詞,ㄐㄧㄢ ㄔˊ,jiān chí,119,132
堅定,5,B2,個人資料,ㄐㄧㄢ ㄉㄧㄥˋ,jiān dìng,37,28
監督,5,B2,職業,ㄐㄧㄢ ㄉㄨ,jiān dū,21,11
堅固,5,B2,核心詞,ㄐㄧㄢ ㄍㄨˋ,jiān gù,12,16
尖叫,5,B2,核心詞,ㄐㄧㄢ ㄐㄧㄠˋ,jiān jiào,23,2
堅決,5,B2,情緒、態度,ㄐㄧㄢ ㄐㄩㄝˊ,jiān jué,26,6
艱難,5,B2,核心詞,ㄐㄧㄢ ㄋㄢˊ,jiān nán,22,18
堅強,5,B2,情緒、態度,ㄐㄧㄢ ㄑㄧㄤˊ,jiān qiáng,27,28
監視,5,B2,安全,ㄐㄧㄢ ㄕˋ,jiān shì,17,6
兼職,5,B2,職業,ㄐㄧㄢ ㄓˊ,jiān zhí,4,3
撿,5,B2,核心詞,ㄐㄧㄢˇ,jiǎn,18,60
簡報,5,B2,,ㄐㄧㄢˇ ㄅㄠˋ,jiǎn bào,12,3
簡便,5,B2,核心詞,ㄐㄧㄢˇ ㄅㄧㄢˋ,jiǎn biàn,4,1
簡稱,5,B2,核心詞,ㄐㄧㄢˇ ㄔㄥ,jiǎn chēng,12,8
減低,5,B2,核心詞,ㄐㄧㄢˇ ㄉㄧ,jiǎn dī,16,8
簡短,5,B2,核心詞,ㄐㄧㄢˇ ㄉㄨㄢˇ,jiǎn duǎn,15,3
簡介,5,B2,教育、學習,ㄐㄧㄢˇ ㄐㄧㄝˋ,jiǎn jiè,17,3
減輕,5,B2,核心詞,ㄐㄧㄢˇ ㄑㄧㄥ,jiǎn qīng,29,21
檢討,5,B2,核心詞,ㄐㄧㄢˇ ㄊㄠˇ,jiǎn tǎo,27,14
檢驗,5,B2,核心詞,ㄐㄧㄢˇ ㄧㄢˋ,jiǎn yàn,32,22
劍,5,B2,文化,ㄐㄧㄢˋ,jiàn,52,10
箭,5,B2,文化,ㄐㄧㄢˋ,jiàn,48,7
間接,5,B2,核心詞,ㄐㄧㄢˋ ㄐㄧㄝ,jiàn jiē,18,13
見解,5,B2,教育、學習,ㄐㄧㄢˋ ㄐㄧㄝˇ,jiàn jiě,22,5
建立,5,B2,職業,ㄐㄧㄢˋ ㄌㄧˋ,jiàn lì,217,82
鍵盤,5,B2,核心詞,ㄐㄧㄢˋ ㄆㄢˊ,jiàn pán,15,4
健全,5,B2,身體、醫療,ㄐㄧㄢˋ ㄑㄩㄢˊ,jiàn quán,20,13
建設,5,B2,職業,ㄐㄧㄢˋ ㄕㄜˋ,jiàn shè,36,41
健身,5,B2,,ㄐㄧㄢˋ ㄕㄣ,jiàn shēn,10,5
健身房,5,B2,,ㄐㄧㄢˋ ㄕㄣ ㄈㄤˊ,jiàn shēn fáng,5,3
見識,5,B2,核心詞,ㄐㄧㄢˋ ㄕˋ,jiàn shì,17,3
箭頭,5,B2,核心詞,ㄐㄧㄢˋ ㄊㄡˊ,jiàn tóu,5,2
建造,5,B2,核心詞,ㄐㄧㄢˋ ㄗㄠˋ,jiàn zào,30,33
薑,5,B2,餐飲、烹飪,ㄐㄧㄤ,jiāng,8,18
講解,5,B2,教育、學習,ㄐㄧㄤˇ ㄐㄧㄝˇ,jiǎng jiě,6,8
獎金,5,B2,職業,ㄐㄧㄤˇ ㄐㄧㄣ,jiǎng jīn,13,8
講究,5,B2,核心詞,ㄐㄧㄤˇ ㄐㄧㄡˋ,jiǎng jiù,21,19
獎勵,5,B2,職業,ㄐㄧㄤˇ ㄌㄧˋ,jiǎng lì,23,9
講台/講臺,5,B2,教育、學習,ㄐㄧㄤˇ ㄊㄞˊ,jiǎng tái,7,3
講義,5,B2,教育、學習,ㄐㄧㄤˇ ㄧˋ,jiǎng yì,5,6
降1,5,B2,核心詞,ㄐㄧㄤˋ,jiàng,37,52
降價,5,B2,購物、商店,ㄐㄧㄤˋ ㄐㄧㄚˋ,jiàng jià,4,1
降落,5,B2,交通、旅遊,ㄐㄧㄤˋ ㄌㄨㄛˋ,jiàng luò,10,8
驕傲,5,B2,情緒、態度,ㄐㄧㄠ ㄠˋ,jiāo ào,33,32
交代,5,B2,核心詞,ㄐㄧㄠ ㄉㄞˋ,jiāo dài,24,21
焦點,5,B2,教育、學習,ㄐㄧㄠ ㄉㄧㄢˇ,jiāo diǎn,38,38
焦慮,5,B2,核心詞,ㄐㄧㄠ ㄌㄩˋ,jiāo lǜ,72,14
交談,5,B2,核心詞,ㄐㄧㄠ ㄊㄢˊ,jiāo tán,40,6
交往,5,B2,社交、人際,ㄐㄧㄠ ㄨㄤˇ,jiāo wǎng,28,9
交易,5,B2,職業,ㄐㄧㄠ ㄧˋ,jiāo yì,38,15
交友,5,B2,個人資料,ㄐㄧㄠ ㄧㄡˇ,jiāo yǒu,4,3
攪,5,B2,餐飲、烹飪,ㄐㄧㄠˇ,jiǎo,6,11
角,5,B2,核心詞,ㄐㄧㄠˇ / ㄐㄩㄝˊ,jiǎo / jué,40,37
角度,5,B2,教育、學習,ㄐㄧㄠˇ ㄉㄨˋ,jiǎo dù,94,120
腳尖,5,B2,身體、醫療,ㄐㄧㄠˇㄐㄧㄢ,jiǎo jiān,7,1
角落,5,B2,核心詞,ㄐㄧㄠˇ ㄌㄨㄛˋ,jiǎo luò,44,40
腳印,5,B2,核心詞,ㄐㄧㄠˇ ㄧㄣˋ,jiǎo yìn,10,11
教材,5,B2,教育、學習,ㄐㄧㄠˋ ㄘㄞˊ,jiào cái,14,12
教導,5,B2,核心詞,ㄐㄧㄠˋ ㄉㄠˇ,jiào dǎo,73,46
教會,5,B2,文化,ㄐㄧㄠˋ ㄏㄨㄟˋ,jiào huì,39,32
教練,5,B2,休閒、娛樂,ㄐㄧㄠˋ ㄌㄧㄢˋ,jiào liàn,46,38
教徒,5,B2,文化,ㄐㄧㄠˋ ㄊㄨˊ,jiào tú,8,11
教訓,5,B2,核心詞,ㄐㄧㄠˋ ㄒㄩㄣˋ,jiào xùn,36,12
教育部,5,B2,社會,ㄐㄧㄠˋ ㄩˋ ㄅㄨˋ,jiào yù bù,12,8
皆,5,B2,核心詞,ㄐㄧㄝ,jiē,151,17
接待,5,B2,餐飲、烹飪,ㄐㄧㄝ ㄉㄞˋ,jiē dài,18,8
階級,5,B2,社會,ㄐㄧㄝ ㄐㄧˊ,jiē jí,59,9
接收,5,B2,核心詞,ㄐㄧㄝ ㄕㄡ,jiē shōu,19,8
街頭,5,B2,購物、商店,ㄐㄧㄝ ㄊㄡˊ,jiē tóu,26,49
結,5,B2,核心詞,ㄐㄧㄝˊ,jié,32,39
傑出,5,B2,核心詞,ㄐㄧㄝˊ ㄔㄨ,jié chū,32,10
結構,5,B2,教育、學習,ㄐㄧㄝˊ ㄍㄡˋ,jié gòu,152,85
結局,5,B2,休閒、娛樂,ㄐㄧㄝˊ ㄐㄩˊ,jié jú,27,6
節能,5,B2,職業,ㄐㄧㄝˊ ㄋㄥˊ,jié néng,1,43
節省,5,B2,核心詞,ㄐㄧㄝˊ ㄕㄥˇ,jié shěng,16,34
結尾,5,B2,休閒、娛樂,ㄐㄧㄝˊ ㄨㄟˇ,jié wěi,13,2
截止,5,B2,核心詞,ㄐㄧㄝˊ ㄓˇ,jié zhǐ,3,1
節奏,5,B2,核心詞,ㄐㄧㄝˊ ㄗㄡˋ,jié zòu,28,15
解除,5,B2,安全,ㄐㄧㄝˇ ㄔㄨˊ,jiě chú,26,22
解答,5,B2,教育、學習,ㄐㄧㄝˇ ㄉㄚˊ,jiě dá,20,16
解開,5,B2,日常起居,ㄐㄧㄝˇ ㄎㄞ,jiě kāi,25,25
解渴,5,B2,核心詞,ㄐㄧㄝˇ ㄎㄜˇ,jiě kě,3,8
解說,5,B2,教育、學習,ㄐㄧㄝˇ ㄕㄨㄛ,jiě shuō,17,23
屆,5,B2,核心詞,ㄐㄧㄝˋ,jiè,26,27
戒,5,B2,安全,ㄐㄧㄝˋ,jiè,16,19
藉口,5,B2,核心詞,ㄐㄧㄝˋ ㄎㄡˇ,jiè kǒu,32,10
借用,5,B2,核心詞,ㄐㄧㄝˋ ㄩㄥˋ,jiè yòng,12,3
戒指,5,B2,購物、商店,ㄐㄧㄝˋ ㄓˇ,jiè zhǐ,13,4
禁不住,5,B2,核心詞,ㄐㄧㄣ ㄅㄨˊ ㄓㄨˋ,jīn bú zhù,6,0
金額,5,B2,,ㄐㄧㄣ ㄜˊ,jīn é,14,15
金牌,5,B2,休閒、娛樂,ㄐㄧㄣ ㄆㄞˊ,jīn pái,5,3
金融,5,B2,社會,ㄐㄧㄣ ㄖㄨㄥˊ,jīn róng,32,43
金屬,5,B2,自然環境,ㄐㄧㄣ ㄕㄨˇ,jīn shǔ,21,20
金子,5,B2,自然環境,ㄐㄧㄣ ˙ㄗ,jīn zi,13,1
儘管,5,B2,核心詞,ㄐㄧㄣˇ ㄍㄨㄢˇ,jǐn guǎn,145,53
緊急,5,B2,身體、醫療,ㄐㄧㄣˇ ㄐㄧˊ,jǐn jí,34,57
僅僅/僅,5,B2,核心詞,ㄐㄧㄣˇ ㄐㄧㄣˇ / ㄐㄧㄣˇ,jǐn jǐn / jǐn,131,32
緊密,5,B2,核心詞,ㄐㄧㄣˇ ㄇㄧˋ,jǐn mì,21,16
謹慎,5,B2,核心詞,ㄐㄧㄣˇ ㄕㄣˋ,jǐn shèn,37,16
近代,5,B2,教育、學習,ㄐㄧㄣˋ ㄉㄞˋ,jìn dài,23,10
進度,5,B2,教育、學習,ㄐㄧㄣˋ ㄉㄨˋ,jìn dù,14,16
進攻,5,B2,休閒、娛樂,ㄐㄧㄣˋ ㄍㄨㄥ,jìn gōng,34,5
盡快/儘快,5,B2,核心詞,ㄐㄧㄣˋ ㄎㄨㄞˋ/ㄐㄧㄣˇ ㄎㄨㄞˋ,jìn kuài/jǐn kuài,19,25
近來,5,B2,核心詞,ㄐㄧㄣˋ ㄌㄞˊ,jìn lái,11,4
盡力,5,B2,核心詞,ㄐㄧㄣˋ ㄌㄧˋ,jìn lì,25,21
盡量/儘量,5,B2,核心詞,ㄐㄧㄣˋ ㄌㄧㄤˋ/ㄐㄧㄣˇ ㄌㄧㄤˋ,jìn liàng/jǐn liàng,76,117
近視,5,B2,身體、醫療,ㄐㄧㄣˋ ㄕˋ,jìn shì,4,2
進行,5,B2,核心詞,ㄐㄧㄣˋ ㄒㄧㄥˊ,jìn xíng,343,288
進展,5,B2,職業,ㄐㄧㄣˋ ㄓㄢˇ,jìn zhǎn,37,12
禁止,5,B2,核心詞,ㄐㄧㄣˋ ㄓˇ,jìn zhǐ,32,38
精彩/精采,5,B2,休閒、娛樂,ㄐㄧㄥ ㄘㄞˇ,jīng cǎi,42,51
經費,5,B2,職業,ㄐㄧㄥ ㄈㄟˋ,jīng fèi,29,33
經濟學,5,B2,教育、學習,ㄐㄧㄥ ㄐㄧˋ ㄒㄩㄝˊ,jīng jì xué,16,7
精力,5,B2,身體、醫療,ㄐㄧㄥ ㄌㄧˋ,jīng lì,39,9
經歷,5,B2,核心詞,ㄐㄧㄥ ㄌㄧˋ,jīng lì,98,68
驚奇,5,B2,核心詞,ㄐㄧㄥ ㄑㄧˊ,jīng qí,24,5
精確,5,B2,核心詞,ㄐㄧㄥ ㄑㄩㄝˋ,jīng què,25,10
驚人,5,B2,核心詞,ㄐㄧㄥ ㄖㄣˊ,jīng rén,44,37
驚喜,5,B2,核心詞,ㄐㄧㄥ ㄒㄧˇ,jīng xǐ,19,19
精心,5,B2,情緒、態度,ㄐㄧㄥ ㄒㄧㄣ,jīng xīn,18,6
經營,5,B2,職業,ㄐㄧㄥ ㄧㄥˊ,jīng yíng,160,93
經由,5,B2,核心詞,ㄐㄧㄥ ㄧㄡˊ,jīng yóu,47,28
井,5,B2,核心詞,ㄐㄧㄥˇ,jǐng,38,21
警察局,5,B2,安全,ㄐㄧㄥˇ ㄔㄚˊ ㄐㄩˊ,jǐng chá jú,9,6
景點,5,B2,交通、旅遊,ㄐㄧㄥˇ ㄉㄧㄢˇ,jǐng diǎn,6,19
警告,5,B2,核心詞,ㄐㄧㄥˇ ㄍㄠˋ,jǐng gào,43,28
景氣,5,B2,社會,ㄐㄧㄥˇ ㄑㄧˋ,jǐng qì,8,9
警衛,5,B2,安全,ㄐㄧㄥˇ ㄨㄟˋ,jǐng wèi,11,2
景象,5,B2,交通、旅遊,ㄐㄧㄥˇ ㄒㄧㄤˋ,jǐng xiàng,33,28
敬酒,5,B2,社交、人際,ㄐㄧㄥˋ ㄐㄧㄡˇ,jìng jiǔ,4,1
競賽,5,B2,休閒、娛樂,ㄐㄧㄥˋ ㄙㄞˋ,jìng sài,18,10
鏡頭,5,B2,休閒、娛樂,ㄐㄧㄥˋ ㄊㄡˊ,jìng tóu,28,32
競選,5,B2,社會,ㄐㄧㄥˋ ㄒㄩㄢˇ,jìng xuǎn,9,6
糾紛,5,B2,安全,ㄐㄧㄡ ㄈㄣ,jiū fēn,11,4
酒店,5,B2,交通、旅遊,ㄐㄧㄡˇ ㄉㄧㄢˋ,jiǔ diàn,13,4
酒精,5,B2,,ㄐㄧㄡˇ ㄐㄧㄥ,jiǔ jīng,16,15
就讀,5,B2,教育、學習,ㄐㄧㄡˋ ㄉㄨˊ,jiù dú,19,23
究竟,5,B2,核心詞,ㄐㄧㄡˋ ㄐㄧㄥˋ,jiù jìng,104,50
救命,5,B2,身體、醫療,ㄐㄧㄡˋ ㄇㄧㄥˋ,jiù mìng,10,13
就學,5,B2,職業,ㄐㄧㄡˋ ㄒㄩㄝˊ,jiù xué,5,7
就業,5,B2,職業,ㄐㄧㄡˋ ㄧㄝˋ,jiù yè,14,41
居住,5,B2,日常起居,ㄐㄩ ㄓㄨˋ,jū zhù,45,58
局,5,B2,核心詞,ㄐㄩˊ,jú,27,18
舉動,5,B2,核心詞,ㄐㄩˇ ㄉㄨㄥˋ,jǔ dòng,24,11
具備,5,B2,核心詞,ㄐㄩˋ ㄅㄟˋ,jù bèi,49,22
劇本,5,B2,休閒、娛樂,ㄐㄩˋ ㄅㄣˇ,jù běn,39,9
巨大/巨,5,B2,核心詞,ㄐㄩˋ ㄉㄚˋ/ㄐㄩˋ,jù dà/jù,89,45
聚會,5,B2,社交、人際,ㄐㄩˋ ㄏㄨㄟˋ,jù huì,28,11
聚集,5,B2,核心詞,ㄐㄩˋ ㄐㄧˊ,jù jí,33,42
俱樂部,5,B2,社交、人際,ㄐㄩˋ ㄌㄜˋ ㄅㄨˋ,jù lè bù,28,5
劇烈,5,B2,身體、醫療,ㄐㄩˋ ㄌㄧㄝˋ,jù liè,18,21
劇情,5,B2,休閒、娛樂,ㄐㄩˋ ㄑㄧㄥˊ,jù qíng,13,4
具有,5,B2,,ㄐㄩˋ ㄧㄡˇ,jù yǒu,205,92
卷,5,B2,核心詞,ㄐㄩㄢˇ/ㄐㄩㄢˋ,juǎn/juàn,82,9
捐,5,B2,核心詞,ㄐㄩㄢ,juān,13,34
捐款,5,B2,社會,ㄐㄩㄢ ㄎㄨㄢˇ,juān kuǎn,8,16
捲,5,B2,核心詞,ㄐㄩㄢˇ,juǎn,19,15
決策,5,B2,職業,ㄐㄩㄝˊ ㄘㄜˋ,jué cè,74,9
決賽,5,B2,休閒、娛樂,ㄐㄩㄝˊ ㄙㄞˋ,jué sài,3,1
絕望,5,B2,情緒、態度,ㄐㄩㄝˊ ㄨㄤˋ,jué wàng,37,10
軍人,5,B2,職業,ㄐㄩㄣ ㄖㄣˊ,jūn rén,33,25
軍事,5,B2,社會,ㄐㄩㄣ ㄕˋ,jūn shì,73,91
卡,5,B2,公共服務,ㄎㄚˇ,kǎ,16,42
開除,5,B2,職業,ㄎㄞ ㄔㄨˊ,kāi chú,12,5
開創,5,B2,核心詞,ㄎㄞ ㄔㄨㄤˋ,kāi chuàng,19,10
開刀,5,B2,身體、醫療,ㄎㄞ ㄉㄠ,kāi dāo,15,39
開發,5,B2,職業,ㄎㄞ ㄈㄚ,kāi fā,76,103
開關,5,B2,核心詞,ㄎㄞ ㄍㄨㄢ,kāi guān,22,12
開戶,5,B2,公共服務,ㄎㄞ ㄏㄨˋ,kāi hù,1,1
開幕式,5,B2,休閒、娛樂,ㄎㄞ ㄇㄨˋ ㄕˋ,kāi mù shì,2,1
開頭,5,B2,核心詞,ㄎㄞ ㄊㄡˊ,kāi tóu,18,4
看2,5,B2,核心詞,ㄎㄢ,kān,1808,3076
刊登,5,B2,教育、學習,ㄎㄢ ㄉㄥ,kān dēng,17,3
看診,5,B2,身體、醫療,ㄎㄢˋ ㄓㄣˇ,kàn zhěn,6,10
抗拒,5,B2,核心詞,ㄎㄤˋ ㄐㄩˋ,kàng jù,27,7
抗議,5,B2,社會,ㄎㄤˋ ㄧˋ,kàng yì,29,70
考量,5,B2,核心詞,ㄎㄠˇ ㄌㄧㄤˊ,kǎo liáng,34,31
考取,5,B2,教育、學習,ㄎㄠˇ ㄑㄩˇ,kǎo qǔ,4,4
烤箱,5,B2,餐飲、烹飪,ㄎㄠˇ ㄒㄧㄤ,kǎo xiāng,4,5
考驗,5,B2,核心詞,ㄎㄠˇ ㄧㄢˋ,kǎo yàn,26,56
科,5,B2,教育、學習,ㄎㄜ,kē,18,25
可見,5,B2,核心詞,ㄎㄜˇ ㄐㄧㄢˋ,kě jiàn,15,16
可口,5,B2,餐飲、烹飪,ㄎㄜˇ ㄎㄡˇ,kě kǒu,10,6
可惡,5,B2,核心詞,ㄎㄜˇ ㄨˋ,kě wù,10,4
可信,5,B2,核心詞,ㄎㄜˇ ㄒㄧㄣˋ,kě xìn,8,2
刻,5,B2,核心詞,ㄎㄜˋ,kè,67,40
客,5,B2,購物、商店,ㄎㄜˋ,kè,10,15
克服,5,B2,核心詞,ㄎㄜˋ ㄈㄨˊ,kè fú,50,53
客觀,5,B2,情緒、態度,ㄎㄜˋ ㄍㄨㄢ,kè guān,37,10
課業,5,B2,教育、學習,ㄎㄜˋ ㄧㄝˋ,kè yè,11,12
空難,5,B2,安全,ㄎㄨㄥ ㄋㄢˋ,kōng nàn,4,3
空手,5,B2,核心詞,ㄎㄨㄥ ㄕㄡˇ,kōng shǒu,3,1
空運,5,B2,公共服務,ㄎㄨㄥ ㄩㄣˋ,kōng yùn,2,3
恐懼,5,B2,情緒、態度,ㄎㄨㄥˇ ㄐㄩˋ,kǒng jù,108,33
空白,5,B2,休閒、娛樂,ㄎㄨㄥˋ ㄅㄞˊ,kòng bái,14,9
空地,5,B2,日常起居,ㄎㄨㄥˋ ㄉㄧˋ,kòng dì,12,6
空閒,5,B2,職業,ㄎㄨㄥˋ ㄒㄧㄢˊ,kòng xián,6,6
控制,5,B2,核心詞,ㄎㄨㄥˋ ㄓˋ,kòng zhì,176,122
口才,5,B2,社交、人際,ㄎㄡˇ ㄘㄞˊ,kǒu cái,4,3
口號,5,B2,社會,ㄎㄡˇ ㄏㄠˋ,kǒu hào,18,14
口氣,5,B2,核心詞,ㄎㄡˇ ㄑㄧˋ,kǒu qì,25,4
口頭,5,B2,核心詞,ㄎㄡˇ ㄊㄡˊ,kǒu tóu,11,4
口語,5,B2,個人資料,ㄎㄡˇ ㄩˇ,kǒu yǔ,11,3
哭泣,5,B2,核心詞,ㄎㄨ ㄑㄧˋ,kū qì,26,4
苦惱,5,B2,情緒、態度,ㄎㄨˇ ㄋㄠˇ,kǔ nǎo,15,5
庫,5,B2,,ㄎㄨˋ,kù,3,1
誇獎/誇,5,B2,社交、人際,ㄎㄨㄚ ㄐㄧㄤˇ/ㄎㄨㄚ,kuā jiǎng/kuā,15,7
誇張,5,B2,休閒、娛樂,ㄎㄨㄚ ㄓㄤ,kuā zhāng,27,19
垮,5,B2,核心詞,ㄎㄨㄚˇ,kuǎ,7,7
跨,5,B2,核心詞,ㄎㄨㄚˋ,kuà,29,20
跨國,5,B2,職業,ㄎㄨㄚˋ ㄍㄨㄛˊ,kuà guó,11,5
快遞,5,B2,公共服務,ㄎㄨㄞˋ ㄉㄧˋ,kuài dì,5,2
寬廣,5,B2,核心詞,ㄎㄨㄢ ㄍㄨㄤˇ,kuān guǎng,13,10
狂,5,B2,情緒、態度,ㄎㄨㄤˊ,kuáng,21,7
困,5,B2,核心詞,ㄎㄨㄣˋ,kùn,14,25
困境,5,B2,核心詞,ㄎㄨㄣˋ ㄐㄧㄥˋ,kùn jìng,45,38
困擾,5,B2,核心詞,ㄎㄨㄣˋ ㄖㄠˇ,kùn rǎo,55,31
擴大,5,B2,職業,ㄎㄨㄛˋ ㄉㄚˋ,kuò dà,46,53
擴張,5,B2,職業,ㄎㄨㄛˋ ㄓㄤ,kuò zhāng,22,14
喇叭,5,B2,科技,ㄌㄚˇ ㄅㄚ,lǎ bā,8,8
蠟燭,5,B2,核心詞,ㄌㄚˋ ㄓㄨˊ,là zhú,17,12
來電,5,B2,核心詞,ㄌㄞˊ ㄉㄧㄢˋ,lái diàn,7,2
來臨,5,B2,核心詞,ㄌㄞˊ ㄌㄧㄣˊ,lái lín,27,22
攔,5,B2,核心詞,ㄌㄢˊ,lán,5,6
懶惰,5,B2,核心詞,ㄌㄢˇ ㄉㄨㄛˋ,lǎn duò,9,10
爛,5,B2,餐飲、烹飪,ㄌㄢˋ,làn,33,27
狼,5,B2,自然環境,ㄌㄤˊ,láng,50,13
嘮叨,5,B2,核心詞,ㄌㄠˊ ㄉㄠ,láo dāo,7,3
勞動,5,B2,職業,ㄌㄠˊ ㄉㄨㄥˋ,láo dòng,36,19
勞工,5,B2,職業,ㄌㄠˊ ㄍㄨㄥ,láo gōng,14,31
老大,5,B2,核心詞,ㄌㄠˇ ㄉㄚˋ,lǎo dà,31,26
老家,5,B2,日常起居,ㄌㄠˇ ㄐㄧㄚ,lǎo jiā,15,25
老舊,5,B2,日常起居,ㄌㄠˇ ㄐㄧㄡˋ,lǎo jiù,11,12
老人家,5,B2,核心詞,ㄌㄠˇ ㄖㄣˊ ˙ㄐㄧㄚ,lǎo rén jia,36,77
老實,5,B2,情緒、態度,ㄌㄠˇ ㄕˊ,lǎo shí,18,17
老天/老天爺,5,B2,核心詞,ㄌㄠˇ ㄊㄧㄢ/ㄌㄠˇ ㄊㄧㄢ ㄧㄝˊ,lǎo tiān/ lǎo tiān yé,18,17
老頭/老頭子,5,B2,核心詞,ㄌㄠˇ ㄊㄡˊ/ㄌㄠˇ ㄊㄡˊ ˙ㄗ,lǎo tóu/lǎo tóu zi,54,2
老鷹/鷹,5,B2,自然環境,ㄌㄠˇ ㄧㄥ/ㄧㄥ,lǎo yīng/yīng,27,22
樂意,5,B2,核心詞,ㄌㄜˋ ㄧˋ,lè yì,18,11
樂園,5,B2,休閒、娛樂,ㄌㄜˋ ㄩㄢˊ,lè yuán,8,2
雷,5,B2,自然環境,ㄌㄟˊ,léi,13,18
累積,5,B2,核心詞,ㄌㄟˇ ㄐㄧ,lěi jī,58,75
類別,5,B2,教育、學習,ㄌㄟˋ ㄅㄧㄝˊ,lèi bié,32,3
淚水,5,B2,身體、醫療,ㄌㄟˋ ㄕㄨㄟˇ,lèi shuǐ,24,6
類似,5,B2,核心詞,ㄌㄟˋ ㄙˋ,lèi sì,111,94
冷冰冰,5,B2,情緒、態度,ㄌㄥˇ ㄅㄧㄥ ㄅㄧㄥ,lěng bīng bīng,4,3
冷淡,5,B2,社交、人際,ㄌㄥˇ ㄉㄢˋ,lěng dàn,10,2
冷凍,5,B2,餐飲、烹飪,ㄌㄥˇ ㄉㄨㄥˋ,lěng dòng,8,9
冷靜,5,B2,個人資料,ㄌㄥˇ ㄐㄧㄥˋ,lěng jìng,37,21
冷漠,5,B2,社交、人際,ㄌㄥˇ ㄇㄛˋ,lěng mò,18,5
梨,5,B2,餐飲、烹飪,ㄌㄧˊ,lí,8,8
離職,5,B2,職業,ㄌㄧˊ ㄓˊ,lí zhí,8,2
禮服,5,B2,購物、商店,ㄌㄧˇ ㄈㄨˊ,lǐ fú,10,4
理解,5,B2,核心詞,ㄌㄧˇ ㄐㄧㄝˇ,lǐ jiě,147,50
理論,5,B2,教育、學習,ㄌㄧˇ ㄌㄨㄣˋ,lǐ lùn,229,35
理所當然,5,B2,情緒、態度,ㄌㄧˇ ㄙㄨㄛˇ ㄉㄤ ㄖㄢˊ,lǐ suǒ dāng rán,23,8
理性,5,B2,情緒、態度,ㄌㄧˇ ㄒㄧㄥˋ,lǐ xìng,61,14
禮儀,5,B2,文化,ㄌㄧˇ ㄧˊ,lǐ yí,19,14
理智,5,B2,情緒、態度,ㄌㄧˇ ㄓˋ,lǐ zhì,21,3
哩/英里,5,B2,核心詞,ㄌㄧˇ/ㄧㄥ ㄌㄧˇ,lǐ/yīng lǐ,53,8
利,5,B2,核心詞,ㄌㄧˋ,lì,35,26
粒,5,B2,核心詞,ㄌㄧˋ,lì,20,34
曆,5,B2,,ㄌㄧˋ,lì,1,0
立場,5,B2,核心詞,ㄌㄧˋ ㄔㄤˊ,lì cháng,54,51
立即,5,B2,核心詞,ㄌㄧˋ ㄐㄧˊ,lì jí,109,20
力量,5,B2,核心詞,ㄌㄧˋ ㄌㄧㄤˋ,lì liàng,208,227
利潤,5,B2,購物、商店,ㄌㄧˋ ㄖㄨㄣˋ,lì rùn,26,16
利息,5,B2,公共服務,ㄌㄧˋ ㄒㄧˊ,lì xí,9,11
利益,5,B2,社會,ㄌㄧˋ ㄧˋ,lì yì,71,38
聯合,5,B2,社會,ㄌㄧㄢˊ ㄏㄜˊ,lián hé,40,38
聯合國,5,B2,社會,ㄌㄧㄢˊ ㄏㄜˊ ㄍㄨㄛˊ,lián hé guó,10,170
連接,5,B2,科技,ㄌㄧㄢˊ ㄐㄧㄝ,lián jiē,30,14
連忙,5,B2,核心詞,ㄌㄧㄢˊ ㄇㄤˊ,lián máng,34,1
聯盟,5,B2,社會,ㄌㄧㄢˊ ㄇㄥˊ,lián méng,31,64
聯繫/連繫,5,B2,社交、人際,ㄌㄧㄢˊ ㄒㄧˋ,lián xì,45,18
連線,5,B2,科技,ㄌㄧㄢˊ ㄒㄧㄢˋ,lián xiàn,6,5
聯想,5,B2,文化,ㄌㄧㄢˊ ㄒㄧㄤˇ,lián xiǎng,22,6
連續劇,5,B2,休閒、娛樂,ㄌㄧㄢˊ ㄒㄩˋ ㄐㄩˋ,lián xù jù,5,3
臉頰,5,B2,身體、醫療,ㄌㄧㄢˇ ㄐㄧㄚˊ,liǎn jiá,17,2
臉孔,5,B2,身體、醫療,ㄌㄧㄢˇ ㄎㄨㄥˇ,liǎn kǒng,14,5
量2,5,B2,核心詞,ㄌㄧㄤˊ,liáng,34,167
糧食,5,B2,餐飲、烹飪,ㄌㄧㄤˊ ㄕˊ,liáng shí,29,100
涼爽,5,B2,交通、旅遊,ㄌㄧㄤˊ ㄕㄨㄤˇ,liáng shuǎng,6,8
良心,5,B2,安全,ㄌㄧㄤˊ ㄒㄧㄣ,liáng xīn,17,13
料理,5,B2,餐飲、烹飪,ㄌㄧㄠˋ ㄌㄧˇ,liào lǐ,21,55
裂,5,B2,核心詞,ㄌㄧㄝˋ,liè,7,13
列,5,B2,,ㄌㄧㄝˋ,liè,38,14
淋,5,B2,餐飲、烹飪,ㄌㄧㄣˊ,lín,10,13
臨時,5,B2,核心詞,ㄌㄧㄣˊ ㄕˊ,lín shí,30,47
靈感,5,B2,休閒、娛樂,ㄌㄧㄥˊ ㄍㄢˇ,líng gǎn,19,20
靈活,5,B2,身體、醫療,ㄌㄧㄥˊ ㄏㄨㄛˊ,líng huó,19,11
零件,5,B2,公共服務,ㄌㄧㄥˊ ㄐㄧㄢˋ,líng jiàn,27,12
領帶,5,B2,購物、商店,ㄌㄧㄥˇ ㄉㄞˋ,lǐng dài,10,1
領導,5,B2,職業,ㄌㄧㄥˇ ㄉㄠˇ,lǐng dǎo,82,36
領先,5,B2,休閒、娛樂,ㄌㄧㄥˇ ㄒㄧㄢ,lǐng xiān,19,4
領袖,5,B2,社會,ㄌㄧㄥˇ ㄒㄧㄡˋ,lǐng xiù,58,42
領子,5,B2,購物、商店,ㄌㄧㄥˇ ˙ㄗ,lǐng zi,3,2
令,5,B2,核心詞,ㄌㄧㄥˋ,lìng,497,115
流產,5,B2,,ㄌㄧㄡˊ ㄔㄢˇ,liú chǎn,6,2
流程,5,B2,職業,ㄌㄧㄡˊ ㄔㄥˊ,liú chéng,25,18
流傳,5,B2,核心詞,ㄌㄧㄡˊ ㄔㄨㄢˊ,liú chuán,28,19
流動,5,B2,自然環境,ㄌㄧㄡˊ ㄉㄨㄥˋ,liú dòng,26,29
流浪,5,B2,交通、旅遊,ㄌㄧㄡˊ ㄌㄤˋ,liú làng,17,27
流淚,5,B2,核心詞,ㄌㄧㄡˊ ㄌㄟˋ,liú lèi,12,5
流露,5,B2,情緒、態度,ㄌㄧㄡˊ ㄌㄨˋ,liú lù,11,3
流血,5,B2,核心詞,ㄌㄧㄡˊ ㄒㄧㄝˇ,liú xiě,13,13
留意,5,B2,核心詞,ㄌㄧㄡˊ ㄧˋ,liú yì,26,10
籠,5,B2,餐飲、烹飪,ㄌㄨㄥˊ,lóng,9,8
露,5,B2,核心詞,ㄌㄡˋ,lòu,40,21
露出,5,B2,核心詞,ㄌㄡˋ ㄔㄨ,lòu chū,62,11
滷,5,B2,餐飲、烹飪,ㄌㄨˇ,lǔ,4,3
錄,5,B2,核心詞,ㄌㄨˋ,lù,12,15
鹿,5,B2,自然環境,ㄌㄨˋ,lù,28,6
陸地,5,B2,交通、旅遊,ㄌㄨˋ ㄉㄧˋ,lù dì,10,43
路段,5,B2,交通、旅遊,ㄌㄨˋ ㄉㄨㄢˋ,lù duàn,4,6
路過,5,B2,核心詞,ㄌㄨˋ ㄍㄨㄛˋ,lù guò,13,4
錄取,5,B2,職業,ㄌㄨˋ ㄑㄩˇ,lù qǔ,6,2
陸續,5,B2,核心詞,ㄌㄨˋ ㄒㄩˋ,lù xù,27,34
錄音,5,B2,科技,ㄌㄨˋ ㄧㄣ,lù yīn,13,9
錄音帶,5,B2,科技,ㄌㄨˋ ㄧㄣ ㄉㄞˋ,lù yīn dài,9,2
錄影,5,B2,科技,ㄌㄨˋ ㄧㄥˇ,lù yǐng,7,9
錄影帶,5,B2,科技,ㄌㄨˋ ㄧㄥˇ ㄉㄞˋ,lù yǐng dài,11,3
亂七八糟,5,B2,核心詞,ㄌㄨㄢˋ ㄑㄧ ㄅㄚ ㄗㄠ,luàn qī bā zāo,11,8
輪,5,B2,核心詞,ㄌㄨㄣˊ,lún,27,35
輪流,5,B2,核心詞,ㄌㄨㄣˊ ㄌㄧㄡˊ,lún liú,19,15
輪胎,5,B2,公共服務,ㄌㄨㄣˊ ㄊㄞ,lún tāi,10,13
輪椅,5,B2,核心詞,ㄌㄨㄣˊ ㄧˇ,lún yǐ,11,22
輪子,5,B2,公共服務,ㄌㄨㄣˊ ˙ㄗ,lún zi,6,9
囉嗦/囉唆,5,B2,核心詞,ㄌㄨㄛ ˙ㄙㄨㄛ,luō suo,3,4
邏輯,5,B2,教育、學習,ㄌㄨㄛˊ ㄐㄧˊ,luó jí,56,14
落,5,B2,核心詞,ㄌㄨㄛˋ,luò,28,27
落後,5,B2,核心詞,ㄌㄨㄛˋ ㄏㄡˋ,luò hòu,24,20
落伍,5,B2,核心詞,ㄌㄨㄛˋ ㄨˇ,luò wǔ,7,4
旅程,5,B2,交通、旅遊,ㄌㄩˇ ㄔㄥˊ,lǚ chéng,27,21
旅途,5,B2,交通、旅遊,ㄌㄩˇ ㄊㄨˊ,lǚ tú,13,7
旅行社,5,B2,交通、旅遊,ㄌㄩˇ ㄒㄧㄥˊ ㄕㄜˋ,lǚ xíng shè,3,2
馬鈴薯,5,B2,餐飲、烹飪,ㄇㄚˇ ㄌㄧㄥˊ ㄕㄨˇ,mǎ líng shǔ,14,28
馬馬虎虎,5,B2,情緒、態度,ㄇㄚˇ ㄇㄚˇ ㄏㄨ ㄏㄨ,mǎ mǎ hū hū,2,2
馬桶,5,B2,日常起居,ㄇㄚˇ ㄊㄨㄥˇ,mǎ tǒng,10,25
螞蟻,5,B2,自然環境,ㄇㄚˇ ㄧˇ,mǎ yǐ,14,23
埋,5,B2,核心詞,ㄇㄞˊ,mái,30,19
麥克風,5,B2,科技,ㄇㄞˋ ㄎㄜˋ ㄈㄥ,mài kè fēng,8,7
賣力,5,B2,核心詞,ㄇㄞˋ ㄌㄧˋ,mài lì,7,4
漫畫,5,B2,休閒、娛樂,ㄇㄢˋ ㄏㄨㄚˋ,màn huà,16,14
慢吞吞,5,B2,情緒、態度,ㄇㄢˋ ㄊㄨㄣ ㄊㄨㄣ,màn tūn tūn,5,2
忙碌,5,B2,核心詞,ㄇㄤˊ ㄌㄨˋ,máng lù,30,41
矛盾,5,B2,核心詞,ㄇㄠˊ ㄉㄨㄣˋ,máo dùn,59,15
毛髮,5,B2,身體、醫療,ㄇㄠˊ ㄈㄚˇ,máo fǎ,7,2
毛毛雨,5,B2,自然環境,ㄇㄠˊ ˙ㄇㄠ ㄩˇ,máo mao yǔ,1,1
冒,5,B2,核心詞,ㄇㄠˋ,mào,39,18
冒險,5,B2,情緒、態度,ㄇㄠˋ ㄒㄧㄢˇ,mào xiǎn,43,13
梅,5,B2,餐飲、烹飪,ㄇㄟˊ,méi,43,14
玫瑰,5,B2,自然環境,ㄇㄟˊ ㄍㄨㄟ,méi guī,20,6
眉毛/眉,5,B2,身體、醫療,ㄇㄟˊ ㄇㄠˊ/ㄇㄟˊ,méi máo/méi,33,9
眉頭,5,B2,核心詞,ㄇㄟˊ ㄊㄡˊ,méi tóu,18,3
每當,5,B2,核心詞,ㄇㄟˇ ㄉㄤ,měi dāng,34,11
美感,5,B2,休閒、娛樂,ㄇㄟˇ ㄍㄢˇ,měi gǎn,12,13
美景,5,B2,交通、旅遊,ㄇㄟˇ ㄐㄧㄥˇ,měi jǐng,8,11
美滿,5,B2,情緒、態度,ㄇㄟˇ ㄇㄢˇ,měi mǎn,12,7
美妙,5,B2,核心詞,ㄇㄟˇ ㄇㄧㄠˋ,měi miào,19,6
美容,5,B2,身體、醫療,ㄇㄟˇ ㄖㄨㄥˊ,měi róng,6,8
魅力,5,B2,個人資料,ㄇㄟˋ ㄌㄧˋ,mèi lì,33,10
悶1,5,B2,交通、旅遊,ㄇㄣ,mēn,17,11
門鈴,5,B2,日常起居,ㄇㄣˊ ㄌㄧㄥˊ,mén líng,6,1
門診,5,B2,身體、醫療,ㄇㄣˊ ㄓㄣˇ,mén zhěn,11,10
猛,5,B2,核心詞,ㄇㄥˇ,měng,58,8
猛然,5,B2,核心詞,ㄇㄥˇ ㄖㄢˊ,měng rán,17,2
謎,5,B2,核心詞,ㄇㄧˊ,mí,18,8
迷糊,5,B2,情緒、態度,ㄇㄧˊ ㄏㄨˊ,mí hú,3,2
迷你,5,B2,核心詞,ㄇㄧˊ ㄋㄧˇ,mí nǐ,6,8
迷信,5,B2,情緒、態度,ㄇㄧˊ ㄒㄧㄣˋ,mí xìn,19,7
蜜蜂/蜂,5,B2,自然環境,ㄇㄧˋ ㄈㄥ/ㄈㄥ,mì fēng/fēng,19,39
祕密/秘密,5,B2,核心詞,ㄇㄧˋ ㄇㄧˋ,mì mì,91,48
密切,5,B2,核心詞,ㄇㄧˋ ㄑㄧㄝˋ,mì qiè,36,36
祕書/秘書,5,B2,職業,ㄇㄧˋ ㄕㄨ,mì shū,34,5
蜜月,5,B2,交通、旅遊,ㄇㄧˋ ㄩㄝˋ,mì yuè,4,2
棉,5,B2,,ㄇㄧㄢˊ,mián,4,10
棉花,5,B2,自然環境,ㄇㄧㄢˊ ㄏㄨㄚ,mián huā,6,31
免,5,B2,安全,ㄇㄧㄢˇ,miǎn,24,28
免得,5,B2,核心詞,ㄇㄧㄢˇ ˙ㄉㄜ,miǎn de,18,6
勉強,5,B2,核心詞,ㄇㄧㄢˇ ㄑㄧㄤˇ,miǎn qiǎng,42,22
面積,5,B2,交通、旅遊,ㄇㄧㄢˋ ㄐㄧ,miàn jī,22,109
面具,5,B2,購物、商店,ㄇㄧㄢˋ ㄐㄩˋ,miàn jù,12,13
面臨,5,B2,安全,ㄇㄧㄢˋ ㄌㄧㄣˊ,miàn lín,62,108
面貌,5,B2,核心詞,ㄇㄧㄢˋ ㄇㄠˋ,miàn mào,17,18
面向,5,B2,核心詞,ㄇㄧㄢˋㄒㄧㄤˋ,miàn xiàng,26,13
面子,5,B2,核心詞,ㄇㄧㄢˋ ˙ㄗ,miàn zi,18,11
描繪,5,B2,休閒、娛樂,ㄇㄧㄠˊ ㄏㄨㄟˋ,miáo huì,26,8
描述,5,B2,核心詞,ㄇㄧㄠˊ ㄕㄨˋ,miáo shù,124,33
苗條,5,B2,身體、醫療,ㄇㄧㄠˊ ㄊㄧㄠˊ,miáo tiáo,5,2
描寫,5,B2,休閒、娛樂,ㄇㄧㄠˊ ㄒㄧㄝˇ,miáo xiě,29,8
妙,5,B2,核心詞,ㄇㄧㄠˋ,miào,30,40
廟,5,B2,文化,ㄇㄧㄠˋ,miào,41,25
滅亡,5,B2,核心詞,ㄇㄧㄝˋ ㄨㄤˊ,miè wáng,19,7
民調,5,B2,社會,ㄇㄧㄣˊ ㄉㄧㄠˋ,mín diào,2,8
民意,5,B2,,ㄇㄧㄣˊ ㄧˋ,mín yì,9,10
民營,5,B2,社會,ㄇㄧㄣˊ ㄧㄥˊ,mín yíng,13,3
敏感,5,B2,核心詞,ㄇㄧㄣˇ ㄍㄢˇ,mǐn gǎn,71,24
敏銳,5,B2,個人資料,ㄇㄧㄣˇ ㄖㄨㄟˋ,mǐn ruì,23,5
名單,5,B2,教育、學習,ㄇㄧㄥˊ ㄉㄢ,míng dān,24,10
名貴,5,B2,核心詞,ㄇㄧㄥˊ ㄍㄨㄟˋ,míng guì,4,2
明亮,5,B2,交通、旅遊,ㄇㄧㄥˊ ㄌㄧㄤˋ,míng liàng,23,9
明明,5,B2,核心詞,ㄇㄧㄥˊ ㄇㄧㄥˊ,míng míng,30,34
明確,5,B2,核心詞,ㄇㄧㄥˊ ㄑㄩㄝˋ,míng què,58,22
明日,5,B2,核心詞,ㄇㄧㄥˊ ㄖˋ,míng rì,13,13
名聲,5,B2,社會,ㄇㄧㄥˊ ㄕㄥ,míng shēng,18,5
明顯,5,B2,核心詞,ㄇㄧㄥˊ ㄒㄧㄢˇ,míng xiǎn,128,118
命名,5,B2,核心詞,ㄇㄧㄥˋ ㄇㄧㄥˊ,mìng míng,16,10
磨,5,B2,核心詞,ㄇㄛˊ / ㄇㄛˋ,mó / mò,17,22
模仿,5,B2,核心詞,ㄇㄛˊ ㄈㄤˇ,mó fǎng,44,20
魔鬼,5,B2,文化,ㄇㄛˊ ㄍㄨㄟˇ,mó guǐ,24,3
模糊,5,B2,核心詞,ㄇㄛˊ ㄏㄨˊ,mó hú,39,10
魔術,5,B2,休閒、娛樂,ㄇㄛˊ ㄕㄨˋ,mó shù,10,10
模特兒,5,B2,購物、商店,ㄇㄛˊ ㄊㄜˋㄦ,mó tèr,10,4
模型,5,B2,職業,ㄇㄛˊ ㄒㄧㄥˊ,mó xíng,40,26
模樣,5,B2,核心詞,ㄇㄛˊ ㄧㄤˋ,mó yàng,56,16
抹,5,B2,核心詞,ㄇㄛˇ,mǒ,26,14
抹布,5,B2,購物、商店,ㄇㄛˇ ㄅㄨˋ,mǒ bù,3,6
墨,5,B2,文化,ㄇㄛˋ,mò,17,8
默默/默,5,B2,核心詞,ㄇㄛˋ ㄇㄛˋ/ㄇㄛˋ,mò mò/mò,35,37
默認,5,B2,,ㄇㄛˋ ㄖㄣˋ,mò rèn,2,1
陌生,5,B2,情緒、態度,ㄇㄛˋ ㄕㄥ,mò shēng,31,21
某,5,B2,核心詞,ㄇㄡˇ,mǒu,463,111
木柴/柴,5,B2,核心詞,ㄇㄨˋ ㄔㄞˊ / ㄔㄞˊ,mù chái / chái,33,16
目光,5,B2,社交、人際,ㄇㄨˋ ㄍㄨㄤ,mù guāng,51,11
納入,5,B2,核心詞,ㄋㄚˋ ㄖㄨˋ,nà rù,19,7
耐,5,B2,核心詞,ㄋㄞˋ,nài,11,24
耐性,5,B2,職業,ㄋㄞˋ ㄒㄧㄥˋ,nài xìng,12,6
南極,5,B2,自然環境,ㄋㄢˊ ㄐㄧˊ,nán jí,4,17
難免,5,B2,核心詞,ㄋㄢˊ ㄇㄧㄢˇ,nán miǎn,27,22
難受,5,B2,核心詞,ㄋㄢˊ ㄕㄡˋ,nán shòu,15,6
難說,5,B2,核心詞,ㄋㄢˊ ㄕㄨㄛ,nán shuō,8,2
難題,5,B2,核心詞,ㄋㄢˊ ㄊㄧˊ,nán tí,29,14
難為情,5,B2,情緒、態度,ㄋㄢˊ ㄨㄟˊ ㄑㄧㄥˊ,nán wéi qíng,5,1
難以,5,B2,核心詞,ㄋㄢˊㄧˇ,nán yǐ,113,63
腦筋,5,B2,核心詞,ㄋㄠˇ ㄐㄧㄣ,nǎo jīn,18,14
鬧,5,B2,核心詞,ㄋㄠˋ,nào,37,17
內行,5,B2,核心詞,ㄋㄟˋ ㄏㄤˊ,nèi háng,3,5
內外,5,B2,核心詞,ㄋㄟˋ ㄨㄞˋ,nèi wài,19,5
內向,5,B2,個人資料,ㄋㄟˋ ㄒㄧㄤˋ,nèi xiàng,6,4
內在,5,B2,情緒、態度,ㄋㄟˋ ㄗㄞˋ,nèi zài,81,18
能幹,5,B2,核心詞,ㄋㄥˊ ㄍㄢˋ,néng gàn,19,2
能量,5,B2,身體、醫療,ㄋㄥˊ ㄌㄧㄤˋ,néng liàng,125,73
能源,5,B2,科技,ㄋㄥˊ ㄩㄢˊ,néng yuán,18,122
泥巴,5,B2,自然環境,ㄋㄧˊ ㄅㄚ,ní bā,7,9
泥土,5,B2,自然環境,ㄋㄧˊ ㄊㄨˇ,ní tǔ,18,39
黏,5,B2,餐飲、烹飪,ㄋㄧㄢˊ,nián,20,33
年節,5,B2,文化,ㄋㄧㄢˊ ㄐㄧㄝˊ,nián jié,3,4
年幼,5,B2,核心詞,ㄋㄧㄢˊ ㄧㄡˋ,nián yòu,13,4
年長,5,B2,個人資料,ㄋㄧㄢˊ ㄓㄤˇ,nián zhǎng,19,9
娘家,5,B2,個人資料,ㄋㄧㄤˊ ㄐㄧㄚ,niáng jiā,17,11
尿,5,B2,身體、醫療,ㄋㄧㄠˋ,niào,28,9
寧靜,5,B2,交通、旅遊,ㄋㄧㄥˊ ㄐㄧㄥˋ,níng jìng,22,14
農場,5,B2,日常起居,ㄋㄨㄥˊ ㄔㄤˊ,nóng cháng,21,124
農村,5,B2,日常起居,ㄋㄨㄥˊ ㄘㄨㄣ,nóng cūn,28,68
農夫,5,B2,職業,ㄋㄨㄥˊ ㄈㄨ,nóng fū,17,176
農家,5,B2,日常起居,ㄋㄨㄥˊ ㄐㄧㄚ,nóng jiā,8,24
農民,5,B2,職業,ㄋㄨㄥˊ ㄇㄧㄣˊ,nóng mín,97,161
女婿,5,B2,個人資料,ㄋㄩˇ ㄒㄩˋ,nǚ xù,20,4
虐待,5,B2,安全,ㄋㄩㄝˋ ㄉㄞˋ,nüè dài,17,8
偶然,5,B2,核心詞,ㄡˇ ㄖㄢˊ,ǒu rán,29,10
偶像,5,B2,休閒、娛樂,ㄡˇ ㄒㄧㄤˋ,ǒu xiàng,11,15
趴,5,B2,核心詞,ㄆㄚ,pā,18,11
拍攝,5,B2,休閒、娛樂,ㄆㄞ ㄕㄜˋ,pāi shè,25,35
排斥,5,B2,核心詞,ㄆㄞˊ ㄔˋ,pái chì,22,12
排除,5,B2,核心詞,ㄆㄞˊ ㄔㄨˊ,pái chú,29,16
排行,5,B2,,ㄆㄞˊ ㄏㄤˊ,pái háng,6,7
排行榜,5,B2,休閒、娛樂,ㄆㄞˊ ㄏㄤˊ ㄅㄤˇ,pái háng bǎng,7,5
排列,5,B2,核心詞,ㄆㄞˊ ㄌㄧㄝˋ,pái liè,24,9
派遣,5,B2,職業,ㄆㄞˋ ㄑㄧㄢˇ,pài qiǎn,18,12
判斷,5,B2,核心詞,ㄆㄢˋ ㄉㄨㄢˋ,pàn duàn,95,36
拚命/拼命,5,B2,核心詞,ㄆㄢˋ ㄇㄧㄥˋ,pàn mìng,39,4
盼望,5,B2,核心詞,ㄆㄢˋ ㄨㄤˋ,pàn wàng,18,8
拋棄,5,B2,核心詞,ㄆㄠ ㄑㄧˋ,pāo qì,20,8
跑道,5,B2,交通、旅遊,ㄆㄠˇ ㄉㄠˋ,pǎo dào,11,7
賠,5,B2,核心詞,ㄆㄟˊ,péi,9,7
陪伴,5,B2,核心詞,ㄆㄟˊ ㄅㄢˋ,péi bàn,27,100
陪同,5,B2,核心詞,ㄆㄟˊ ㄊㄨㄥˊ,péi tóng,9,5
培養,5,B2,核心詞,ㄆㄟˊ ㄧㄤˇ,péi yǎng,86,61
配,5,B2,核心詞,ㄆㄟˋ,pèi,25,32
佩服,5,B2,核心詞,ㄆㄟˋ ㄈㄨˊ,pèi fú,22,23
配角,5,B2,休閒、娛樂,ㄆㄟˋ ㄐㄧㄠˇ,pèi jiǎo,14,3
配偶,5,B2,個人資料,ㄆㄟˋ ㄡˇ,pèi ǒu,22,8
噴,5,B2,核心詞,ㄆㄣ,pēn,15,106
盆,5,B2,餐飲、烹飪,ㄆㄣˊ,pén,19,22
碰巧,5,B2,核心詞,ㄆㄥˋ ㄑㄧㄠˇ,pèng qiǎo,7,1
批,5,B2,核心詞,ㄆㄧ,pī,83,73
披,5,B2,核心詞,ㄆㄧ,pī,14,13
披薩,5,B2,餐飲、烹飪,ㄆㄧ ㄙㄚˋ,pī sà,6,11
疲倦,5,B2,身體、醫療,ㄆㄧˊ ㄐㄩㄢˋ,pí juàn,17,4
疲勞,5,B2,身體、醫療,ㄆㄧˊ ㄌㄠˊ,pí láo,18,7
屁,5,B2,身體、醫療,ㄆㄧˋ,pì,7,2
屁股,5,B2,身體、醫療,ㄆㄧˋ ˙ㄍㄨ,pì gu,34,13
譬如說/譬如,5,B2,核心詞,ㄆㄧˋ ㄖㄨˊㄕㄨㄛ/ㄆㄧˋ ㄖㄨˊ,pì rúshuō/ pì rú,48,168
偏,5,B2,核心詞,ㄆㄧㄢ,piān,28,46
偏見,5,B2,核心詞,ㄆㄧㄢ ㄐㄧㄢˋ,piān jiàn,21,4
片刻,5,B2,核心詞,ㄆㄧㄢˋ ㄎㄜˋ,piàn kè,29,4
飄,5,B2,自然環境,ㄆㄧㄠ,piāo,17,12
漂白,5,B2,核心詞,ㄆㄧㄠˇ ㄅㄞˊ,piǎo bái,2,12
拼,5,B2,,ㄆㄧㄣ,pīn,8,24
拼圖,5,B2,休閒、娛樂,ㄆㄧㄣ ㄊㄨˊ,pīn tú,6,10
頻繁,5,B2,核心詞,ㄆㄧㄣˊ ㄈㄢˊ,pín fán,17,28
頻率,5,B2,核心詞,ㄆㄧㄣˊ ㄌㄩˋ,pín lǜ,23,21
貧窮/貧,5,B2,社會,ㄆㄧㄣˊ ㄑㄩㄥˊ/ㄆㄧㄣˊ,pín qióng/pín,40,111
品嚐/品嘗,5,B2,餐飲、烹飪,ㄆㄧㄣˇ ㄔㄤˊ,pǐn cháng,12,16
品味,5,B2,休閒、娛樂,ㄆㄧㄣˇ ㄨㄟˋ,pǐn wèi,18,9
品種,5,B2,餐飲、烹飪,ㄆㄧㄣˇ ㄓㄨㄥˇ,pǐn zhǒng,14,75
坪,5,B2,日常起居,ㄆㄧㄥˊ,píng,11,17
憑,5,B2,核心詞,ㄆㄧㄥˊ,píng,55,18
平凡,5,B2,核心詞,ㄆㄧㄥˊ ㄈㄢˊ,píng fán,20,19
評估,5,B2,核心詞,ㄆㄧㄥˊ ㄍㄨ,píng gū,74,33
平衡,5,B2,身體、醫療,ㄆㄧㄥˊ ㄏㄥˊ,píng héng,76,62
平價,5,B2,購物、商店,ㄆㄧㄥˊ ㄐㄧㄚˋ,píng jià,2,4
評價,5,B2,核心詞,ㄆㄧㄥˊ ㄐㄧㄚˋ,píng jià,34,9
評量,5,B2,教育、學習,ㄆㄧㄥˊ ㄌㄧㄤˊ,píng liáng,20,4
評論,5,B2,教育、學習,ㄆㄧㄥˊ ㄌㄨㄣˋ,píng lùn,42,4
評審,5,B2,職業,ㄆㄧㄥˊ ㄕㄣˇ,píng shěn,8,6
平原,5,B2,交通、旅遊,ㄆㄧㄥˊ ㄩㄢˊ,píng yuán,16,50
潑,5,B2,餐飲、烹飪,ㄆㄛ,pō,7,5
婆家,5,B2,個人資料,ㄆㄛˊ ㄐㄧㄚ,pó jiā,3,3
破產,5,B2,職業,ㄆㄛˋ ㄔㄢˇ,pò chǎn,12,10
破舊,5,B2,日常起居,ㄆㄛˋ ㄐㄧㄡˋ,pò jiù,9,3
破損,5,B2,身體、醫療,ㄆㄛˋ ㄙㄨㄣˇ,pò sǔn,5,3
瀑布,5,B2,自然環境,ㄆㄨˋ ㄅㄨˋ,pù bù,10,7
暴露,5,B2,安全,ㄆㄨˋ ㄌㄨˋ,pù lù,17,7
欺負,5,B2,安全,ㄑㄧ ㄈㄨˋ,qī fù,16,14
欺騙,5,B2,安全,ㄑㄧ ㄆㄧㄢˋ,qī piàn,20,6
棋,5,B2,休閒、娛樂,ㄑㄧˊ,qí,16,9
其次,5,B2,核心詞,ㄑㄧˊ ㄘˋ,qí cì,36,14
奇蹟,5,B2,核心詞,ㄑㄧˊ ㄐㄧ,qí jī,31,24
期刊,5,B2,教育、學習,ㄑㄧˊ ㄎㄢ,qí kān,19,7
奇妙,5,B2,情緒、態度,ㄑㄧˊ ㄇㄧㄠˋ,qí miào,20,16
歧視,5,B2,社會,ㄑㄧˊ ㄕˋ,qí shì,16,18
奇特,5,B2,情緒、態度,ㄑㄧˊ ㄊㄜˋ,qí tè,21,10
期限,5,B2,核心詞,ㄑㄧˊ ㄒㄧㄢˋ,qí xiàn,13,10
奇異,5,B2,情緒、態度,ㄑㄧˊ ㄧˋ,qí yì,18,8
其餘,5,B2,核心詞,ㄑㄧˊ ㄩˊ,qí yú,29,6
起初,5,B2,核心詞,ㄑㄧˇ ㄔㄨ,qǐ chū,26,5
起點,5,B2,交通、旅遊,ㄑㄧˇ ㄉㄧㄢˇ,qǐ diǎn,15,15
啟動,5,B2,核心詞,ㄑㄧˇ ㄉㄨㄥˋ,qǐ dòng,25,32
起碼,5,B2,核心詞,ㄑㄧˇ ㄇㄚˇ,qǐ mǎ,24,20
起身,5,B2,核心詞,ㄑㄧˇ ㄕㄣ,qǐ shēn,38,4
器官,5,B2,身體、醫療,ㄑㄧˋ ㄍㄨㄢ,qì guān,25,16
器具,5,B2,日常起居,ㄑㄧˋ ㄐㄩˋ,qì jù,7,9
氣味,5,B2,餐飲、烹飪,ㄑㄧˋ ㄨㄟˋ,qì wèi,23,9
企業界,5,B2,職業,ㄑㄧˋ ㄧㄝˋ ㄐㄧㄝˋ,qì yè jiè,13,6
汽油,5,B2,公共服務,ㄑㄧˋ ㄧㄡˊ,qì yóu,6,13
氣質,5,B2,個人資料,ㄑㄧˋ ㄓˊ,qì zhí,28,9
恰當,5,B2,核心詞,ㄑㄧㄚˋ ㄉㄤˋ,qià dàng,21,4
牽,5,B2,核心詞,ㄑㄧㄢ,qiān,32,28
謙虛,5,B2,社交、人際,ㄑㄧㄢ ㄒㄩ,qiān xū,12,9
遷移,5,B2,核心詞,ㄑㄧㄢ ㄧˊ,qiān yí,10,11
簽約,5,B2,職業,ㄑㄧㄢ ㄩㄝ,qiān yuē,5,4
簽字,5,B2,社會,ㄑㄧㄢ ㄗˋ,qiān zì,6,0
前輩,5,B2,教育、學習,ㄑㄧㄢˊ ㄅㄟˋ,qián bèi,10,10
錢財,5,B2,購物、商店,ㄑㄧㄢˊ ㄘㄞˊ,qián cái,9,3
前後,5,B2,核心詞,ㄑㄧㄢˊ ㄏㄡˋ,qián hòu,47,16
潛力,5,B2,核心詞,ㄑㄧㄢˊ ㄌㄧˋ,qián lì,20,18
前途,5,B2,核心詞,ㄑㄧㄢˊ ㄊㄨˊ,qián tú,31,9
前往,5,B2,交通、旅遊,ㄑㄧㄢˊ ㄨㄤˇ,qián wǎng,91,58
欠,5,B2,核心詞,ㄑㄧㄢˋ,qiàn,18,15
牆壁/牆,5,B2,日常起居,ㄑㄧㄤˊ ㄅㄧˋ/ㄑㄧㄤˊ,qiáng bì/qiáng,118,88
強盜,5,B2,安全,ㄑㄧㄤˊ ㄉㄠˋ,qiáng dào,13,2
強調,5,B2,核心詞,ㄑㄧㄤˊ ㄉㄧㄠˋ,qiáng diào,121,74
強化,5,B2,核心詞,ㄑㄧㄤˊ ㄏㄨㄚˋ,qiáng huà,44,13
強烈,5,B2,核心詞,ㄑㄧㄤˊ ㄌㄧㄝˋ,qiáng liè,103,59
強權,5,B2,社會,ㄑㄧㄤˊ ㄑㄩㄢˊ,qiáng quán,4,5
強人,5,B2,社會,ㄑㄧㄤˊ ㄖㄣˊ,qiáng rén,4,4
強壯,5,B2,身體、醫療,ㄑㄧㄤˊ ㄓㄨㄤˋ,qiáng zhuàng,16,12
搶奪,5,B2,安全,ㄑㄧㄤˇ ㄉㄨㄛˊ,qiǎng duó,5,3
強迫,5,B2,核心詞,ㄑㄧㄤˇ ㄆㄛˋ,qiǎng pò,36,10
瞧,5,B2,核心詞,ㄑㄧㄠˊ,qiáo,51,10
巧,5,B2,核心詞,ㄑㄧㄠˇ,qiǎo,23,93
巧妙,5,B2,情緒、態度,ㄑㄧㄠˇ ㄇㄧㄠˋ,qiǎo miào,20,8
悄悄/悄,5,B2,核心詞,ㄑㄧㄠˇ ㄑㄧㄠˇ/ㄑㄧㄠˇ,qiǎo qiǎo/qiǎo,40,8
親,5,B2,個人資料,ㄑㄧㄣ,qīn,63,40
親近,5,B2,社交、人際,ㄑㄧㄣ ㄐㄧㄣˋ,qīn jìn,31,25
親口,5,B2,核心詞,ㄑㄧㄣ ㄎㄡˇ,qīn kǒu,5,1
親情,5,B2,社交、人際,ㄑㄧㄣ ㄑㄧㄥˊ,qīn qíng,10,13
親熱,5,B2,核心詞,ㄑㄧㄣ ㄖㄜˋ,qīn rè,6,1
親身,5,B2,核心詞,ㄑㄧㄣ ㄕㄣ,qīn shēn,17,24
親手,5,B2,核心詞,ㄑㄧㄣ ㄕㄡˇ,qīn shǒu,14,29
親眼,5,B2,核心詞,ㄑㄧㄣ ㄧㄢˇ,qīn yǎn,20,12
親友,5,B2,個人資料,ㄑㄧㄣ ㄧㄡˇ,qīn yǒu,21,15
親子,5,B2,核心詞,ㄑㄧㄣ ㄗˇ,qīn zǐ,31,26
親自,5,B2,核心詞,ㄑㄧㄣ ㄗˋ,qīn zì,79,46
琴,5,B2,休閒、娛樂,ㄑㄧㄣˊ,qín,33,24
清晨,5,B2,核心詞,ㄑㄧㄥ ㄔㄣˊ,qīng chén,27,30
青春,5,B2,核心詞,ㄑㄧㄥ ㄔㄨㄣ,qīng chūn,27,15
清淡,5,B2,餐飲、烹飪,ㄑㄧㄥ ㄉㄢˋ,qīng dàn,4,8
清潔,5,B2,日常起居,ㄑㄧㄥ ㄐㄧㄝˊ,qīng jié,14,39
清潔工,5,B2,職業,ㄑㄧㄥ ㄐㄧㄝˊ ㄍㄨㄥ,qīng jié gōng,2,1
清理,5,B2,日常起居,ㄑㄧㄥ ㄌㄧˇ,qīng lǐ,17,27
清涼,5,B2,交通、旅遊,ㄑㄧㄥ ㄌㄧㄤˊ,qīng liáng,6,7
輕聲,5,B2,核心詞,ㄑㄧㄥ ㄕㄥ,qīng shēng,23,4
青蛙,5,B2,自然環境,ㄑㄧㄥ ㄨㄚ,qīng wā,24,31
輕微,5,B2,身體、醫療,ㄑㄧㄥ ㄨㄟˊ,qīng wéi,19,12
清洗,5,B2,核心詞,ㄑㄧㄥ ㄒㄧˇ,qīng xǐ,12,25
清醒,5,B2,日常起居,ㄑㄧㄥ ㄒㄧㄥˇ,qīng xǐng,39,5
情報,5,B2,核心詞,ㄑㄧㄥˊ ㄅㄠˋ,qíng bào,28,16
情感,5,B2,情緒、態度,ㄑㄧㄥˊ ㄍㄢˇ,qíng gǎn,76,37
情節,5,B2,休閒、娛樂,ㄑㄧㄥˊ ㄐㄧㄝˊ,qíng jié,57,7
情景,5,B2,情緒、態度,ㄑㄧㄥˊ ㄐㄧㄥˇ,qíng jǐng,25,4
晴朗,5,B2,交通、旅遊,ㄑㄧㄥˊ ㄌㄤˇ,qíng lǎng,7,6
情侶,5,B2,社交、人際,ㄑㄧㄥˊ ㄌㄩˇ,qíng lǚ,7,2
情人,5,B2,社交、人際,ㄑㄧㄥˊ ㄖㄣˊ,qíng rén,24,3
情勢,5,B2,核心詞,ㄑㄧㄥˊ ㄕˋ,qíng shì,26,27
情緒,5,B2,情緒、態度,ㄑㄧㄥˊ ㄒㄩˋ,qíng xù,307,94
請求,5,B2,核心詞,ㄑㄧㄥˇ ㄑㄧㄡˊ,qǐng qiú,45,9
求婚,5,B2,社交、人際,ㄑㄧㄡˊ ㄏㄨㄣ,qiú hūn,10,2
球迷,5,B2,休閒、娛樂,ㄑㄧㄡˊ ㄇㄧˊ,qiú mí,8,1
球鞋,5,B2,購物、商店,ㄑㄧㄡˊ ㄒㄧㄝˊ,qiú xié,3,4
求學,5,B2,教育、學習,ㄑㄧㄡˊ ㄒㄩㄝˊ,qiú xué,11,18
區別,5,B2,核心詞,ㄑㄩ ㄅㄧㄝˊ,qū bié,20,4
區分,5,B2,核心詞,ㄑㄩ ㄈㄣ,qū fēn,18,6
娶,5,B2,個人資料,ㄑㄩˇ,qǔ,42,20
曲1,5,B2,核心詞,ㄑㄩˇ,qǔ,21,10
取代,5,B2,核心詞,ㄑㄩˇ ㄉㄞˋ,qǔ dài,51,49
取得,5,B2,核心詞,ㄑㄩˇ ㄉㄜˊ,qǔ dé,91,58
取消,5,B2,職業,ㄑㄩˇ ㄒㄧㄠ,qǔ xiāo,21,20
曲子,5,B2,休閒、娛樂,ㄑㄩˇ ˙ㄗ,qǔ zi,15,5
去世,5,B2,個人資料,ㄑㄩˋ ㄕˋ,qù shì,42,9
圈1,5,B2,核心詞,ㄑㄩㄢ,quān,51,56
拳,5,B2,核心詞,ㄑㄩㄢˊ,quán,22,3
權力,5,B2,社會,ㄑㄩㄢˊ ㄌㄧˋ,quán lì,105,23
全面,5,B2,核心詞,ㄑㄩㄢˊ ㄇㄧㄢˋ,quán miàn,33,27
全然,5,B2,核心詞,ㄑㄩㄢˊ ㄖㄢˊ,quán rán,29,9
權勢,5,B2,社會,ㄑㄩㄢˊ ㄕˋ,quán shì,22,1
全體,5,B2,核心詞,ㄑㄩㄢˊ ㄊㄧˇ,quán tǐ,25,11
拳頭,5,B2,身體、醫療,ㄑㄩㄢˊ ˙ㄊㄡ,quán tou,14,7
全職,5,B2,職業,ㄑㄩㄢˊ ㄓˊ,quán zhí,6,6
勸告,5,B2,情緒、態度,ㄑㄩㄢˋ ㄍㄠˋ,quàn gào,7,2
缺乏,5,B2,核心詞,ㄑㄩㄝ ㄈㄚˊ,quē fá,117,59
缺少/缺,5,B2,核心詞,ㄑㄩㄝ ㄕㄠˇ/ㄑㄩㄝ,quē shǎo/quē,62,95
缺失,5,B2,核心詞,ㄑㄩㄝ ㄕ,quē shī,17,4
缺席,5,B2,核心詞,ㄑㄩㄝ ㄒㄧˊ,quē xí,6,12
缺陷,5,B2,核心詞,ㄑㄩㄝ ㄒㄧㄢˋ,quē xiàn,24,10
確保,5,B2,安全,ㄑㄩㄝˋ ㄅㄠˇ,què bǎo,30,28
確立,5,B2,教育、學習,ㄑㄩㄝˋ ㄌㄧˋ,què lì,18,2
確認,5,B2,核心詞,ㄑㄩㄝˋ ㄖㄣˋ,què rèn,41,29
確實,5,B2,核心詞,ㄑㄩㄝˋ ㄕˊ,què shí,150,96
確信,5,B2,核心詞,ㄑㄩㄝˋ ㄒㄧㄣˋ,què xìn,18,1
群體,5,B2,社會,ㄑㄩㄣˊ ㄊㄧˇ,qún tǐ,18,7
群眾,5,B2,社會,ㄑㄩㄣˊ ㄓㄨㄥˋ,qún zhòng,35,26
然而,5,B2,核心詞,ㄖㄢˊ ㄦˊ,rán ér,355,95
燃燒,5,B2,核心詞,ㄖㄢˊ ㄕㄠ,rán shāo,24,28
染,5,B2,核心詞,ㄖㄢˇ,rǎn,11,19
繞,5,B2,核心詞,ㄖㄠˋ,rào,41,27
熱愛,5,B2,核心詞,ㄖㄜˋ ㄞˋ,rè ài,27,21
熱帶,5,B2,自然環境,ㄖㄜˋ ㄉㄞˋ,rè dài,8,55
熱烈,5,B2,社交、人際,ㄖㄜˋ ㄌㄧㄝˋ,rè liè,21,17
人潮,5,B2,購物、商店,ㄖㄣˊ ㄔㄠˊ,rén cháo,11,22
人格,5,B2,情緒、態度,ㄖㄣˊ ㄍㄜˊ,rén gé,69,12
人工,5,B2,職業,ㄖㄣˊ ㄍㄨㄥ,rén gōng,26,69
人際,5,B2,社交、人際,ㄖㄣˊ ㄐㄧˋ,rén jì,80,17
人家2,5,B2,核心詞,ㄖㄣˊ ˙ㄐㄧㄚ,rén jia,110,436
人間,5,B2,文化,ㄖㄣˊ ㄐㄧㄢ,rén jiān,50,41
人民幣,5,B2,公共服務,ㄖㄣˊ ㄇㄧㄣˊ ㄅㄧˋ,rén mín bì,11,15
人氣,5,B2,核心詞,ㄖㄣˊ ㄑㄧˋ,rén qì,7,6
人情味,5,B2,社交、人際,ㄖㄣˊ ㄑㄧㄥˊ ㄨㄟˋ,rén qíng wèi,4,8
人權,5,B2,社會,ㄖㄣˊ ㄑㄩㄢˊ,rén quán,14,28
人山人海,5,B2,休閒、娛樂,ㄖㄣˊ ㄕㄢ ㄖㄣˊ ㄏㄞˇ,rén shān rén hǎi,3,1
人事,5,B2,職業,ㄖㄣˊ ㄕˋ,rén shì,22,9
人士,5,B2,教育、學習,ㄖㄣˊ ㄕˋ,rén shì,80,50
人體,5,B2,身體、醫療,ㄖㄣˊ ㄊㄧˇ,rén tǐ,41,81
人心,5,B2,社會,ㄖㄣˊ ㄒㄧㄣ,rén xīn,41,32
人性,5,B2,教育、學習,ㄖㄣˊ ㄒㄧㄥˋ,rén xìng,50,19
人選,5,B2,核心詞,ㄖㄣˊ ㄒㄩㄢˇ,rén xuǎn,21,8
人員,5,B2,職業,ㄖㄣˊ ㄩㄢˊ,rén yuán,186,175
人緣,5,B2,社交、人際,ㄖㄣˊ ㄩㄢˊ,rén yuán,5,4
忍耐,5,B2,情緒、態度,ㄖㄣˇ ㄋㄞˋ,rěn nài,15,19
忍受,5,B2,核心詞,ㄖㄣˇ ㄕㄡˋ,rěn shòu,46,15
任,5,B2,核心詞,ㄖㄣˋ,rèn,113,70
認錯,5,B2,社交、人際,ㄖㄣˋ ㄘㄨㄛˋ,rèn cuò,8,5
認定,5,B2,核心詞,ㄖㄣˋ ㄉㄧㄥˋ,rèn dìng,36,13
認同,5,B2,核心詞,ㄖㄣˋ ㄊㄨㄥˊ,rèn tóng,70,41
仍舊,5,B2,核心詞,ㄖㄥˊ ㄐㄧㄡˋ,réng jiù,20,6
日落,5,B2,核心詞,ㄖˋ ㄌㄨㄛˋ,rì luò,8,5
日夜,5,B2,核心詞,ㄖˋ ㄧㄝˋ,rì yè,19,12
日益,5,B2,核心詞,ㄖˋ ㄧˋ,rì yì,19,11
融合,5,B2,核心詞,ㄖㄨㄥˊ ㄏㄜˊ,róng hé,24,28
融化,5,B2,餐飲、烹飪,ㄖㄨㄥˊ ㄏㄨㄚˋ,róng huà,9,21
融入,5,B2,核心詞,ㄖㄨㄥˊ ㄖㄨˋ,róng rù,22,35
揉,5,B2,身體、醫療,ㄖㄡˊ,róu,16,11
柔軟,5,B2,核心詞,ㄖㄡˊ ㄖㄨㄢˇ,róu ruǎn,20,24
肉麻,5,B2,核心詞,ㄖㄡˋ ㄇㄚˊ,ròu má,2,2
肉體,5,B2,身體、醫療,ㄖㄡˋ ㄊㄧˇ,ròu tǐ,17,2
如此,5,B2,核心詞,ㄖㄨˊ ㄘˇ,rú cǐ,511,85
如何,5,B2,核心詞,ㄖㄨˊ ㄏㄜˊ,rú hé,606,336
如同,5,B2,核心詞,ㄖㄨˊ ㄊㄨㄥˊ,rú tóng,82,26
如意,5,B2,核心詞,ㄖㄨˊ ㄧˋ,rú yì,16,9
入學,5,B2,教育、學習,ㄖㄨˋ ㄒㄩㄝˊ,rù xué,15,5
軟弱,5,B2,情緒、態度,ㄖㄨㄢˇ ㄖㄨㄛˋ,ruǎn ruò,14,4
軟體,5,B2,職業,ㄖㄨㄢˇ ㄊㄧˇ,ruǎn tǐ,45,16
弱點,5,B2,核心詞,ㄖㄨㄛˋ ㄉㄧㄢˇ,ruò diǎn,25,3
塞,5,B2,核心詞,ㄙㄞ,sāi,23,14
散1,5,B2,核心詞,ㄙㄢˋ,sàn,29,20
散發,5,B2,交通、旅遊,ㄙㄢˋ ㄈㄚ,sàn fā,15,8
散心,5,B2,,ㄙㄢˋ ㄒㄧㄣ,sàn xīn,1,1
艘,5,B2,交通、旅遊,ㄙㄠ,sāo,42,22
掃除,5,B2,安全,ㄙㄠˇ ㄔㄨˊ,sǎo chú,4,1
色情,5,B2,休閒、娛樂,ㄙㄜˋ ㄑㄧㄥˊ,sè qíng,8,1
殺害,5,B2,安全,ㄕㄚ ㄏㄞˋ,shā hài,25,10
殺價,5,B2,購物、商店,ㄕㄚ ㄐㄧㄚˋ,shā jià,2,2
沙漠,5,B2,交通、旅遊,ㄕㄚ ㄇㄛˋ,shā mò,22,51
傻,5,B2,核心詞,ㄕㄚˇ,shǎ,28,16
傻瓜,5,B2,核心詞,ㄕㄚˇ ㄍㄨㄚ,shǎ guā,14,6
傻事,5,B2,核心詞,ㄕㄚˇ ㄕˋ,shǎ shì,3,1
晒/曬,5,B2,日常起居,ㄕㄞˋ,shài,12,43
扇,5,B2,日常起居,ㄕㄢ / ㄕㄢˋ,shān / shàn,38,11
山谷,5,B2,交通、旅遊,ㄕㄢ ㄍㄨˇ,shān gǔ,21,11
山腳,5,B2,核心詞,ㄕㄢ ㄐㄧㄠˇ,shān jiǎo,12,11
山坡,5,B2,核心詞,ㄕㄢ ㄆㄛ,shān pō,22,10
閃,5,B2,核心詞,ㄕㄢˇ,shǎn,27,13
善良,5,B2,情緒、態度,ㄕㄢˋ ㄌㄧㄤˊ,shàn liáng,32,16
傷口,5,B2,身體、醫療,ㄕㄤ ㄎㄡˇ,shāng kǒu,29,16
傷腦筋,5,B2,核心詞,ㄕㄤ ㄋㄠˇ ㄐㄧㄣ,shāng nǎo jīn,6,7
賞,5,B2,核心詞,ㄕㄤˇ,shǎng,34,26
上場,5,B2,,ㄕㄤˋ ㄔㄤˇ,shàng chǎng,9,8
上當,5,B2,安全,ㄕㄤˋ ㄉㄤˋ,shàng dàng,6,1
上升,5,B2,核心詞,ㄕㄤˋ ㄕㄥ,shàng shēng,34,92
上市,5,B2,社會,ㄕㄤˋ ㄕˋ,shàng shì,30,7
上述,5,B2,核心詞,ㄕㄤˋ ㄕㄨˋ,shàng shù,63,1
上司,5,B2,職業,ㄕㄤˋ ㄙ,shàng sī,28,1
上鎖,5,B2,日常起居,ㄕㄤˋ ㄙㄨㄛˇ,shàng suǒ,4,1
上台/上臺,5,B2,教育、學習,ㄕㄤˋ ㄊㄞˊ,shàng tái,14,19
上下,5,B2,核心詞,ㄕㄤˋ ㄒㄧㄚˋ,shàng xià,48,22
上演,5,B2,休閒、娛樂,ㄕㄤˋ ㄧㄢˇ,shàng yǎn,14,5
上癮,5,B2,身體、醫療,ㄕㄤˋ ㄧㄣˇ,shàng yǐn,9,4
上漲,5,B2,,ㄕㄤˋ ㄓㄤˇ,shàng zhǎng,12,12
稍微/稍,5,B2,核心詞,ㄕㄠ ㄨㄟˊ / ㄕㄠ,shāo wéi / shāo,98,140
燒香,5,B2,文化,ㄕㄠ ㄒㄧㄤ,shāo xiāng,5,2
蛇,5,B2,個人資料,ㄕㄜˊ,shé,64,26
舌頭/舌,5,B2,身體、醫療,ㄕㄜˊ ˙ㄊㄡ/ㄕㄜˊ,shé tou/shé,38,12
捨不得,5,B2,核心詞,ㄕㄜˇ ㄅㄨˋ ˙ㄉㄜ,shě bù de,13,34
捨得,5,B2,核心詞,ㄕㄜˇ ˙ㄉㄜ,shě de,4,6
射,5,B2,核心詞,ㄕㄜˋ,shè,28,11
設定,5,B2,核心詞,ㄕㄜˋ ㄉㄧㄥˋ,shè dìng,38,18
設法,5,B2,核心詞,ㄕㄜˋ ㄈㄚˇ,shè fǎ,45,6
社工,5,B2,職業,ㄕㄜˋ ㄍㄨㄥ,shè gōng,4,8
社交,5,B2,社交、人際,ㄕㄜˋ ㄐㄧㄠ,shè jiāo,33,7
設立,5,B2,教育、學習,ㄕㄜˋ ㄌㄧˋ,shè lì,43,36
社群,5,B2,核心詞,ㄕㄜˋ ㄑㄩㄣˊ,shè qún,24,9
攝氏,5,B2,交通、旅遊,ㄕㄜˋ ㄕˋ,shè shì,8,19
社團,5,B2,教育、學習,ㄕㄜˋ ㄊㄨㄢˊ,shè tuán,12,16
攝影,5,B2,休閒、娛樂,ㄕㄜˋ ㄧㄥˇ,shè yǐng,29,60
身旁,5,B2,核心詞,ㄕㄣ ㄆㄤˊ,shēn páng,33,5
深入,5,B2,核心詞,ㄕㄣ ㄖㄨˋ,shēn rù,67,44
身心,5,B2,身體、醫療,ㄕㄣ ㄒㄧㄣ,shēn xīn,46,27
身影,5,B2,交通、旅遊,ㄕㄣ ㄧㄥˇ,shēn yǐng,23,26
深遠,5,B2,核心詞,ㄕㄣ ㄩㄢˇ,shēn yuǎn,17,13
神話,5,B2,文化,ㄕㄣˊ ㄏㄨㄚˋ,shén huà,32,14
神經,5,B2,身體、醫療,ㄕㄣˊ ㄐㄧㄥ,shén jīng,193,66
神祕/神秘,5,B2,文化,ㄕㄣˊ ㄇㄧˋ,shén mì,53,25
神奇,5,B2,休閒、娛樂,ㄕㄣˊ ㄑㄧˊ,shén qí,33,42
神聖,5,B2,文化,ㄕㄣˊ ㄕㄥˋ,shén shèng,27,11
神仙,5,B2,文化,ㄕㄣˊ ㄒㄧㄢ,shén xiān,21,2
腎臟/腎,5,B2,身體、醫療,ㄕㄣˋ ㄗㄤˋ/ㄕㄣˋ,shèn zàng/shèn,33,27
升,5,B2,核心詞,ㄕㄥ,shēng,27,40
生存,5,B2,核心詞,ㄕㄥ ㄘㄨㄣˊ,shēng cún,65,95
生動,5,B2,休閒、娛樂,ㄕㄥ ㄉㄨㄥˋ,shēng dòng,19,9
生火,5,B2,核心詞,ㄕㄥ ㄏㄨㄛˇ,shēng huǒ,4,4
生理,5,B2,身體、醫療,ㄕㄥ ㄌㄧˇ,shēng lǐ,55,18
生態,5,B2,自然環境,ㄕㄥ ㄊㄞˋ,shēng tài,40,221
聲響,5,B2,日常起居,ㄕㄥ ㄒㄧㄤˇ,shēng xiǎng,21,4
升學,5,B2,教育、學習,ㄕㄥ ㄒㄩㄝˊ,shēng xué,12,11
繩子/繩,5,B2,日常起居,ㄕㄥˊ ˙ㄗ/ㄕㄥˊ,shéng zi/shéng,37,17
剩餘,5,B2,核心詞,ㄕㄥˋ ㄩˊ,shèng yú,7,7
詩,5,B2,核心詞,ㄕ,shī,99,23
師父,5,B2,文化,ㄕ ˙ㄈㄨ,shī fu,35,33
師傅,5,B2,文化,ㄕ ㄈㄨˋ,shī fù,31,32
失去,5,B2,核心詞,ㄕ ㄑㄩˋ,shī qù,158,82
詩人,5,B2,教育、學習,ㄕ ㄖㄣˊ,shī rén,42,8
失業,5,B2,職業,ㄕ ㄧㄝˋ,shī yè,15,54
師長,5,B2,教育、學習,ㄕ ㄓㄤˇ,shī zhǎng,14,9
獅子/獅,5,B2,自然環境,ㄕ ˙ㄗ/ㄕ,shī zi/shī,22,24
失蹤,5,B2,安全,ㄕ ㄗㄨㄥ,shī zōng,20,11
食材,5,B2,餐飲、烹飪,ㄕˊ ㄘㄞˊ,shí cái,14,25
時光,5,B2,文化,ㄕˊ ㄍㄨㄤ,shí guāng,40,24
實話,5,B2,核心詞,ㄕˊ ㄏㄨㄚˋ,shí huà,19,10
時機,5,B2,核心詞,ㄕˊ ㄐㄧ,shí jī,42,14
實踐,5,B2,教育、學習,ㄕˊ ㄐㄧㄢˋ,shí jiàn,70,45
時刻,5,B2,核心詞,ㄕˊ ㄎㄜˋ,shí kè,71,52
時空,5,B2,自然環境,ㄕˊ ㄎㄨㄥ,shí kōng,25,12
實力,5,B2,職業,ㄕˊ ㄌㄧˋ,shí lì,37,17
十全十美,5,B2,核心詞,ㄕˊ ㄑㄩㄢˊ ㄕˊ ㄇㄟˇ,shí quán shí měi,5,1
時速,5,B2,核心詞,ㄕˊ ㄙㄨˋ,shí sù,10,5
實習,5,B2,職業,ㄕˊ ㄒㄧˊ,shí xí,12,19
實驗,5,B2,教育、學習,ㄕˊ ㄧㄢˋ,shí yàn,197,151
石油,5,B2,自然環境,ㄕˊ ㄧㄡˊ,shí yóu,18,54
實在,5,B2,核心詞,ㄕˊ ㄗㄞˋ,shí zài,218,137
石子,5,B2,自然環境,ㄕˊ ˙ㄗ,shí zi,7,1
十足,5,B2,核心詞,ㄕˊ ㄗㄨˊ,shí zú,27,16
使,5,B2,核心詞,ㄕˇ,shǐ,758,122
使得,5,B2,核心詞,ㄕˇ ˙ㄉㄜ,shǐ de,117,127
始終,5,B2,核心詞,ㄕˇ ㄓㄨㄥ,shǐ zhōng,73,30
士兵,5,B2,職業,ㄕˋ ㄅㄧㄥ,shì bīng,63,10
世代,5,B2,核心詞,ㄕˋ ㄉㄞˋ,shì dài,27,31
示範,5,B2,教育、學習,ㄕˋ ㄈㄢˋ,shì fàn,22,43
是非,5,B2,情緒、態度,ㄕˋ ㄈㄟ,shì fēi,19,5
是否,5,B2,核心詞,ㄕˋ ㄈㄡˇ,shì fǒu,299,80
事故,5,B2,安全,ㄕˋ ㄍㄨˋ,shì gù,18,13
事件,5,B2,安全,ㄕˋ ㄐㄧㄢˋ,shì jiàn,214,144
視覺,5,B2,核心詞,ㄕˋ ㄐㄩㄝˊ,shì jué,58,19
勢力,5,B2,社會,ㄕˋ ㄌㄧˋ,shì lì,57,46
市民,5,B2,社會,ㄕˋ ㄇㄧㄣˊ,shì mín,16,14
事實上,5,B2,核心詞,ㄕˋ ㄕˊ ㄕㄤˋ,shì shí shàng,0,0
視為,5,B2,核心詞,ㄕˋ ㄨㄟˊ,shì wéi,85,28
事務,5,B2,職業,ㄕˋ ㄨˋ,shì wù,39,14
事先,5,B2,核心詞,ㄕˋ ㄒㄧㄢ,shì xiān,39,17
視線,5,B2,日常起居,ㄕˋ ㄒㄧㄢˋ,shì xiàn,23,6
事項,5,B2,核心詞,ㄕˋ ㄒㄧㄤˋ,shì xiàng,19,5
試驗,5,B2,身體、醫療,ㄕˋ ㄧㄢˋ,shì yàn,19,29
式樣,5,B2,購物、商店,ㄕˋ ㄧㄤˋ,shì yàng,4,1
視野,5,B2,日常起居,ㄕˋ ㄧㄝˇ,shì yě,31,152
適用,5,B2,核心詞,ㄕˋ ㄩㄥˋ,shì yòng,33,6
收藏,5,B2,休閒、娛樂,ㄕㄡ ㄘㄤˊ,shōu cáng,26,13
收穫,5,B2,核心詞,ㄕㄡ ㄏㄨㄛˋ,shōu huò,22,40
收拾,5,B2,日常起居,ㄕㄡ ㄕˊ,shōu shí,26,9
手背,5,B2,身體、醫療,ㄕㄡˇ ㄅㄟˋ,shǒu bèi,4,1
手臂,5,B2,身體、醫療,ㄕㄡˇ ㄅㄧˋ,shǒu bì,64,11
手冊,5,B2,核心詞,ㄕㄡˇ ㄘㄜˋ,shǒu cè,17,5
手電筒,5,B2,日常起居,ㄕㄡˇ ㄉㄧㄢˋ ㄊㄨㄥˇ,shǒu diàn tǒng,9,10
手段,5,B2,教育、學習,ㄕㄡˇ ㄉㄨㄢˋ,shǒu duàn,59,21
手工,5,B2,購物、商店,ㄕㄡˇ ㄍㄨㄥ,shǒu gōng,10,56
守護,5,B2,安全,ㄕㄡˇ ㄏㄨˋ,shǒu hù,19,46
手忙腳亂,5,B2,核心詞,ㄕㄡˇ ㄇㄤˊ ㄐㄧㄠˇ ㄌㄨㄢˋ,shǒu máng jiǎo luàn,4,1
手勢,5,B2,核心詞,ㄕㄡˇ ㄕˋ,shǒu shì,19,13
手腕,5,B2,身體、醫療,ㄕㄡˇ ㄨㄢˋ,shǒu wàn,19,5
手下,5,B2,職業,ㄕㄡˇ ㄒㄧㄚˋ,shǒu xià,25,2
手心,5,B2,身體、醫療,ㄕㄡˇ ㄒㄧㄣ,shǒu xīn,7,7
手續,5,B2,核心詞,ㄕㄡˇ ㄒㄩˋ,shǒu xù,10,5
手掌,5,B2,身體、醫療,ㄕㄡˇ ㄓㄤˇ,shǒu zhǎng,19,4
售,5,B2,購物、商店,ㄕㄡˋ,shòu,4,2
受害,5,B2,安全,ㄕㄡˋ ㄏㄞˋ,shòu hài,23,15
受苦,5,B2,核心詞,ㄕㄡˋ ㄎㄨˇ,shòu kǔ,17,11
壽命,5,B2,身體、醫療,ㄕㄡˋ ㄇㄧㄥˋ,shòu mìng,18,16
梳,5,B2,日常起居,ㄕㄨ,shū,10,2
書本,5,B2,教育、學習,ㄕㄨ ㄅㄣˇ,shū běn,16,15
書籍,5,B2,教育、學習,ㄕㄨ ㄐㄧˊ,shū jí,49,16
書面,5,B2,教育、學習,ㄕㄨ ㄇㄧㄢˋ,shū miàn,8,1
舒適,5,B2,核心詞,ㄕㄨ ㄕˋ,shū shì,30,30
書寫,5,B2,教育、學習,ㄕㄨ ㄒㄧㄝˇ,shū xiě,34,12
書信,5,B2,公共服務,ㄕㄨ ㄒㄧㄣˋ,shū xìn,11,3
屬,5,B2,核心詞,ㄕㄨˇ,shǔ,81,21
暑期,5,B2,教育、學習,ㄕㄨˇ ㄑㄧˊ,shǔ qí,3,3
屬於,5,B2,核心詞,ㄕㄨˇ ㄩˊ,shǔ yú,141,157
束,5,B2,核心詞,ㄕㄨˋ,shù,11,6
數據,5,B2,科技,ㄕㄨˋ ㄐㄩˋ,shù jù,36,42
樹林,5,B2,交通、旅遊,ㄕㄨˋ ㄌㄧㄣˊ,shù lín,27,11
數目,5,B2,購物、商店,ㄕㄨˋ ㄇㄨˋ,shù mù,26,11
數位,5,B2,科技,ㄕㄨˋ ㄨㄟˋ,shù wèi,20,11
樹葉,5,B2,自然環境,ㄕㄨˋ ㄧㄝˋ,shù yè,14,18
樹枝,5,B2,核心詞,ㄕㄨˋ ㄓ,shù zhī,26,13
摔,5,B2,核心詞,ㄕㄨㄞ,shuāi,22,14
摔跤,5,B2,身體、醫療,ㄕㄨㄞ ㄐㄧㄠ,shuāi jiāo,4,2
率領,5,B2,核心詞,ㄕㄨㄞˋ ㄌㄧㄥˇ,shuài lǐng,51,7
雙胞胎,5,B2,核心詞,ㄕㄨㄤ ㄅㄠ ㄊㄞ,shuāng bāo tāi,13,7
雙親,5,B2,核心詞,ㄕㄨㄤ ㄑㄧㄣ,shuāng qīn,12,2
水分/水份,5,B2,身體、醫療,ㄕㄨㄟˇ ㄈㄣˋ,shuǐ fèn,24,45
水溝,5,B2,日常起居,ㄕㄨㄟˇ ㄍㄡ,shuǐ gōu,7,10
水管,5,B2,日常起居,ㄕㄨㄟˇ ㄍㄨㄢˇ,shuǐ guǎn,7,19
水庫,5,B2,,ㄕㄨㄟˇ ㄎㄨˋ,shuǐ kù,7,70
水平,5,B2,休閒、娛樂,ㄕㄨㄟˇ ㄆㄧㄥˊ,shuǐ píng,18,13
水災,5,B2,安全,ㄕㄨㄟˇ ㄗㄞ,shuǐ zāi,5,48
稅,5,B2,購物、商店,ㄕㄨㄟˋ,shuì,10,14
說服,5,B2,核心詞,ㄕㄨㄟˋ ㄈㄨˊ,shuì fú,49,21
稅制,5,B2,社會,ㄕㄨㄟˋ ㄓˋ,shuì zhì,2,1
順,5,B2,核心詞,ㄕㄨㄣˋ,shùn,50,64
順道,5,B2,核心詞,ㄕㄨㄣˋ ㄉㄠˋ,shùn dào,5,2
順序,5,B2,核心詞,ㄕㄨㄣˋ ㄒㄩˋ,shùn xù,31,7
順眼,5,B2,核心詞,ㄕㄨㄣˋ ㄧㄢˇ,shùn yǎn,6,3
說謊,5,B2,安全,ㄕㄨㄛ ㄏㄨㄤˇ,shuō huǎng,21,16
碩士,5,B2,教育、學習,ㄕㄨㄛˋ ㄕˋ,shuò shì,16,13
私底下/私下,5,B2,核心詞,ㄙ ㄉㄧˇ ㄒㄧㄚˋ/ㄙ ㄒㄧㄚˋ,sī dǐ xià/sī xià,23,10
私立,5,B2,教育、學習,ㄙ ㄌㄧˋ,sī lì,10,7
思念,5,B2,情緒、態度,ㄙ ㄋㄧㄢˋ,sī niàn,14,13
私人,5,B2,個人資料,ㄙ ㄖㄣˊ,sī rén,42,13
私事,5,B2,核心詞,ㄙ ㄕˋ,sī shì,4,1
思想,5,B2,教育、學習,ㄙ ㄒㄧㄤˇ,sī xiǎng,154,32
寺,5,B2,文化,ㄙˋ,sì,17,10
四方,5,B2,核心詞,ㄙˋ ㄈㄤ,sì fāng,10,4
似乎/似,5,B2,核心詞,ㄙˋ ㄏㄨ/ㄙˋ,sì hū/sì,382,90
寺廟,5,B2,文化,ㄙˋ ㄇㄧㄠˋ,sì miào,10,12
蒐集,5,B2,核心詞,ㄙㄡ ㄐㄧˊ,sōu jí,30,19
搜尋,5,B2,科技,ㄙㄡ ㄒㄩㄣˊ,sōu xún,36,16
俗話,5,B2,文化,ㄙㄨˊ ㄏㄨㄚˋ,sú huà,4,3
俗氣,5,B2,核心詞,ㄙㄨˊ ㄑㄧˋ,sú qì,3,1
訴苦,5,B2,核心詞,ㄙㄨˋ ㄎㄨˇ,sù kǔ,5,1
宿醉,5,B2,身體、醫療,ㄙㄨˋ ㄗㄨㄟˋ,sù zuì,2,0
痠痛/酸痛,5,B2,身體、醫療,ㄙㄨㄢ ㄊㄨㄥˋ,suān tòng,8,5
算命,5,B2,文化,ㄙㄨㄢˋ ㄇㄧㄥˋ,suàn mìng,8,4
算帳,5,B2,核心詞,ㄙㄨㄢˋ ㄓㄤˋ,suàn zhàng,3,1
隨地,5,B2,核心詞,ㄙㄨㄟˊ ㄉㄧˋ,suí dì,9,8
隨機,5,B2,核心詞,ㄙㄨㄟˊ ㄐㄧ,suí jī,19,4
隨口,5,B2,核心詞,ㄙㄨㄟˊ ㄎㄡˇ,suí kǒu,7,1
隨身,5,B2,核心詞,ㄙㄨㄟˊ ㄕㄣ,suí shēn,15,15
隨手,5,B2,核心詞,ㄙㄨㄟˊ ㄕㄡˇ,suí shǒu,13,15
隨意,5,B2,核心詞,ㄙㄨㄟˊ ㄧˋ,suí yì,24,9
隨著,5,B2,核心詞,ㄙㄨㄟˊ ˙ㄓㄜ,suí zhe,126,134
碎,5,B2,核心詞,ㄙㄨㄟˋ,suì,20,22
歲數,5,B2,個人資料,ㄙㄨㄟˋ ㄕㄨˋ,suì shù,4,2
歲月,5,B2,核心詞,ㄙㄨㄟˋ ㄩㄝˋ,suì yuè,35,32
損壞,5,B2,身體、醫療,ㄙㄨㄣˇ ㄏㄨㄞˋ,sǔn huài,6,7
損失,5,B2,核心詞,ㄙㄨㄣˇ ㄕ,sǔn shī,40,62
縮小,5,B2,核心詞,ㄙㄨㄛ ㄒㄧㄠˇ,suō xiǎo,14,18
所謂,5,B2,核心詞,ㄙㄨㄛˇ ㄨㄟˋ,suǒ wèi,211,306
塌,5,B2,自然環境,ㄊㄚ,tā,4,6
他人,5,B2,核心詞,ㄊㄚ ㄖㄣˊ,tā rén,105,13
塔,5,B2,交通、旅遊,ㄊㄚˇ,tǎ,24,47
踏,5,B2,核心詞,ㄊㄚˋ,tà,15,9
胎,5,B2,,ㄊㄞ,tāi,8,6
抬頭,5,B2,核心詞,ㄊㄞˊ ㄊㄡˊ,tái tóu,40,12
太空,5,B2,科技,ㄊㄞˋ ㄎㄨㄥ,tài kōng,17,28
太空人,5,B2,科技,ㄊㄞˋ ㄎㄨㄥ ㄖㄣˊ,tài kōng rén,4,5
太平洋,5,B2,自然環境,ㄊㄞˋ ㄆㄧㄥˊ ㄧㄤˊ,tài píng yáng,16,47
貪,5,B2,社會,ㄊㄢ,tān,20,28
貪心,5,B2,核心詞,ㄊㄢ ㄒㄧㄣ,tān xīn,5,6
談話,5,B2,核心詞,ㄊㄢˊ ㄏㄨㄚˋ,tán huà,73,10
談論,5,B2,核心詞,ㄊㄢˊ ㄌㄨㄣˋ,tán lùn,35,7
彈性,5,B2,日常起居,ㄊㄢˊ ㄒㄧㄥˋ,tán xìng,42,19
坦白,5,B2,核心詞,ㄊㄢˇ ㄅㄞˊ,tǎn bái,20,17
毯子,5,B2,交通、旅遊,ㄊㄢˇ ˙ㄗ,tǎn zi,9,6
嘆/歎,5,B2,核心詞,ㄊㄢˋ,tàn,44,1
炭,5,B2,核心詞,ㄊㄢˋ,tàn,5,16
嘆氣,5,B2,核心詞,ㄊㄢˋ ㄑㄧˋ,tàn qì,5,3
探討,5,B2,教育、學習,ㄊㄢˋ ㄊㄠˇ,tàn tǎo,55,34
堂,5,B2,教育、學習,ㄊㄤˊ,táng,33,34
逃避,5,B2,安全,ㄊㄠˊ ㄅㄧˋ,táo bì,41,12
逃跑,5,B2,安全,ㄊㄠˊ ㄆㄠˇ,táo pǎo,16,2
逃生,5,B2,安全,ㄊㄠˊ ㄕㄥ,táo shēng,6,9
桃子,5,B2,餐飲、烹飪,ㄊㄠˊ ˙ㄗ,táo zi,5,3
討,5,B2,安全,ㄊㄠˇ,tǎo,21,10
套房,5,B2,日常起居,ㄊㄠˋ ㄈㄤˊ,tào fáng,4,4
特產,5,B2,餐飲、烹飪,ㄊㄜˋ ㄔㄢˇ,tè chǎn,4,6
特地,5,B2,核心詞,ㄊㄜˋ ㄉㄧˋ,tè dì,20,28
特定,5,B2,核心詞,ㄊㄜˋ ㄉㄧㄥˋ,tè dìng,72,18
特殊,5,B2,核心詞,ㄊㄜˋ ㄕㄨ,tè shū,103,117
特有,5,B2,核心詞,ㄊㄜˋ ㄧㄡˇ,tè yǒu,18,18
特徵,5,B2,核心詞,ㄊㄜˋ ㄓㄥ,tè zhēng,45,25
特質,5,B2,個人資料,ㄊㄜˋ ㄓˊ,tè zhí,95,30
疼愛,5,B2,核心詞,ㄊㄥˊ ㄞˋ,téng ài,12,10
提及,5,B2,核心詞,ㄊㄧˊ ㄐㄧˊ,tí jí,23,3
提前,5,B2,核心詞,ㄊㄧˊ ㄑㄧㄢˊ,tí qián,12,10
提問,5,B2,教育、學習,ㄊㄧˊ ㄨㄣˋ,tí wèn,13,1
提早,5,B2,職業,ㄊㄧˊ ㄗㄠˇ,tí zǎo,17,28
體會,5,B2,核心詞,ㄊㄧˇ ㄏㄨㄟˋ,tǐ huì,41,68
體貼,5,B2,核心詞,ㄊㄧˇ ㄊㄧㄝ,tǐ tiē,17,12
體溫,5,B2,身體、醫療,ㄊㄧˇ ㄨㄣ,tǐ wēn,13,9
體型,5,B2,身體、醫療,ㄊㄧˇ ㄒㄧㄥˊ,tǐ xíng,12,7
體驗,5,B2,核心詞,ㄊㄧˇ ㄧㄢˋ,tǐ yàn,59,110
體育,5,B2,教育、學習,ㄊㄧˇ ㄩˋ,tǐ yù,12,15
替代,5,B2,核心詞,ㄊㄧˋ ㄉㄞˋ,tì dài,21,15
添,5,B2,核心詞,ㄊㄧㄢ,tiān,17,12
天才,5,B2,教育、學習,ㄊㄧㄢ ㄘㄞˊ,tiān cái,28,6
天賦,5,B2,核心詞,ㄊㄧㄢ ㄈㄨˋ,tiān fù,20,7
天黑,5,B2,核心詞,ㄊㄧㄢ ㄏㄟ,tiān hēi,11,6
天亮,5,B2,核心詞,ㄊㄧㄢ ㄌㄧㄤˋ,tiān liàng,11,5
天然,5,B2,餐飲、烹飪,ㄊㄧㄢ ㄖㄢˊ,tiān rán,21,118
天使,5,B2,文化,ㄊㄧㄢ ㄕˇ,tiān shǐ,35,14
天堂,5,B2,文化,ㄊㄧㄢ ㄊㄤˊ,tiān táng,27,22
天下,5,B2,社會,ㄊㄧㄢ ㄒㄧㄚˋ,tiān xià,166,42
天性,5,B2,個人資料,ㄊㄧㄢ ㄒㄧㄥˋ,tiān xìng,18,6
天災,5,B2,交通、旅遊,ㄊㄧㄢ ㄗㄞ,tiān zāi,5,46
天真,5,B2,核心詞,ㄊㄧㄢ ㄓㄣ,tiān zhēn,23,10
田地,5,B2,日常起居,ㄊㄧㄢˊ ㄉㄧˋ,tián dì,14,22
甜美,5,B2,餐飲、烹飪,ㄊㄧㄢˊ ㄇㄟˇ,tián měi,13,7
甜蜜,5,B2,核心詞,ㄊㄧㄢˊ ㄇㄧˋ,tián mì,14,9
田野,5,B2,交通、旅遊,ㄊㄧㄢˊ ㄧㄝˇ,tián yě,21,12
挑剔,5,B2,核心詞,ㄊㄧㄠ ㄊㄧ,tiāo tī,12,3
挑選,5,B2,核心詞,ㄊㄧㄠ ㄒㄩㄢˇ,tiāo xuǎn,28,20
調1,5,B2,餐飲、烹飪,ㄊㄧㄠˊ,tiáo,23,35
調味,5,B2,餐飲、烹飪,ㄊㄧㄠˊ ㄨㄟˋ,tiáo wèi,5,6
鐵馬,5,B2,交通、旅遊,ㄊㄧㄝˇ ㄇㄚˇ,tiě mǎ,1,1
聽從,5,B2,核心詞,ㄊㄧㄥ ㄘㄨㄥˊ,tīng cóng,16,3
聽覺,5,B2,身體、醫療,ㄊㄧㄥ ㄐㄩㄝˊ,tīng jué,17,10
聽眾,5,B2,教育、學習,ㄊㄧㄥ ㄓㄨㄥˋ,tīng zhòng,26,6
停頓,5,B2,情緒、態度,ㄊㄧㄥˊ ㄉㄨㄣˋ,tíng dùn,21,3
停留,5,B2,核心詞,ㄊㄧㄥˊ ㄌㄧㄡˊ,tíng liú,28,23
庭園,5,B2,日常起居,ㄊㄧㄥˊ ㄩㄢˊ,tíng yuán,4,3
庭院,5,B2,日常起居,ㄊㄧㄥˊ ㄩㄢˋ,tíng yuàn,12,6
挺,5,B2,核心詞,ㄊㄧㄥˇ,tǐng,48,33
通風,5,B2,日常起居,ㄊㄨㄥ ㄈㄥ,tōng fēng,6,19
通俗,5,B2,教育、學習,ㄊㄨㄥ ㄙㄨˊ,tōng sú,17,3
通通,5,B2,核心詞,ㄊㄨㄥ ㄊㄨㄥ,tōng tōng,8,54
通往,5,B2,交通、旅遊,ㄊㄨㄥ ㄨㄤˇ,tōng wǎng,26,10
通訊,5,B2,科技,ㄊㄨㄥ ㄒㄩㄣˋ,tōng xùn,22,8
通用,5,B2,職業,ㄊㄨㄥ ㄩㄥˋ,tōng yòng,18,3
銅,5,B2,核心詞,ㄊㄨㄥˊ,tóng,19,12
同伴,5,B2,核心詞,ㄊㄨㄥˊ ㄅㄢˋ,tóng bàn,20,9
同行1,5,B2,職業,ㄊㄨㄥˊ ㄏㄤˊ,tóng háng,18,3
同理,5,B2,核心詞,ㄊㄨㄥˊ ㄌㄧˇ,tóng lǐ,9,3
同年,5,B2,核心詞,ㄊㄨㄥˊ ㄋㄧㄢˊ,tóng nián,20,6
同鄉,5,B2,個人資料,ㄊㄨㄥˊ ㄒㄧㄤ,tóng xiāng,7,2
同行2,5,B2,核心詞,ㄊㄨㄥˊ ㄒㄧㄥˊ,tóng xíng,18,3
同性戀,5,B2,社會,ㄊㄨㄥˊ ㄒㄧㄥˋ ㄌㄧㄢˋ,tóng xìng liàn,17,2
同志,5,B2,社會,ㄊㄨㄥˊ ㄓˋ,tóng zhì,22,1
桶,5,B2,餐飲、烹飪,ㄊㄨㄥˇ,tǒng,18,42
統計,5,B2,教育、學習,ㄊㄨㄥˇ ㄐㄧˋ,tǒng jì,42,91
統治,5,B2,社會,ㄊㄨㄥˇ ㄓˋ,tǒng zhì,79,34
桶子,5,B2,,ㄊㄨㄥˇ ˙ㄗ,tǒng zi,4,10
痛恨,5,B2,情緒、態度,ㄊㄨㄥˋ ㄏㄣˋ,tòng hèn,16,1
痛哭,5,B2,核心詞,ㄊㄨㄥˋ ㄎㄨ,tòng kū,11,1
痛快,5,B2,核心詞,ㄊㄨㄥˋ ㄎㄨㄞˋ,tòng kuài,10,1
痛罵,5,B2,情緒、態度,ㄊㄨㄥˋ ㄇㄚˋ,tòng mà,4,0
偷看,5,B2,核心詞,ㄊㄡ ㄎㄢˋ,tōu kàn,7,6
偷懶,5,B2,核心詞,ㄊㄡ ㄌㄢˇ,tōu lǎn,5,12
偷聽,5,B2,核心詞,ㄊㄡ ㄊㄧㄥ,tōu tīng,5,4
偷偷,5,B2,核心詞,ㄊㄡ ㄊㄡ,tōu tōu,34,16
頭腦,5,B2,個人資料,ㄊㄡˊ ㄋㄠˇ,tóu nǎo,36,23
頭皮,5,B2,身體、醫療,ㄊㄡˊ ㄆㄧˊ,tóu pí,6,1
投票,5,B2,社會,ㄊㄡˊ ㄆㄧㄠˋ,tóu piào,14,34
投手,5,B2,休閒、娛樂,ㄊㄡˊ ㄕㄡˇ,tóu shǒu,10,1
頭條,5,B2,休閒、娛樂,ㄊㄡˊ ㄊㄧㄠˊ,tóu tiáo,5,2
投降,5,B2,安全,ㄊㄡˊ ㄒㄧㄤˊ,tóu xiáng,41,5
透,5,B2,核心詞,ㄊㄡˋ,tòu,25,22
透過,5,B2,核心詞,ㄊㄡˋ ㄍㄨㄛˋ,tòu guò,238,337
透露,5,B2,核心詞,ㄊㄡˋ ㄌㄨˋ,tòu lù,24,11
透明,5,B2,核心詞,ㄊㄡˋ ㄇㄧㄥˊ,tòu míng,19,20
塗,5,B2,核心詞,ㄊㄨˊ,tú,16,13
圖案,5,B2,核心詞,ㄊㄨˊ ㄢˋ,tú àn,21,21
突出,5,B2,核心詞,ㄊㄨˊ ㄔㄨ,tú chū,27,8
突破,5,B2,職業,ㄊㄨˊ ㄆㄛˋ,tú pò,43,38
團結,5,B2,社會,ㄊㄨㄢˊ ㄐㄧㄝˊ,tuán jié,21,24
團聚,5,B2,社交、人際,ㄊㄨㄢˊ ㄐㄩˋ,tuán jù,5,9
團圓,5,B2,文化,ㄊㄨㄢˊ ㄩㄢˊ,tuán yuán,5,8
推測,5,B2,核心詞,ㄊㄨㄟ ㄘㄜˋ,tuī cè,19,10
推出,5,B2,職業,ㄊㄨㄟ ㄔㄨ,tuī chū,48,26
推翻,5,B2,教育、學習,ㄊㄨㄟ ㄈㄢ,tuī fān,18,18
推廣,5,B2,教育、學習,ㄊㄨㄟ ㄍㄨㄤˇ,tuī guǎng,41,91
推理,5,B2,教育、學習,ㄊㄨㄟ ㄌㄧˇ,tuī lǐ,27,1
推銷,5,B2,購物、商店,ㄊㄨㄟ ㄒㄧㄠ,tuī xiāo,26,8
退出,5,B2,職業,ㄊㄨㄟˋ ㄔㄨ,tuì chū,19,14
吞,5,B2,餐飲、烹飪,ㄊㄨㄣ,tūn,14,7
拖,5,B2,核心詞,ㄊㄨㄛ,tuō,44,25
脫離,5,B2,核心詞,ㄊㄨㄛ ㄌㄧˊ,tuō lí,34,31
拖延,5,B2,核心詞,ㄊㄨㄛ ㄧㄢˊ,tuō yán,17,2
外出,5,B2,核心詞,ㄨㄞˋ ㄔㄨ,wài chū,21,13
外地,5,B2,日常起居,ㄨㄞˋ ㄉㄧˋ,wài dì,10,21
外行,5,B2,核心詞,ㄨㄞˋ ㄏㄤˊ,wài háng,3,2
外交,5,B2,社會,ㄨㄞˋ ㄐㄧㄠ,wài jiāo,25,43
外界,5,B2,核心詞,ㄨㄞˋ ㄐㄧㄝˋ,wài jiè,35,56
外來,5,B2,核心詞,ㄨㄞˋ ㄌㄞˊ,wài lái,17,34
外貌,5,B2,核心詞,ㄨㄞˋ ㄇㄠˋ,wài mào,7,3
外人,5,B2,社交、人際,ㄨㄞˋ ㄖㄣˊ,wài rén,18,9
外向,5,B2,個人資料,ㄨㄞˋ ㄒㄧㄤˋ,wài xiàng,5,2
外銷,5,B2,交通、旅遊,ㄨㄞˋ ㄒㄧㄠ,wài xiāo,7,14
外型,5,B2,購物、商店,ㄨㄞˋ ㄒㄧㄥˊ,wài xíng,7,11
外形,5,B2,購物、商店,ㄨㄞˋ ㄒㄧㄥˊ,wài xíng,7,4
外遇,5,B2,社交、人際,ㄨㄞˋ ㄩˋ,wài yù,9,4
外在,5,B2,身體、醫療,ㄨㄞˋ ㄗㄞˋ,wài zài,43,12
彎,5,B2,核心詞,ㄨㄢ,wān,33,14
彎曲,5,B2,身體、醫療,ㄨㄢ ㄑㄩ,wān qū,18,7
完蛋,5,B2,核心詞,ㄨㄢˊ ㄉㄢˋ,wán dàn,6,10
玩樂,5,B2,休閒、娛樂,ㄨㄢˊ ㄌㄜˋ,wán lè,7,6
玩耍,5,B2,核心詞,ㄨㄢˊ ㄕㄨㄚˇ,wán shuǎ,19,10
晚輩,5,B2,個人資料,ㄨㄢˇ ㄅㄟˋ,wǎn bèi,4,4
晚年,5,B2,社會,ㄨㄢˇ ㄋㄧㄢˊ,wǎn nián,21,6
萬分,5,B2,核心詞,ㄨㄢˋ ㄈㄣ,wàn fēn,19,4
萬事如意,5,B2,核心詞,ㄨㄢˋ ㄕˋ ㄖㄨˊ ㄧˋ,wàn shì rú yì,0,0
萬一,5,B2,核心詞,ㄨㄢˋ ㄧ,wàn yī,42,41
王國,5,B2,文化,ㄨㄤˊ ㄍㄨㄛˊ,wáng guó,37,18
王子,5,B2,文化,ㄨㄤˊ ㄗˇ,wáng zǐ,33,41
往常,5,B2,核心詞,ㄨㄤˇ ㄔㄤˊ,wǎng cháng,16,6
往後,5,B2,核心詞,ㄨㄤˇ ㄏㄡˋ,wǎng hòu,27,14
往來,5,B2,社交、人際,ㄨㄤˇ ㄌㄞˊ,wǎng lái,25,15
網絡,5,B2,核心詞,ㄨㄤˇ ㄌㄨㄛˋ,wǎng luò,27,5
往事,5,B2,文化,ㄨㄤˇ ㄕˋ,wǎng shì,23,5
威力,5,B2,安全,ㄨㄟ ㄌㄧˋ,wēi lì,17,25
威脅,5,B2,安全,ㄨㄟ ㄒㄧㄝˊ,wēi xié,68,96
圍,5,B2,核心詞,ㄨㄟˊ,wéi,35,22
維持,5,B2,核心詞,ㄨㄟˊ ㄔˊ,wéi chí,124,98
微風,5,B2,自然環境,ㄨㄟˊ ㄈㄥ,wéi fēng,9,5
維護,5,B2,社會,ㄨㄟˊ ㄏㄨˋ,wéi hù,32,40
危急,5,B2,安全,ㄨㄟˊ ㄐㄧˊ,wéi jí,9,7
圍巾,5,B2,購物、商店,ㄨㄟˊ ㄐㄧㄣ,wéi jīn,7,7
微妙,5,B2,核心詞,ㄨㄟˊ ㄇㄧㄠˋ,wéi miào,17,5
圍裙,5,B2,購物、商店,ㄨㄟˊ ㄑㄩㄣˊ,wéi qún,5,1
圍繞,5,B2,核心詞,ㄨㄟˊ ㄖㄠˋ,wéi rào,19,9
唯一,5,B2,核心詞,ㄨㄟˊ ㄧ,wéi yī,155,94
為止,5,B2,核心詞,ㄨㄟˊ ㄓˇ,wéi zhǐ,68,55
尾巴/尾,5,B2,自然環境,ㄨㄟˇ ˙ㄅㄚ/ㄨㄟˇ,wěi ba/wěi,60,33
偉人,5,B2,文化,ㄨㄟˇ ㄖㄣˊ,wěi rén,5,6
委員,5,B2,職業,ㄨㄟˇ ㄩㄢˊ,wěi yuán,47,23
未,5,B2,核心詞,ㄨㄟˋ,wèi,349,53
胃,5,B2,身體、醫療,ㄨㄟˋ,wèi,23,22
未必,5,B2,核心詞,ㄨㄟˋ ㄅㄧˋ,wèi bì,31,10
為何,5,B2,核心詞,ㄨㄟˋ ㄏㄜˊ,wèi hé,90,10
未婚,5,B2,個人資料,ㄨㄟˋ ㄏㄨㄣ,wèi hūn,6,2
味精,5,B2,餐飲、烹飪,ㄨㄟˋ ㄐㄧㄥ,wèi jīng,1,1
味覺,5,B2,餐飲、烹飪,ㄨㄟˋ ㄐㄩㄝˊ,wèi jué,6,6
胃口,5,B2,餐飲、烹飪,ㄨㄟˋ ㄎㄡˇ,wèi kǒu,12,4
衛生,5,B2,安全,ㄨㄟˋ ㄕㄥ,wèi shēng,28,79
溫帶,5,B2,自然環境,ㄨㄣ ㄉㄞˋ,wēn dài,2,13
溫和,5,B2,社交、人際,ㄨㄣ ㄏㄜˊ,wēn hé,29,13
溫柔,5,B2,核心詞,ㄨㄣ ㄖㄡˊ,wēn róu,41,21
文明,5,B2,核心詞,ㄨㄣˊ ㄇㄧㄥˊ,wén míng,68,40
文憑,5,B2,教育、學習,ㄨㄣˊ ㄆㄧㄥˊ,wén píng,5,2
文人,5,B2,教育、學習,ㄨㄣˊ ㄖㄣˊ,wén rén,21,12
吻,5,B2,社交、人際,ㄨㄣˇ,wěn,21,4
穩,5,B2,核心詞,ㄨㄣˇ,wěn,21,21
問候,5,B2,社交、人際,ㄨㄣˋ ㄏㄡˋ,wèn hòu,11,10
窩,5,B2,核心詞,ㄨㄛ,wō,17,7
無,5,B2,核心詞,ㄨˊ,wú,524,298
無法,5,B2,核心詞,ㄨˊ ㄈㄚˇ,wú fǎ,593,190
無關,5,B2,核心詞,ㄨˊ ㄍㄨㄢ,wú guān,36,7
無論如何,5,B2,核心詞,ㄨˊ ㄌㄨㄣˋ ㄖㄨˊ ㄏㄜˊ,wú lùn rú hé,37,7
無情,5,B2,情緒、態度,ㄨˊ ㄑㄧㄥˊ,wú qíng,24,13
無窮,5,B2,核心詞,ㄨˊ ㄑㄩㄥˊ,wú qióng,23,8
無趣,5,B2,休閒、娛樂,ㄨˊ ㄑㄩˋ,wú qù,9,1
無數,5,B2,核心詞,ㄨˊ ㄕㄨˋ,wú shù,46,30
無所謂,5,B2,核心詞,ㄨˊ ㄙㄨㄛˇ ㄨㄟˋ,wú suǒ wèi,16,11
無限,5,B2,自然環境,ㄨˊ ㄒㄧㄢˋ,wú xiàn,36,31
無形,5,B2,自然環境,ㄨˊ ㄒㄧㄥˊ,wú xíng,23,27
無形中,5,B2,,ㄨˊ ㄒㄧㄥˊ ㄓㄨㄥ,wú xíng zhōng,0,0
無疑,5,B2,核心詞,ㄨˊ ㄧˊ,wú yí,32,4
無意,5,B2,核心詞,ㄨˊ ㄧˋ,wú yì,26,9
無知,5,B2,情緒、態度,ㄨˊ ㄓ,wú zhī,26,6
無助,5,B2,情緒、態度,ㄨˊ ㄓㄨˋ,wú zhù,25,10
舞蹈,5,B2,休閒、娛樂,ㄨˇ ㄉㄠˋ,wǔ dào,23,38
武功,5,B2,文化,ㄨˇ ㄍㄨㄥ,wǔ gōng,31,3
五花八門,5,B2,核心詞,ㄨˇ ㄏㄨㄚ ㄅㄚ ㄇㄣˊ,wǔ huā bā mén,5,3
武器,5,B2,安全,ㄨˇ ㄑㄧˋ,wǔ qì,44,140
舞台劇,5,B2,休閒、娛樂,ㄨˇㄊㄞˊㄐㄩˋ,wǔ tái jù,5,5
五顏六色,5,B2,自然環境,ㄨˇ ㄧㄢˊ ㄌㄧㄡˋ ㄙㄜˋ,wǔ yán liù sè,4,4
午夜,5,B2,核心詞,ㄨˇ ㄧㄝˋ,wǔ yè,10,2
勿,5,B2,核心詞,ㄨˋ,wù,22,13
霧,5,B2,自然環境,ㄨˋ,wù,21,25
誤會,5,B2,核心詞,ㄨˋ ㄏㄨㄟˋ,wù huì,17,13
物價,5,B2,社會,ㄨˋ ㄐㄧㄚˋ,wù jià,7,14
誤解,5,B2,核心詞,ㄨˋ ㄐㄧㄝˇ,wù jiě,23,9
物理,5,B2,教育、學習,ㄨˋ ㄌㄧˇ,wù lǐ,45,15
物體,5,B2,日常起居,ㄨˋ ㄊㄧˇ,wù tǐ,34,13
物質,5,B2,自然環境,ㄨˋ ㄓˊ,wù zhí,88,110
溪,5,B2,核心詞,ㄒㄧ,xī,23,34
攜帶,5,B2,核心詞,ㄒㄧ ㄉㄞˋ,xī dài,19,22
吸毒,5,B2,安全,ㄒㄧ ㄉㄨˊ,xī dú,8,8
膝蓋,5,B2,身體、醫療,ㄒㄧ ㄍㄞˋ,xī gài,35,13
西洋,5,B2,核心詞,ㄒㄧ ㄧㄤˊ,xī yáng,20,3
西醫,5,B2,身體、醫療,ㄒㄧ ㄧ,xī yī,8,4
媳婦,5,B2,個人資料,ㄒㄧˊ ㄈㄨˋ,xí fù,41,30
習俗,5,B2,文化,ㄒㄧˊ ㄙㄨˊ,xí sú,17,18
喜好,5,B2,核心詞,ㄒㄧˇ ㄏㄠˋ,xǐ hào,15,8
喜劇,5,B2,休閒、娛樂,ㄒㄧˇ ㄐㄩˋ,xǐ jù,19,4
喜悅,5,B2,核心詞,ㄒㄧˇ ㄩㄝˋ,xǐ yuè,48,23
戲劇,5,B2,休閒、娛樂,ㄒㄧˋ ㄐㄩˋ,xì jù,34,19
細菌,5,B2,自然環境,ㄒㄧˋ ㄐㄩㄣˋ,xì jùn,33,45
系統,5,B2,職業,ㄒㄧˋ ㄊㄨㄥˇ,xì tǒng,279,193
細心,5,B2,核心詞,ㄒㄧˋ ㄒㄧㄣ,xì xīn,18,27
夕陽,5,B2,核心詞,ㄒㄧˋ ㄧㄤˊ,xì yáng,11,5
細雨,5,B2,自然環境,ㄒㄧˋ ㄩˇ,xì yǔ,4,5
戲院,5,B2,休閒、娛樂,ㄒㄧˋ ㄩㄢˋ,xì yuàn,9,2
瞎子,5,B2,身體、醫療,ㄒㄧㄚ ˙ㄗ,xiā zi,6,1
下巴,5,B2,身體、醫療,ㄒㄧㄚˋ ˙ㄅㄚ,xià ba,20,4
下場,5,B2,核心詞,ㄒㄧㄚˋ ㄔㄤˇ,xià chǎng,17,2
下跌,5,B2,社會,ㄒㄧㄚˋ ㄉㄧㄝˊ,xià dié,9,3
下降,5,B2,核心詞,ㄒㄧㄚˋ ㄐㄧㄤˋ,xià jiàng,33,54
下列,5,B2,核心詞,ㄒㄧㄚˋ ㄌㄧㄝˋ,xià liè,27,1
夏令營,5,B2,社交、人際,ㄒㄧㄚˋ ㄌㄧㄥˋ ㄧㄥˊ,xià lìng yíng,3,3
嚇人,5,B2,核心詞,ㄒㄧㄚˋ ㄖㄣˊ,xià rén,11,10
下台,5,B2,社會,ㄒㄧㄚˋ ㄊㄞˊ,xià tái,6,16
先後,5,B2,核心詞,ㄒㄧㄢ ㄏㄡˋ,xiān hòu,30,8
鮮花,5,B2,自然環境,ㄒㄧㄢ ㄏㄨㄚ,xiān huā,13,4
先進,5,B2,職業,ㄒㄧㄢ ㄐㄧㄣˋ,xiān jìn,27,25
鮮明,5,B2,核心詞,ㄒㄧㄢ ㄇㄧㄥˊ,xiān míng,17,5
先前,5,B2,核心詞,ㄒㄧㄢ ㄑㄧㄢˊ,xiān qián,49,13
先天,5,B2,核心詞,ㄒㄧㄢ ㄊㄧㄢ,xiān tiān,17,14
嫌,5,B2,核心詞,ㄒㄧㄢˊ,xián,34,21
閒,5,B2,休閒、娛樂,ㄒㄧㄢˊ,xián,14,10
閒逛,5,B2,休閒、娛樂,ㄒㄧㄢˊ ㄍㄨㄤˋ,xián guàng,5,1
閒聊,5,B2,社交、人際,ㄒㄧㄢˊ ㄌㄧㄠˊ,xián liáo,14,3
閒談,5,B2,社交、人際,ㄒㄧㄢˊ ㄊㄢˊ,xián tán,5,0
顯得,5,B2,核心詞,ㄒㄧㄢˇ ˙ㄉㄜ,xiǎn de,82,30
顯然,5,B2,核心詞,ㄒㄧㄢˇ ㄖㄢˊ,xiǎn rán,137,22
顯示,5,B2,核心詞,ㄒㄧㄢˇ ㄕˋ,xiǎn shì,117,62
顯現,5,B2,核心詞,ㄒㄧㄢˇ ㄒㄧㄢˋ,xiǎn xiàn,15,5
顯著,5,B2,核心詞,ㄒㄧㄢˇ ㄓㄨˋ,xiǎn zhù,28,10
縣,5,B2,日常起居,ㄒㄧㄢˋ,xiàn,30,31
現成,5,B2,核心詞,ㄒㄧㄢˋ ㄔㄥˊ,xiàn chéng,10,6
現代化,5,B2,社會,ㄒㄧㄢˋ ㄉㄞˋ ㄏㄨㄚˋ,xiàn dài huà,20,17
現今,5,B2,核心詞,ㄒㄧㄢˋ ㄐㄧㄣ,xiàn jīn,23,18
陷阱,5,B2,安全,ㄒㄧㄢˋ ㄐㄧㄥˇ,xiàn jǐng,25,11
限量,5,B2,購物、商店,ㄒㄧㄢˋ ㄌㄧㄤˋ,xiàn liàng,2,3
羨慕/羡慕,5,B2,情緒、態度,ㄒㄧㄢˋ ㄇㄨˋ,xiàn mù,22,19
線條,5,B2,核心詞,ㄒㄧㄢˋ ㄊㄧㄠˊ,xiàn tiáo,18,10
鄉,5,B2,核心詞,ㄒㄧㄤ,xiāng,19,62
相愛,5,B2,社交、人際,ㄒㄧㄤ ㄞˋ,xiāng ài,11,4
相比,5,B2,核心詞,ㄒㄧㄤ ㄅㄧˇ,xiāng bǐ,29,9
香腸,5,B2,餐飲、烹飪,ㄒㄧㄤ ㄔㄤˊ,xiāng cháng,7,4
相對,5,B2,核心詞,ㄒㄧㄤ ㄉㄨㄟˋ,xiāng duì,76,93
相互,5,B2,社交、人際,ㄒㄧㄤ ㄏㄨˋ,xiāng hù,69,34
相近,5,B2,核心詞,ㄒㄧㄤ ㄐㄧㄣˋ,xiāng jìn,10,9
香氣,5,B2,餐飲、烹飪,ㄒㄧㄤ ㄑㄧˋ,xiāng qì,12,30
鄉親,5,B2,核心詞,ㄒㄧㄤ ㄑㄧㄣ,xiāng qīn,20,35
相似,5,B2,核心詞,ㄒㄧㄤ ㄙˋ,xiāng sì,41,13
相遇,5,B2,情緒、態度,ㄒㄧㄤ ㄩˋ,xiāng yù,18,12
想必,5,B2,核心詞,ㄒㄧㄤˇ ㄅㄧˋ,xiǎng bì,20,6
項,5,B2,核心詞,ㄒㄧㄤˋ,xiàng,348,191
向來,5,B2,核心詞,ㄒㄧㄤˋ ㄌㄞˊ,xiàng lái,29,18
項鍊,5,B2,購物、商店,ㄒㄧㄤˋ ㄌㄧㄢˋ,xiàng liàn,8,8
項目,5,B2,核心詞,ㄒㄧㄤˋ ㄇㄨˋ,xiàng mù,40,25
相親,5,B2,社交、人際,ㄒㄧㄤˋ ㄑㄧㄣ,xiàng qīn,3,2
消除,5,B2,核心詞,ㄒㄧㄠ ㄔㄨˊ,xiāo chú,32,11
消毒,5,B2,,ㄒㄧㄠ ㄉㄨˊ,xiāo dú,5,14
消費,5,B2,購物、商店,ㄒㄧㄠ ㄈㄟˋ,xiāo fèi,31,38
消費者,5,B2,購物、商店,ㄒㄧㄠ ㄈㄟˋ ㄓㄜˇ,xiāo fèi zhě,75,106
消化,5,B2,身體、醫療,ㄒㄧㄠ ㄏㄨㄚˋ,xiāo huà,27,24
消極,5,B2,核心詞,ㄒㄧㄠ ㄐㄧˊ,xiāo jí,22,6
銷路,5,B2,購物、商店,ㄒㄧㄠ ㄌㄨˋ,xiāo lù,5,3
消滅,5,B2,安全,ㄒㄧㄠ ㄇㄧㄝˋ,xiāo miè,24,17
銷售,5,B2,職業,ㄒㄧㄠ ㄕㄡˋ,xiāo shòu,55,37
小便,5,B2,身體、醫療,ㄒㄧㄠˇ ㄅㄧㄢˋ,xiǎo biàn,9,1
小伙子/小夥子,5,B2,核心詞,ㄒㄧㄠˇ ㄏㄨㄛˇ ˙ㄗ,xiǎo huǒ zi,45,1
小看,5,B2,核心詞,ㄒㄧㄠˇ ㄎㄢˋ,xiǎo kàn,6,14
小子,5,B2,核心詞,ㄒㄧㄠˇ ㄗˇ/ㄒㄧㄠˇ ˙ㄗ,xiǎo zǐ/xiǎo zi,25,4
小組,5,B2,職業,ㄒㄧㄠˇ ㄗㄨˇ,xiǎo zǔ,46,28
孝順,5,B2,個人資料,ㄒㄧㄠˋ ㄕㄨㄣˋ,xiào shùn,22,36
笑嘻嘻,5,B2,核心詞,ㄒㄧㄠˋ ㄒㄧ ㄒㄧ,xiào xī xī,5,2
效應,5,B2,核心詞,ㄒㄧㄠˋ ㄧㄥˋ,xiào yìng,33,58
校友,5,B2,教育、學習,ㄒㄧㄠˋ ㄧㄡˇ,xiào yǒu,5,4
斜,5,B2,核心詞,ㄒㄧㄝˊ,xié,17,25
協辦,5,B2,教育、學習,ㄒㄧㄝˊ ㄅㄢˋ,xié bàn,2,1
協會,5,B2,教育、學習,ㄒㄧㄝˊ ㄏㄨㄟˋ,xié huì,59,56
血管,5,B2,身體、醫療,ㄒㄧㄝˇ ㄍㄨㄢˇ,xiě guǎn,24,22
血壓,5,B2,身體、醫療,ㄒㄧㄝˇ ㄧㄚ,xiě yā,15,13
血液,5,B2,身體、醫療,ㄒㄧㄝˇ ㄧㄝˋ,xiě yè,46,22
心愛,5,B2,核心詞,ㄒㄧㄣ ㄞˋ,xīn ài,16,3
心得,5,B2,核心詞,ㄒㄧㄣ ㄉㄜˊ,xīn dé,18,16
心動,5,B2,情緒、態度,ㄒㄧㄣ ㄉㄨㄥˋ,xīn dòng,5,2
新進,5,B2,職業,ㄒㄧㄣ ㄐㄧㄣˋ,xīn jìn,8,4
心理,5,B2,身體、醫療,ㄒㄧㄣ ㄌㄧˇ,xīn lǐ,259,53
心力,5,B2,職業,ㄒㄧㄣ ㄌㄧˋ,xīn lì,23,23
心目中,5,B2,核心詞,ㄒㄧㄣ ㄇㄨˋ ㄓㄨㄥ,xīn mù zhōng,24,13
新奇,5,B2,情緒、態度,ㄒㄧㄣ ㄑㄧˊ,xīn qí,13,6
心事,5,B2,情緒、態度,ㄒㄧㄣ ㄕˋ,xīn shì,15,7
心思,5,B2,核心詞,ㄒㄧㄣ ㄙ / ㄒㄧㄣ ˙ㄙ,xīn sī/xīn si,32,8
心痛,5,B2,情緒、態度,ㄒㄧㄣ ㄊㄨㄥˋ,xīn tòng,7,6
心意,5,B2,核心詞,ㄒㄧㄣ ㄧˋ,xīn yì,22,20
心臟,5,B2,身體、醫療,ㄒㄧㄣ ㄗㄤˋ,xīn zàng,43,23
薪資,5,B2,職業,ㄒㄧㄣ ㄗ,xīn zī,11,7
信號,5,B2,核心詞,ㄒㄧㄣˋ ㄏㄠˋ,xìn hào,16,2
信賴,5,B2,核心詞,ㄒㄧㄣˋ ㄌㄞˋ,xìn lài,23,9
信徒,5,B2,文化,ㄒㄧㄣˋ ㄊㄨˊ,xìn tú,19,13
信仰,5,B2,個人資料,ㄒㄧㄣˋ ㄧㄤˇ,xìn yǎng,68,43
信用,5,B2,公共服務,ㄒㄧㄣˋ ㄩㄥˋ,xìn yòng,12,6
興建,5,B2,職業,ㄒㄧㄥ ㄐㄧㄢˋ,xīng jiàn,22,32
興起1,5,B2,核心詞,ㄒㄧㄥ ㄑㄧˇ,xīng qǐ,23,13
行程,5,B2,交通、旅遊,ㄒㄧㄥˊ ㄔㄥˊ,xíng chéng,22,29
行動,5,B2,核心詞,ㄒㄧㄥˊ ㄉㄨㄥˋ,xíng dòng,249,169
形式,5,B2,休閒、娛樂,ㄒㄧㄥˊ ㄕˋ,xíng shì,99,31
行事曆,5,B2,,ㄒㄧㄥˊ ㄕˋ ㄌㄧˋ,xíng shì lì,3,1
行為,5,B2,身體、醫療,ㄒㄧㄥˊ ㄨㄟˊ,xíng wéi,378,104
形象,5,B2,個人資料,ㄒㄧㄥˊ ㄒㄧㄤˋ,xíng xiàng,65,27
行銷,5,B2,職業,ㄒㄧㄥˊ ㄒㄧㄠ,xíng xiāo,91,43
行政,5,B2,職業,ㄒㄧㄥˊ ㄓㄥˋ,xíng zhèng,39,11
行走,5,B2,核心詞,ㄒㄧㄥˊ ㄗㄡˇ,xíng zǒu,21,11
性感,5,B2,核心詞,ㄒㄧㄥˋ ㄍㄢˇ,xìng gǎn,7,2
性命,5,B2,身體、醫療,ㄒㄧㄥˋ ㄇㄧㄥˋ,xìng mìng,25,11
性質,5,B2,核心詞,ㄒㄧㄥˋ ㄓˊ,xìng zhí,41,11
胸,5,B2,身體、醫療,ㄒㄩㄥ,xiōng,47,11
凶手/兇手,5,B2,安全,ㄒㄩㄥ ㄕㄡˇ,xiōng shǒu,36,7
貓熊/熊貓,5,B2,自然環境,ㄒㄩㄥˊ ㄇㄠ,xióng māo,2,15
修改,5,B2,核心詞,ㄒㄧㄡ ㄍㄞˇ,xiū gǎi,25,12
休假,5,B2,職業,ㄒㄧㄡ ㄐㄧㄚˋ,xiū jià,8,5
修正,5,B2,核心詞,ㄒㄧㄡ ㄓㄥˋ,xiū zhèng,29,19
袖子/袖,5,B2,購物、商店,ㄒㄧㄡˋ ˙ㄗ/ㄒㄧㄡˋ,xiù zi/xiù,16,6
噓,5,B2,核心詞,ㄒㄩ,xū,5,3
需求,5,B2,核心詞,ㄒㄩ ㄑㄧㄡˊ,xū qiú,110,65
許願,5,B2,文化,ㄒㄩˇ ㄩㄢˋ,xǔ yuàn,3,6
酗酒,5,B2,身體、醫療,ㄒㄩˋ ㄐㄧㄡˇ,xù jiǔ,19,3
宣傳,5,B2,休閒、娛樂,ㄒㄩㄢ ㄔㄨㄢˊ,xuān chuán,36,21
旋轉,5,B2,核心詞,ㄒㄩㄢˊ ㄓㄨㄢˇ,xuán zhuǎn,24,13
選舉,5,B2,社會,ㄒㄩㄢˇ ㄐㄩˇ,xuǎn jǔ,21,60
選舉權,5,B2,社會,ㄒㄩㄢˇ ㄐㄩˇ ㄑㄩㄢˊ,xuǎn jǔ quán,2,1
選民,5,B2,社會,ㄒㄩㄢˇ ㄇㄧㄣˊ,xuǎn mín,10,10
選票,5,B2,社會,ㄒㄩㄢˇ ㄆㄧㄠˋ,xuǎn piào,4,7
選手,5,B2,休閒、娛樂,ㄒㄩㄢˇ ㄕㄡˇ,xuǎn shǒu,47,18
選用,5,B2,核心詞,ㄒㄩㄢˇ ㄩㄥˋ,xuǎn yòng,7,6
靴子/靴,5,B2,購物、商店,ㄒㄩㄝ ˙ㄗ,xuē zi,11,1
學科,5,B2,教育、學習,ㄒㄩㄝˊ ㄎㄜ,xué kē,25,5
學歷,5,B2,教育、學習,ㄒㄩㄝˊ ㄌㄧˋ,xué lì,10,9
學派,5,B2,教育、學習,ㄒㄩㄝˊ ㄆㄞˋ,xué pài,23,2
學士,5,B2,教育、學習,ㄒㄩㄝˊ ㄕˋ,xué shì,10,1
學術,5,B2,教育、學習,ㄒㄩㄝˊ ㄕㄨˋ,xué shù,59,11
學業,5,B2,教育、學習,ㄒㄩㄝˊ ㄧㄝˋ,xué yè,22,15
循環,5,B2,身體、醫療,ㄒㄩㄣˊ ㄏㄨㄢˊ,xún huán,48,71
尋求,5,B2,核心詞,ㄒㄩㄣˊ ㄑㄧㄡˊ,xún qiú,62,33
詢問,5,B2,核心詞,ㄒㄩㄣˊ ㄨㄣˋ,xún wèn,48,10
尋找,5,B2,核心詞,ㄒㄩㄣˊ ㄓㄠˇ,xún zhǎo,115,51
訊號,5,B2,日常起居,ㄒㄩㄣˋ ㄏㄠˋ,xùn hào,21,13
訊息,5,B2,教育、學習,ㄒㄩㄣˋ ㄒㄧˊ,xùn xí,160,60
押金,5,B2,日常起居,ㄧㄚ ㄐㄧㄣ,yā jīn,1,1
壓迫,5,B2,社會,ㄧㄚ ㄆㄛˋ,yā pò,20,8
壓歲錢,5,B2,文化,ㄧㄚ ㄙㄨㄟˋ ㄑㄧㄢˊ,yā suì qián,1,4
牙科,5,B2,身體、醫療,ㄧㄚˊ ㄎㄜ,yá kē,2,4
亞軍,5,B2,休閒、娛樂,ㄧㄚˋ ㄐㄩㄣ,yà jūn,1,2
訝異,5,B2,情緒、態度,ㄧㄚˋ ㄧˋ,yà yì,18,9
沿,5,B2,核心詞,ㄧㄢˊ,yán,77,44
延長,5,B2,核心詞,ㄧㄢˊ ㄔㄤˊ,yán cháng,15,16
研發,5,B2,科技,ㄧㄢˊ ㄈㄚ,yán fā,30,46
延後,5,B2,職業,ㄧㄢˊ ㄏㄡˋ,yán hòu,6,8
嚴厲,5,B2,安全,ㄧㄢˊ ㄌㄧˋ,yán lì,30,10
言論,5,B2,教育、學習,ㄧㄢˊ ㄌㄨㄣˋ,yán lùn,19,11
炎熱,5,B2,交通、旅遊,ㄧㄢˊ ㄖㄜˋ,yán rè,9,12
嚴肅,5,B2,核心詞,ㄧㄢˊ ㄙㄨˋ,yán sù,42,20
言行,5,B2,核心詞,ㄧㄢˊ ㄒㄧㄥˋ,yán xìng,15,5
延續,5,B2,核心詞,ㄧㄢˊ ㄒㄩˋ,yán xù,22,42
演變,5,B2,教育、學習,ㄧㄢˇ ㄅㄧㄢˋ,yǎn biàn,14,10
演唱,5,B2,休閒、娛樂,ㄧㄢˇ ㄔㄤˋ,yǎn chàng,10,5
演技,5,B2,休閒、娛樂,ㄧㄢˇ ㄐㄧˋ,yǎn jì,4,1
眼神,5,B2,社交、人際,ㄧㄢˇ ㄕㄣˊ,yǎn shén,59,22
演說,5,B2,教育、學習,ㄧㄢˇ ㄕㄨㄛ,yǎn shuō,16,16
演戲,5,B2,休閒、娛樂,ㄧㄢˇ ㄒㄧˋ,yǎn xì,8,11
演奏,5,B2,休閒、娛樂,ㄧㄢˇ ㄗㄡˋ,yǎn zòu,25,6
厭惡,5,B2,情緒、態度,ㄧㄢˋ ㄨˋ,yàn wù,24,1
洋裝,5,B2,購物、商店,ㄧㄤˊ ㄓㄨㄤ,yáng zhuāng,8,4
癢,5,B2,身體、醫療,ㄧㄤˇ,yǎng,14,14
養成,5,B2,核心詞,ㄧㄤˇ ㄔㄥˊ,yǎng chéng,41,41
養分/養份,5,B2,身體、醫療,ㄧㄤˇ ㄈㄣˋ,yǎng fèn,9,24
養家,5,B2,職業,ㄧㄤˇ ㄐㄧㄚ,yǎng jiā,4,6
養老,5,B2,職業,ㄧㄤˇ ㄌㄠˇ,yǎng lǎo,3,3
養生,5,B2,身體、醫療,ㄧㄤˇ ㄕㄥ,yǎng shēng,17,23
樣式,5,B2,購物、商店,ㄧㄤˋ ㄕˋ,yàng shì,7,4
眼看,5,B2,核心詞,ㄧㄢˇㄎㄢˋ,yǎnkàn,22,8
喲,5,B2,核心詞,ㄧㄠ,yāo,13,4
搖晃,5,B2,核心詞,ㄧㄠˊ ㄏㄨㄤˋ,yáo huàng,17,11
搖頭,5,B2,核心詞,ㄧㄠˊ ㄊㄡˊ,yáo tóu,31,5
遙遠,5,B2,核心詞,ㄧㄠˊ ㄩㄢˇ,yáo yuǎn,29,25
要好,5,B2,核心詞,ㄧㄠˋ ㄏㄠˇ,yào hǎo,7,4
要命,5,B2,核心詞,ㄧㄠˋ ㄇㄧㄥˋ,yào mìng,15,3
要素,5,B2,核心詞,ㄧㄠˋ ㄙㄨˋ,yào sù,22,5
藥丸,5,B2,身體、醫療,ㄧㄠˋ ㄨㄢˊ,yào wán,7,2
野心,5,B2,社會,ㄧㄝˇ ㄒㄧㄣ,yě xīn,19,3
夜間,5,B2,核心詞,ㄧㄝˋ ㄐㄧㄢ,yè jiān,15,12
夜景,5,B2,交通、旅遊,ㄧㄝˋ ㄐㄧㄥˇ,yè jǐng,1,1
衣櫥,5,B2,核心詞,ㄧ ㄔㄨˊ,yī chú,5,4
依舊,5,B2,核心詞,ㄧ ㄐㄧㄡˋ,yī jiù,36,43
依據,5,B2,核心詞,ㄧ ㄐㄩˋ,yī jù,37,20
依靠,5,B2,核心詞,ㄧ ㄎㄠˋ,yī kào,23,18
依賴,5,B2,核心詞,ㄧ ㄌㄞˋ,yī lài,54,24
醫療,5,B2,身體、醫療,ㄧ ㄌㄧㄠˊ,yī liáo,63,145
醫藥,5,B2,身體、醫療,ㄧ ㄧㄠˋ,yī yào,11,6
依照,5,B2,核心詞,ㄧ ㄓㄠˋ,yī zhào,39,33
醫治,5,B2,身體、醫療,ㄧ ㄓˋ,yī zhì,7,12
咦,5,B2,核心詞,ㄧˊ,yí,12,40
遺產,5,B2,社會,ㄧˊ ㄔㄢˇ,yí chǎn,18,35
遺傳,5,B2,自然環境,ㄧˊ ㄔㄨㄢˊ,yí chuán,30,15
一旦,5,B2,核心詞,ㄧˊ ㄉㄢˋ,yí dàn,166,77
遺憾,5,B2,核心詞,ㄧˊ ㄏㄢˋ,yí hàn,40,23
儀器,5,B2,科技,ㄧˊ ㄑㄧˋ,yí qì,20,32
遺忘,5,B2,核心詞,ㄧˊ ㄨㄤˋ,yí wàng,20,11
疑問,5,B2,核心詞,ㄧˊ ㄨㄣˋ,yí wèn,37,20
一致,5,B2,核心詞,ㄧˊ ㄓˋ,yí zhì,63,27
以,5,B2,核心詞,ㄧˇ,yǐ,1825,919
已婚,5,B2,個人資料,ㄧˇ ㄏㄨㄣ,yǐ hūn,8,1
以及/及,5,B2,核心詞,ㄧˇ ㄐㄧˊ/ㄐㄧˊ,yǐ jí/jí,1485,460
以免,5,B2,安全,ㄧˇ ㄇㄧㄢˇ,yǐ miǎn,34,12
以往,5,B2,核心詞,ㄧˇ ㄨㄤˇ,yǐ wǎng,34,29
一般而言,5,B2,核心詞,ㄧˋ ㄅㄢ ㄦˊ ㄧㄢˊ,yì bān ér yán,12,3
異常,5,B2,身體、醫療,ㄧˋ ㄔㄤˊ,yì cháng,42,39
益處,5,B2,核心詞,ㄧˋ ㄔㄨˋ,yì chù,7,3
一乾二淨,5,B2,核心詞,ㄧˋ ㄍㄢ ㄦˋ ㄐㄧㄥˋ,yì gān èr jìng,5,0
義工,5,B2,教育、學習,ㄧˋ ㄍㄨㄥ,yì gōng,10,9
一口氣,5,B2,核心詞,ㄧˋ ㄎㄡˇ ㄑㄧˋ,yì kǒu qì,13,6
一連,5,B2,核心詞,ㄧˋ ㄌㄧㄢˊ,yì lián,16,5
一連串,5,B2,核心詞,ㄧˋ ㄌㄧㄢˊ ㄔㄨㄢˋ,yì lián chuàn,34,29
一流,5,B2,職業,ㄧˋ ㄌㄧㄡˊ,yì liú,16,4
一模一樣,5,B2,核心詞,ㄧˋ ㄇㄛˊ ㄧˊ ㄧㄤˋ,yì mó yí yàng,20,15
一清二楚,5,B2,核心詞,ㄧˋ ㄑㄧㄥ ㄦˋ ㄔㄨˇ,yì qīng èr chǔ,7,2
藝人,5,B2,休閒、娛樂,ㄧˋ ㄖㄣˊ,yì rén,7,13
意識,5,B2,教育、學習,ㄧˋ ㄕˋ,yì shì,134,34
義務,5,B2,社會,ㄧˋ ㄨˋ,yì wù,23,13
意義,5,B2,核心詞,ㄧˋ ㄧˋ,yì yì,243,142
意願,5,B2,核心詞,ㄧˋ ㄩㄢˋ,yì yuàn,23,16
一早,5,B2,核心詞,ㄧˋ ㄗㄠˇ,yì zǎo,15,9
陰,5,B2,自然環境,ㄧㄣ,yīn,27,3
因而,5,B2,核心詞,ㄧㄣ ㄦˊ,yīn ér,106,18
陰謀,5,B2,安全,ㄧㄣ ㄇㄡˊ,yīn móu,20,3
音效,5,B2,休閒、娛樂,ㄧㄣ ㄒㄧㄠˋ,yīn xiào,5,2
陰影,5,B2,自然環境,ㄧㄣ ㄧㄥˇ,yīn yǐng,26,19
癮,5,B2,核心詞,ㄧㄣˇ,yǐn,4,2
隱藏,5,B2,核心詞,ㄧㄣˇ ㄘㄤˊ,yǐn cáng,35,14
引發,5,B2,安全,ㄧㄣˇ ㄈㄚ,yǐn fā,70,68
引擎,5,B2,公共服務,ㄧㄣˇ ㄑㄧㄥˊ,yǐn qíng,26,12
隱形,5,B2,核心詞,ㄧㄣˇ ㄒㄧㄥˊ,yǐn xíng,5,3
隱形眼鏡,5,B2,購物、商店,ㄧㄣˇ ㄒㄧㄥˊ ㄧㄢˇ ㄐㄧㄥˋ,yǐn xíng yǎn jìng,3,1
引用,5,B2,教育、學習,ㄧㄣˇ ㄩㄥˋ,yǐn yòng,26,8
印,5,B2,教育、學習,ㄧㄣˋ,yìn,24,28
印度洋,5,B2,,ㄧㄣˋ ㄉㄨˋ ㄧㄤˊ,yìn dù yáng,3,4
印章/圖章,5,B2,公共服務,ㄧㄣˋ ㄓㄤ/ㄊㄨˊ ㄓㄤ,yìn zhāng/tú zhāng,5,3
英鎊,5,B2,公共服務,ㄧㄥ ㄅㄤˋ,yīng bàng,10,8
應付,5,B2,核心詞,ㄧㄥ ㄈㄨˋ,yīng fù,45,16
英俊,5,B2,核心詞,ㄧㄥ ㄐㄩㄣˋ,yīng jùn,16,1
櫻桃,5,B2,餐飲、烹飪,ㄧㄥ ㄊㄠˊ,yīng táo,6,4
應有盡有,5,B2,核心詞,ㄧㄥ ㄧㄡˇ ㄐㄧㄣˋ ㄧㄡˇ,yīng yǒu jìn yǒu,3,1
贏得,5,B2,休閒、娛樂,ㄧㄥˊ ㄉㄜˊ,yíng dé,38,15
贏家,5,B2,休閒、娛樂,ㄧㄥˊ ㄐㄧㄚ,yíng jiā,8,2
迎接,5,B2,社交、人際,ㄧㄥˊ ㄐㄧㄝ,yíng jiē,36,24
螢幕,5,B2,休閒、娛樂,ㄧㄥˊ ㄇㄨˋ,yíng mù,26,27
營養,5,B2,餐飲、烹飪,ㄧㄥˊ ㄧㄤˇ,yíng yǎng,44,137
營業,5,B2,職業,ㄧㄥˊ ㄧㄝˋ,yíng yè,15,7
影本,5,B2,教育、學習,ㄧㄥˇ ㄅㄣˇ,yǐng běn,2,1
影集,5,B2,休閒、娛樂,ㄧㄥˇ ㄐㄧˊ,yǐng jí,6,4
影展,5,B2,休閒、娛樂,ㄧㄥˇ ㄓㄢˇ,yǐng zhǎn,9,4
硬幣,5,B2,,ㄧㄥˋ ㄅㄧˋ,yìng bì,9,5
硬體,5,B2,職業,ㄧㄥˋ ㄊㄧˇ,yìng tǐ,9,8
應用,5,B2,職業,ㄧㄥˋ ㄩㄥˋ,yìng yòng,69,28
應徵,5,B2,職業,ㄧㄥˋ ㄓㄥ,yìng zhēng,8,4
擁抱,5,B2,社交、人際,ㄩㄥˇ ㄅㄠˋ,yǒng bào,40,21
永久,5,B2,核心詞,ㄩㄥˇ ㄐㄧㄡˇ,yǒng jiǔ,13,12
擁有,5,B2,核心詞,ㄩㄥˇ ㄧㄡˇ,yǒng yǒu,196,132
用來,5,B2,核心詞,ㄩㄥˋ ㄌㄞˊ,yòng lái,98,73
用途,5,B2,職業,ㄩㄥˋ ㄊㄨˊ,yòng tú,19,28
憂慮,5,B2,核心詞,ㄧㄡ ㄌㄩˋ,yōu lǜ,25,5
幽默,5,B2,個人資料,ㄧㄡ ㄇㄛˋ,yōu mò,29,23
優先,5,B2,核心詞,ㄧㄡ ㄒㄧㄢ,yōu xiān,23,16
優秀,5,B2,核心詞,ㄧㄡ ㄒㄧㄡˋ,yōu xiù,45,23
憂鬱,5,B2,身體、醫療,ㄧㄡ ㄩˋ,yōu yù,51,8
遊覽,5,B2,交通、旅遊,ㄧㄡˊ ㄌㄢˇ,yóu lǎn,5,3
遊玩,5,B2,休閒、娛樂,ㄧㄡˊ ㄨㄢˊ,yóu wán,7,5
遊行,5,B2,社會,ㄧㄡˊ ㄒㄧㄥˊ,yóu xíng,10,19
猶豫,5,B2,核心詞,ㄧㄡˊ ㄩˋ,yóu yù,32,13
有害,5,B2,身體、醫療,ㄧㄡˇ ㄏㄞˋ,yǒu hài,13,14
友好,5,B2,社交、人際,ㄧㄡˇ ㄏㄠˇ,yǒu hǎo,10,7
有機,5,B2,餐飲、烹飪,ㄧㄡˇ ㄐㄧ,yǒu jī,13,325
有利,5,B2,核心詞,ㄧㄡˇ ㄌㄧˋ,yǒu lì,29,10
有力,5,B2,核心詞,ㄧㄡˇ ㄌㄧˋ,yǒu lì,28,7
友情,5,B2,社交、人際,ㄧㄡˇ ㄑㄧㄥˊ,yǒu qíng,9,6
友善,5,B2,社交、人際,ㄧㄡˇ ㄕㄢˋ,yǒu shàn,22,108
有限,5,B2,核心詞,ㄧㄡˇ ㄒㄧㄢˋ,yǒu xiàn,59,49
有心,5,B2,核心詞,ㄧㄡˇ ㄒㄧㄣ,yǒu xīn,17,28
有形,5,B2,核心詞,ㄧㄡˇ ㄒㄧㄥˊ,yǒu xíng,7,8
友誼,5,B2,社交、人際,ㄧㄡˇ ㄧˋ,yǒu yì,28,16
有意,5,B2,情緒、態度,ㄧㄡˇ ㄧˋ,yǒu yì,29,6
幼兒,5,B2,核心詞,ㄧㄡˋ ㄦˊ,yòu ér,35,6
幼年,5,B2,個人資料,ㄧㄡˋ ㄋㄧㄢˊ,yòu nián,9,3
幼稚,5,B2,核心詞,ㄧㄡˋ ㄓˋ,yòu zhì,10,6
於,5,B2,核心詞,ㄩˊ,yú,1026,269
餘,5,B2,核心詞,ㄩˊ,yú,12,13
娛樂,5,B2,休閒、娛樂,ㄩˊ ㄌㄜˋ,yú lè,29,12
漁民,5,B2,職業,ㄩˊ ㄇㄧㄣˊ,yú mín,9,14
愉悅,5,B2,核心詞,ㄩˊ ㄩㄝˋ,yú yuè,23,6
語氣,5,B2,核心詞,ㄩˇ ㄑㄧˋ,yǔ qì,43,6
語文,5,B2,個人資料,ㄩˇ ㄨㄣˊ,yǔ wén,13,6
宇宙,5,B2,自然環境,ㄩˇ ㄓㄡˋ,yǔ zhòu,82,19
玉,5,B2,核心詞,ㄩˋ,yù,24,19
預備,5,B2,核心詞,ㄩˋ ㄅㄟˋ,yù bèi,13,15
預測,5,B2,核心詞,ㄩˋ ㄘㄜˋ,yù cè,69,34
預定,5,B2,核心詞,ㄩˋ ㄉㄧㄥˋ,yù dìng,14,9
預訂,5,B2,休閒、娛樂,ㄩˋ ㄉㄧㄥˋ,yù dìng,3,2
預防,5,B2,安全,ㄩˋ ㄈㄤˊ,yù fáng,44,59
預告,5,B2,核心詞,ㄩˋ ㄍㄠˋ,yù gào,4,3
預計,5,B2,核心詞,ㄩˋ ㄐㄧˋ,yù jì,9,50
預賽,5,B2,休閒、娛樂,ㄩˋ ㄙㄞˋ,yù sài,1,0
預算,5,B2,職業,ㄩˋ ㄙㄨㄢˋ,yù suàn,19,35
慾望/欲望/慾,5,B2,情緒、態度,ㄩˋ ㄨㄤˋ/ㄩˋ,yù wàng/yù,51,25
預先/預,5,B2,核心詞,ㄩˋ ㄒㄧㄢ/ㄩˋ,yù xiān/yù,26,21
預言,5,B2,文化,ㄩˋ ㄧㄢˊ,yù yán,21,5
預約,5,B2,身體、醫療,ㄩˋ ㄩㄝ,yù yuē,5,4
緣分/緣份,5,B2,社交、人際,ㄩㄢˊ ㄈㄣˋ,yuán fèn,7,13
緣故,5,B2,核心詞,ㄩㄢˊ ㄍㄨˋ,yuán gù,27,4
原來如此,5,B2,核心詞,ㄩㄢˊ ㄌㄞˊ ㄖㄨˊ ㄘˇ,yuán lái rú cǐ,7,6
原料,5,B2,職業,ㄩㄢˊ ㄌㄧㄠˋ,yuán liào,19,49
圓滿,5,B2,核心詞,ㄩㄢˊ ㄇㄢˇ,yuán mǎn,19,34
圓圈,5,B2,核心詞,ㄩㄢˊ ㄑㄩㄢ,yuán quān,9,4
原始,5,B2,核心詞,ㄩㄢˊ ㄕˇ,yuán shǐ,38,36
原先,5,B2,核心詞,ㄩㄢˊ ㄒㄧㄢ,yuán xiān,36,15
原則上,5,B2,核心詞,ㄩㄢˊ ㄗㄜˊ ㄕㄤˋ,yuán zé shàng,1,2
原住民,5,B2,個人資料,ㄩㄢˊ ㄓㄨˋ ㄇㄧㄣˊ,yuán zhù mín,31,58
源自,5,B2,核心詞,ㄩㄢˊ ㄗˋ,yuán zì,16,11
願,5,B2,核心詞,ㄩㄢˋ,yuàn,122,69
怨言,5,B2,核心詞,ㄩㄢˋ ㄧㄢˊ,yuàn yán,5,4
約定,5,B2,核心詞,ㄩㄝ ㄉㄧㄥˋ,yuē dìng,19,8
樂隊,5,B2,休閒、娛樂,ㄩㄝˋ ㄉㄨㄟˋ,yuè duì,7,2
月分,5,B2,核心詞,ㄩㄝˋ ㄈㄣˋ,yuè fèn,1,1
岳父,5,B2,社交、人際,ㄩㄝˋ ㄈㄨˋ,yuè fù,7,2
岳母,5,B2,社交、人際,ㄩㄝˋ ㄇㄨˇ,yuè mǔ,4,4
樂器,5,B2,休閒、娛樂,ㄩㄝˋ ㄑㄧˋ,yuè qì,18,16
暈1,5,B2,身體、醫療,ㄩㄣ,yūn,5,5
暈倒,5,B2,身體、醫療,ㄩㄣ ㄉㄠˇ,yūn dǎo,3,2
雲端,5,B2,科技,ㄩㄣˊ ㄉㄨㄢ,yún duān,5,1
允許,5,B2,核心詞,ㄩㄣˇ ㄒㄩˇ,yǔn xǔ,49,16
運動會,5,B2,休閒、娛樂,ㄩㄣˋ ㄉㄨㄥˋ ㄏㄨㄟˋ,yùn dòng huì,5,8
運送,5,B2,交通、旅遊,ㄩㄣˋ ㄙㄨㄥˋ,yùn sòng,11,22
運用,5,B2,核心詞,ㄩㄣˋ ㄩㄥˋ,yùn yòng,128,81
雜,5,B2,核心詞,ㄗㄚˊ,zá,9,10
災害,5,B2,安全,ㄗㄞ ㄏㄞˋ,zāi hài,7,68
災難,5,B2,安全,ㄗㄞ ㄋㄢˋ,zāi nàn,35,78
在場,5,B2,安全,ㄗㄞˋ ㄔㄤˊ,zài cháng,34,7
再度,5,B2,核心詞,ㄗㄞˋ ㄉㄨˋ,zài dù,85,66
在意,5,B2,核心詞,ㄗㄞˋ ㄧˋ,zài yì,40,29
咱們,5,B2,核心詞,ㄗㄢˊ ˙ㄇㄣ,zán men,49,21
讚,5,B2,核心詞,ㄗㄢˋ,zàn,5,25
贊成,5,B2,教育、學習,ㄗㄢˋ ㄔㄥˊ,zàn chéng,24,20
讚美,5,B2,社交、人際,ㄗㄢˋ ㄇㄟˇ,zàn měi,34,31
贊同,5,B2,核心詞,ㄗㄢˋ ㄊㄨㄥˊ,zàn tóng,22,5
糟糕,5,B2,核心詞,ㄗㄠ ㄍㄠ,zāo gāo,30,29
遭受,5,B2,安全,ㄗㄠ ㄕㄡˋ,zāo shòu,25,23
遭遇,5,B2,安全,ㄗㄠ ㄩˋ,zāo yù,49,21
早年,5,B2,核心詞,ㄗㄠˇ ㄋㄧㄢˊ,zǎo nián,20,10
早日,5,B2,核心詞,ㄗㄠˇ ㄖˋ,zǎo rì,10,11
早晚,5,B2,核心詞,ㄗㄠˇ ㄨㄢˇ,zǎo wǎn,9,9
造型,5,B2,核心詞,ㄗㄠˋ ㄒㄧㄥˊ,zào xíng,15,23
噪音,5,B2,社會,ㄗㄠˋ ㄧㄣ,zào yīn,19,26
則,5,B2,核心詞,ㄗㄜˊ,zé,908,256
賊,5,B2,安全,ㄗㄟˊ,zéi,30,3
增進,5,B2,核心詞,ㄗㄥ ㄐㄧㄣˋ,zēng jìn,26,7
增長,5,B2,核心詞,ㄗㄥ ㄓㄤˇ,zēng zhǎng,22,16
贈送/贈,5,B2,核心詞,ㄗㄥˋ ㄙㄨㄥˋ/ㄗㄥˋ,zèng sòng/zèng,16,6
炸2,5,B2,安全,ㄓㄚˋ,zhà,16,17
詐騙,5,B2,安全,ㄓㄚˋ ㄆㄧㄢˋ,zhà piàn,4,3
摘,5,B2,餐飲、烹飪,ㄓㄞ,zhāi,18,46
窄,5,B2,核心詞,ㄓㄞˇ,zhǎi,11,7
沾,5,B2,餐飲、烹飪,ㄓㄢ,zhān,19,13
展開,5,B2,核心詞,ㄓㄢˇ ㄎㄞ,zhǎn kāi,64,72
展示,5,B2,休閒、娛樂,ㄓㄢˇ ㄕˋ,zhǎn shì,31,11
占/佔,5,B2,核心詞,ㄓㄢˋ / ㄓㄢˋ,zhàn,85,91
戰場,5,B2,社會,ㄓㄢˋ ㄔㄤˊ,zhàn cháng,33,13
站立,5,B2,核心詞,ㄓㄢˋ ㄌㄧˋ,zhàn lì,15,4
佔領/占領,5,B2,社會,ㄓㄢˋ ㄌㄧㄥˇ,zhàn lǐng,25,16
戰術,5,B2,社會,ㄓㄢˋ ㄕㄨˋ,zhàn shù,20,4
佔有/占有,5,B2,職業,ㄓㄢˋ ㄧㄡˇ,zhàn yǒu,20,9
漲1,5,B2,購物、商店,ㄓㄤˇ,zhǎng,15,17
長輩,5,B2,個人資料,ㄓㄤˇ ㄅㄟˋ,zhǎng bèi,18,43
漲價,5,B2,購物、商店,ㄓㄤˇ ㄐㄧㄚˋ,zhǎng jià,3,3
掌控,5,B2,核心詞,ㄓㄤˇ ㄎㄨㄥˋ,zhǎng kòng,34,12
長女,5,B2,個人資料,ㄓㄤˇ ㄋㄩˇ,zhǎng nǚ,5,2
掌握,5,B2,核心詞,ㄓㄤˇ ㄨㄛˋ,zhǎng wò,93,86
長子,5,B2,個人資料,ㄓㄤˇ ㄗˇ,zhǎng zǐ,22,4
丈,5,B2,核心詞,ㄓㄤˋ,zhàng,19,7
漲2,5,B2,自然環境,ㄓㄤˋ,zhàng,15,17
障礙,5,B2,核心詞,ㄓㄤˋ ㄞˋ,zhàng ài,88,57
帳戶,5,B2,公共服務,ㄓㄤˋ ㄏㄨˋ,zhàng hù,6,5
帳篷,5,B2,休閒、娛樂,ㄓㄤˋ ㄆㄥˊ,zhàng péng,12,3
招待,5,B2,餐飲、烹飪,ㄓㄠ ㄉㄞˋ,zhāo dài,17,7
招呼,5,B2,核心詞,ㄓㄠ ㄏㄨ,zhāo hū,22,8
招牌,5,B2,購物、商店,ㄓㄠ ㄆㄞˊ,zhāo pái,17,8
照常,5,B2,核心詞,ㄓㄠˋ ㄔㄤˊ,zhào cháng,5,4
召集,5,B2,職業,ㄓㄠˋ ㄐㄧˊ,zhào jí,18,8
照舊,5,B2,核心詞,ㄓㄠˋ ㄐㄧㄡˋ,zhào jiù,4,1
照樣,5,B2,核心詞,ㄓㄠˋ ㄧㄤˋ,zhào yàng,18,7
折,5,B2,購物、商店,ㄓㄜˊ,zhé,15,18
針,5,B2,身體、醫療,ㄓㄣ,zhēn,23,33
真誠,5,B2,情緒、態度,ㄓㄣ ㄔㄥˊ,zhēn chéng,21,18
珍貴,5,B2,核心詞,ㄓㄣ ㄍㄨㄟˋ,zhēn guì,29,63
針灸,5,B2,身體、醫療,ㄓㄣ ㄐㄧㄡˇ,zhēn jiǔ,7,3
真空,5,B2,自然環境,ㄓㄣ ㄎㄨㄥ,zhēn kōng,7,2
真理,5,B2,教育、學習,ㄓㄣ ㄌㄧˇ,zhēn lǐ,32,6
偵探,5,B2,安全,ㄓㄣ ㄊㄢˋ,zhēn tàn,18,3
珍惜,5,B2,核心詞,ㄓㄣ ㄒㄧˊ,zhēn xí,26,82
真相,5,B2,安全,ㄓㄣ ㄒㄧㄤˋ,zhēn xiàng,51,11
真心,5,B2,情緒、態度,ㄓㄣ ㄒㄧㄣ,zhēn xīn,24,13
珍珠,5,B2,自然環境,ㄓㄣ ㄓㄨ,zhēn zhū,19,16
診斷,5,B2,身體、醫療,ㄓㄣˇ ㄉㄨㄢˋ,zhěn duàn,43,13
診所,5,B2,身體、醫療,ㄓㄣˇ ㄙㄨㄛˇ,zhěn suǒ,16,15
鎮,5,B2,核心詞,ㄓㄣˋ,zhèn,31,13
震動,5,B2,核心詞,ㄓㄣˋ ㄉㄨㄥˋ,zhèn dòng,14,9
震驚,5,B2,情緒、態度,ㄓㄣˋ ㄐㄧㄥ,zhèn jīng,27,23
振作,5,B2,核心詞,ㄓㄣˋ ㄗㄨㄛˋ,zhèn zuò,18,3
蒸,5,B2,餐飲、烹飪,ㄓㄥ,zhēng,9,15
爭吵,5,B2,核心詞,ㄓㄥ ㄔㄠˇ,zhēng chǎo,19,4
爭奪,5,B2,社會,ㄓㄥ ㄉㄨㄛˊ,zhēng duó,15,7
爭論,5,B2,教育、學習,ㄓㄥ ㄌㄨㄣˋ,zhēng lùn,30,3
徵求,5,B2,核心詞,ㄓㄥ ㄑㄧㄡˊ,zhēng qiú,7,2
爭取,5,B2,社會,ㄓㄥ ㄑㄩˇ,zhēng qǔ,38,30
爭議,5,B2,核心詞,ㄓㄥ ㄧˋ,zhēng yì,24,19
正月,5,B2,文化,ㄓㄥ ㄩㄝˋ,zhēng yuè,20,3
掙扎,5,B2,情緒、態度,ㄓㄥ ㄓㄚˊ,zhēng zhá,39,20
爭執,5,B2,核心詞,ㄓㄥ ㄓˊ,zhēng zhí,20,8
整齊,5,B2,日常起居,ㄓㄥˇ ㄑㄧˊ,zhěng qí,21,28
整整,5,B2,核心詞,ㄓㄥˇ ㄓㄥˇ,zhěng zhěng,24,14
證件,5,B2,職業,ㄓㄥˋ ㄐㄧㄢˋ,zhèng jiàn,5,3
正面,5,B2,核心詞,ㄓㄥˋ ㄇㄧㄢˋ,zhèng miàn,61,46
證實,5,B2,教育、學習,ㄓㄥˋ ㄕˊ,zhèng shí,44,25
證書,5,B2,教育、學習,ㄓㄥˋ ㄕㄨ,zhèng shū,5,7
正向,5,B2,核心詞,ㄓㄥˋ ㄒㄧㄤˋ,zhèng xiàng,38,14
症狀,5,B2,身體、醫療,ㄓㄥˋ ㄓㄨㄤˋ,zhèng zhuàng,87,51
之,5,B2,核心詞,ㄓ,zhī,2848,1026
支出,5,B2,日常起居,ㄓ ㄔㄨ,zhī chū,9,11
支付,5,B2,核心詞,ㄓ ㄈㄨˋ,zhī fù,18,10
知覺,5,B2,身體、醫療,ㄓ ㄐㄩㄝˊ,zhī jué,32,3
芝麻,5,B2,餐飲、烹飪,ㄓ ㄇㄚˊ,zhī má,6,12
知名,5,B2,核心詞,ㄓ ㄇㄧㄥˊ,zhī míng,37,28
支票,5,B2,公共服務,ㄓ ㄆㄧㄠˋ,zhī piào,12,4
之所以,5,B2,核心詞,ㄓ ㄙㄨㄛˇ ㄧˇ,zhī suǒ yǐ,79,25
肢體,5,B2,身體、醫療,ㄓ ㄊㄧˇ,zhī tǐ,21,20
枝葉,5,B2,核心詞,ㄓ ㄧㄝˋ,zhī yè,7,5
之餘,5,B2,核心詞,ㄓ ㄩˊ,zhī yú,23,9
支援,5,B2,職業,ㄓ ㄩㄢˊ,zhī yuán,27,23
職場,5,B2,職業,ㄓˊㄔㄤˇ,zhí chǎng,27,21
殖民,5,B2,社會,ㄓˊ ㄇㄧㄣˊ,zhí mín,18,15
姪女,5,B2,個人資料,ㄓˊ ㄋㄩˇ,zhí nǚ,6,1
值錢,5,B2,核心詞,ㄓˊ ㄑㄧㄢˊ,zhí qián,7,4
職位,5,B2,職業,ㄓˊ ㄨㄟˋ,zhí wèi,26,7
職務,5,B2,職業,ㄓˊ ㄨˋ,zhí wù,26,8
直線,5,B2,交通、旅遊,ㄓˊ ㄒㄧㄢˋ,zhí xiàn,14,8
執行,5,B2,核心詞,ㄓˊ ㄒㄧㄥˊ,zhí xíng,104,47
職責,5,B2,職業,ㄓˊ ㄗㄜˊ,zhí zé,18,4
執照,5,B2,交通、旅遊,ㄓˊ ㄓㄠˋ,zhí zhào,9,6
侄子/姪子/侄兒/姪兒,5,B2,個人資料,ㄓˊ ˙ㄗ/ㄓˊ ㄦˊ,zhí zi/zhí ér,14,4
紙鈔,5,B2,,ㄓˇ ㄔㄠ,zhǐ chāo,2,1
指定,5,B2,核心詞,ㄓˇ ㄉㄧㄥˋ,zhǐ dìng,18,6
指揮,5,B2,安全,ㄓˇ ㄏㄨㄟ,zhǐ huī,46,11
指甲,5,B2,身體、醫療,ㄓˇ ˙ㄐㄧㄚ,zhǐ jia,13,9
指教,5,B2,社交、人際,ㄓˇ ㄐㄧㄠˋ,zhǐ jiào,5,3
指令,5,B2,核心詞,ㄓˇ ㄌㄧㄥˋ,zhǐ lìng,21,4
指示,5,B2,核心詞,ㄓˇ ㄕˋ,zhǐ shì,37,8
紙條,5,B2,公共服務,ㄓˇ ㄊㄧㄠˊ,zhǐ tiáo,13,14
指引,5,B2,核心詞,ㄓˇ ㄧㄣˇ,zhǐ yǐn,18,4
紙張,5,B2,購物、商店,ㄓˇ ㄓㄤ,zhǐ zhāng,9,17
至,5,B2,核心詞,ㄓˋ,zhì,314,78
治病,5,B2,身體、醫療,ㄓˋ ㄅㄧㄥˋ,zhì bìng,13,7
制定/制訂,5,B2,教育、學習,ㄓˋ ㄉㄧㄥˋ,zhì dìng,29,14
制服,5,B2,職業,ㄓˋ ㄈㄨˊ,zhì fú,19,7
志工,5,B2,教育、學習,ㄓˋ ㄍㄨㄥ,zhì gōng,11,338
智慧,5,B2,核心詞,ㄓˋ ㄏㄨㄟˋ,zhì huì,192,125
治理,5,B2,職業,ㄓˋ ㄌㄧˇ,zhì lǐ,19,9
治療,5,B2,身體、醫療,ㄓˋ ㄌㄧㄠˊ,zhì liáo,248,140
致命,5,B2,安全,ㄓˋ ㄇㄧㄥˋ,zhì mìng,19,8
秩序,5,B2,教育、學習,ㄓˋ ㄒㄩˋ,zhì xù,34,19
至於,5,B2,核心詞,ㄓˋ ㄩˊ,zhì yú,153,50
志願,5,B2,教育、學習,ㄓˋ ㄩㄢˋ,zhì yuàn,8,13
製造商,5,B2,職業,ㄓˋ ㄗㄠˋ ㄕㄤ,zhì zào shāng,12,3
製作,5,B2,職業,ㄓˋ ㄗㄨㄛˋ,zhì zuò,68,106
中等,5,B2,教育、學習,ㄓㄨㄥ ㄉㄥˇ,zhōng děng,9,4
終點,5,B2,交通、旅遊,ㄓㄨㄥ ㄉㄧㄢˇ,zhōng diǎn,17,11
中斷,5,B2,核心詞,ㄓㄨㄥ ㄉㄨㄢˋ,zhōng duàn,18,20
中古,5,B2,教育、學習,ㄓㄨㄥ ㄍㄨˇ,zhōng gǔ,5,4
中華民國,5,B2,個人資料,ㄓㄨㄥ ㄏㄨㄚˊ ㄇㄧㄣˊ ㄍㄨㄛˊ,zhōng huá mín guó,22,5
中級,5,B2,教育、學習,ㄓㄨㄥ ㄐㄧˊ,zhōng jí,3,1
終身,5,B2,核心詞,ㄓㄨㄥ ㄕㄣ,zhōng shēn,25,7
中途,5,B2,交通、旅遊,ㄓㄨㄥ ㄊㄨˊ,zhōng tú,12,8
中性,5,B2,核心詞,ㄓㄨㄥ ㄒㄧㄥˋ,zhōng xìng,4,3
中央,5,B2,社會,ㄓㄨㄥ ㄧㄤ,zhōng yāng,150,50
中藥,5,B2,身體、醫療,ㄓㄨㄥ ㄧㄠˋ,zhōng yào,6,12
中醫,5,B2,身體、醫療,ㄓㄨㄥ ㄧ,zhōng yī,22,13
腫,5,B2,身體、醫療,ㄓㄨㄥˇ,zhǒng,9,8
種子,5,B2,自然環境,ㄓㄨㄥˇ ㄗˇ,zhǒng zǐ,26,119
種族,5,B2,教育、學習,ㄓㄨㄥˇ ㄗㄨˊ,zhǒng zú,30,36
重病,5,B2,身體、醫療,ㄓㄨㄥˋ ㄅㄧㄥˋ,zhòng bìng,7,4
中毒,5,B2,身體、醫療,ㄓㄨㄥˋ ㄉㄨˊ,zhòng dú,12,16
眾多,5,B2,核心詞,ㄓㄨㄥˋ ㄉㄨㄛ,zhòng duō,41,15
中風,5,B2,身體、醫療,ㄓㄨㄥˋ ㄈㄥ,zhòng fēng,18,12
中獎,5,B2,核心詞,ㄓㄨㄥˋ ㄐㄧㄤˇ,zhòng jiǎng,2,2
仲介,5,B2,核心詞,ㄓㄨㄥˋ ㄐㄧㄝˋ,zhòng jiè,5,3
重量,5,B2,核心詞,ㄓㄨㄥˋ ㄌㄧㄤˋ,zhòng liàng,28,31
眾人,5,B2,核心詞,ㄓㄨㄥˋ ㄖㄣˊ,zhòng rén,64,17
中暑,5,B2,身體、醫療,ㄓㄨㄥˋ ㄕㄨˇ,zhòng shǔ,3,7
重心,5,B2,身體、醫療,ㄓㄨㄥˋ ㄒㄧㄣ,zhòng xīn,24,17
重要性,5,B2,核心詞,ㄓㄨㄥˋ ㄧㄠˋ ㄒㄧㄥˋ,zhòng yào xìng,52,27
周,5,B2,核心詞,ㄓㄡ,zhōu,28,55
州,5,B2,核心詞,ㄓㄡ,zhōu,29,18
粥,5,B2,餐飲、烹飪,ㄓㄡ,zhōu,11,16
週刊/周刊,5,B2,休閒、娛樂,ㄓㄡ ㄎㄢ,zhōu kān,16,3
皺,5,B2,核心詞,ㄓㄡˋ,zhòu,16,4
珠子,5,B2,自然環境,ㄓㄨ ˙ㄗ,zhū zi,7,1
逐步,5,B2,核心詞,ㄓㄨˊ ㄅㄨˋ,zhú bù,20,13
燭光,5,B2,核心詞,ㄓㄨˊ ㄍㄨㄤ,zhú guāng,5,2
逐漸,5,B2,核心詞,ㄓㄨˊ ㄐㄧㄢˋ,zhú jiàn,149,130
主辦,5,B2,教育、學習,ㄓㄨˇ ㄅㄢˋ,zhǔ bàn,13,10
主編,5,B2,教育、學習,ㄓㄨˇ ㄅㄧㄢ,zhǔ biān,17,5
主持,5,B2,核心詞,ㄓㄨˇ ㄔˊ,zhǔ chí,38,20
主廚,5,B2,餐飲、烹飪,ㄓㄨˇ ㄔㄨˊ,zhǔ chú,2,4
主導,5,B2,核心詞,ㄓㄨˇ ㄉㄠˇ,zhǔ dǎo,22,21
主婦,5,B2,日常起居,ㄓㄨˇ ㄈㄨˋ,zhǔ fù,13,21
主觀,5,B2,情緒、態度,ㄓㄨˇ ㄍㄨㄢ,zhǔ guān,20,4
主見,5,B2,個人資料,ㄓㄨˇ ㄐㄧㄢˋ,zhǔ jiàn,5,2
主流,5,B2,核心詞,ㄓㄨˇ ㄌㄧㄡˊ,zhǔ liú,24,13
主體,5,B2,核心詞,ㄓㄨˇ ㄊㄧˇ,zhǔ tǐ,18,7
主席,5,B2,社會,ㄓㄨˇ ㄒㄧˊ,zhǔ xí,30,25
主修,5,B2,教育、學習,ㄓㄨˇ ㄒㄧㄡ,zhǔ xiū,6,2
主演,5,B2,休閒、娛樂,ㄓㄨˇ ㄧㄢˇ,zhǔ yǎn,4,1
主義,5,B2,社會,ㄓㄨˇ ㄧˋ,zhǔ yì,186,46
主張,5,B2,教育、學習,ㄓㄨˇ ㄓㄤ,zhǔ zhāng,81,25
註冊,5,B2,教育、學習,ㄓㄨˋ ㄘㄜˋ,zhù cè,6,5
祝福,5,B2,社交、人際,ㄓㄨˋ ㄈㄨˊ,zhù fú,21,93
祝賀,5,B2,社交、人際,ㄓㄨˋ ㄏㄜˋ,zhù hè,7,2
住家,5,B2,日常起居,ㄓㄨˋ ㄐㄧㄚ,zhù jiā,11,15
助理,5,B2,職業,ㄓㄨˋ ㄌㄧˇ,zhù lǐ,20,40
注視,5,B2,核心詞,ㄓㄨˋ ㄕˋ,zhù shì,25,3
住宿,5,B2,交通、旅遊,ㄓㄨˋ ㄙㄨˋ,zhù sù,8,7
住宅,5,B2,日常起居,ㄓㄨˋ ㄓㄞˊ,zhù zhái,19,23
注重,5,B2,核心詞,ㄓㄨˋ ㄓㄨㄥˋ,zhù zhòng,20,27
抓狂,5,B2,情緒、態度,ㄓㄨㄚ ㄎㄨㄤˊ,zhuā kuáng,6,4
抓住,5,B2,核心詞,ㄓㄨㄚ ㄓㄨˋ,zhuā zhù,67,10
專長,5,B2,職業,ㄓㄨㄢ ㄔㄤˊ,zhuān cháng,13,21
專輯,5,B2,休閒、娛樂,ㄓㄨㄢ ㄐㄧˊ,zhuān jí,4,5
專人,5,B2,核心詞,ㄓㄨㄢ ㄖㄣˊ,zhuān rén,6,3
專制,5,B2,社會,ㄓㄨㄢ ㄓˋ,zhuān zhì,17,2
專注,5,B2,核心詞,ㄓㄨㄢ ㄓㄨˋ,zhuān zhù,55,29
轉變,5,B2,核心詞,ㄓㄨㄢˇ ㄅㄧㄢˋ,zhuǎn biàn,38,52
轉播,5,B2,休閒、娛樂,ㄓㄨㄢˇ ㄅㄛˋ,zhuǎn bò,5,3
轉動,5,B2,核心詞,ㄓㄨㄢˇ ㄉㄨㄥˋ,zhuǎn dòng,21,15
轉告,5,B2,核心詞,ㄓㄨㄢˇ ㄍㄠˋ,zhuǎn gào,5,1
轉換,5,B2,核心詞,ㄓㄨㄢˇ ㄏㄨㄢˋ,zhuǎn huàn,24,22
轉角,5,B2,交通、旅遊,ㄓㄨㄢˇ ㄐㄧㄠˇ,zhuǎn jiǎo,4,2
轉身,5,B2,核心詞,ㄓㄨㄢˇ ㄕㄣ,zhuǎn shēn,52,6
轉彎,5,B2,核心詞,ㄓㄨㄢˇ ㄨㄢ,zhuǎn wān,8,9
轉眼,5,B2,核心詞,ㄓㄨㄢˇ ㄧㄢˇ,zhuǎn yǎn,8,4
轉移,5,B2,核心詞,ㄓㄨㄢˇ ㄧˊ,zhuǎn yí,25,12
轉帳,5,B2,公共服務,ㄓㄨㄢˇ ㄓㄤˋ,zhuǎn zhàng,1,1
轉2,5,B2,核心詞,ㄓㄨㄢˋ,zhuàn,76,92
妝,5,B2,核心詞,ㄓㄨㄤ,zhuāng,4,3
裝飾,5,B2,日常起居,ㄓㄨㄤ ㄕˋ,zhuāng shì,18,11
裝置,5,B2,科技,ㄓㄨㄤ ㄓˋ,zhuāng zhì,28,21
裝作/裝做,5,B2,核心詞,ㄓㄨㄤ ㄗㄨㄛˋ,zhuāng zuò,8,3
壯,5,B2,身體、醫療,ㄓㄨㄤˋ,zhuàng,20,9
撞,5,B2,核心詞,ㄓㄨㄤˋ,zhuàng,20,10
狀況,5,B2,核心詞,ㄓㄨㄤˋ ㄎㄨㄤˋ,zhuàng kuàng,180,301
狀態,5,B2,身體、醫療,ㄓㄨㄤˋ ㄊㄞˋ,zhuàng tài,135,97
追尋,5,B2,核心詞,ㄓㄨㄟ ㄒㄩㄣˊ,zhuī xún,22,13
追蹤,5,B2,核心詞,ㄓㄨㄟ ㄗㄨㄥ,zhuī zōng,31,28
准,5,B2,核心詞,ㄓㄨㄣˇ,zhǔn,10,4
準確,5,B2,核心詞,ㄓㄨㄣˇ ㄑㄩㄝˋ,zhǔn què,24,10
捉,5,B2,安全,ㄓㄨㄛ,zhuō,19,3
資產,5,B2,職業,ㄗ ㄔㄢˇ,zī chǎn,42,18
資格,5,B2,教育、學習,ㄗ ㄍㄜˊ,zī gé,31,9
資金,5,B2,社會,ㄗ ㄐㄧㄣ,zī jīn,36,31
資深,5,B2,職業,ㄗ ㄕㄣ,zī shēn,18,19
姿勢,5,B2,核心詞,ㄗ ㄕˋ,zī shì,50,12
姿態,5,B2,核心詞,ㄗ ㄊㄞˋ,zī tài,37,8
滋味,5,B2,餐飲、烹飪,ㄗ ㄨㄟˋ,zī wèi,31,32
子孫,5,B2,個人資料,ㄗˇ ㄙㄨㄣ,zǐ sūn,29,20
自,5,B2,核心詞,ㄗˋ,zì,195,67
自稱,5,B2,核心詞,ㄗˋ ㄔㄥ,zì chēng,25,4
自己人,5,B2,核心詞,ㄗˋ ㄐㄧˇ ㄖㄣˊ,zì jǐ rén,5,2
字母,5,B2,教育、學習,ㄗˋ ㄇㄨˇ,zì mǔ,30,4
自私,5,B2,情緒、態度,ㄗˋ ㄙ,zì sī,20,7
字體,5,B2,教育、學習,ㄗˋ ㄊㄧˇ,zì tǐ,9,3
字條,5,B2,公共服務,ㄗˋ ㄊㄧㄠˊ,zì tiáo,7,3
自行,5,B2,核心詞,ㄗˋ ㄒㄧㄥˊ,zì xíng,33,17
自願,5,B2,核心詞,ㄗˋ ㄩㄢˋ,zì yuàn,17,11
自主,5,B2,核心詞,ㄗˋ ㄓㄨˇ,zì zhǔ,26,6
自傳,5,B2,核心詞,ㄗˋ ㄓㄨㄢˋ,zì zhuàn,10,1
自尊,5,B2,核心詞,ㄗˋ ㄗㄨㄣ,zì zūn,29,3
總裁,5,B2,職業,ㄗㄨㄥˇ ㄘㄞˊ,zǒng cái,29,14
總公司,5,B2,職業,ㄗㄨㄥˇ ㄍㄨㄥ ㄙ,zǒng gōng sī,8,1
總理,5,B2,社會,ㄗㄨㄥˇ ㄌㄧˇ,zǒng lǐ,18,77
總算,5,B2,核心詞,ㄗㄨㄥˇ ㄙㄨㄢˋ,zǒng suàn,29,11
總之/總而言之,5,B2,核心詞,ㄗㄨㄥˇ ㄓ/ㄗㄨㄥˇ ㄦˊ ㄧㄢˊ ㄓ,zǒng zhī/zǒng ér yán zhī,57,12
綜合,5,B2,餐飲、烹飪,ㄗㄨㄥˋ ㄏㄜˊ,zòng hé,28,11
走道,5,B2,交通、旅遊,ㄗㄡˇ ㄉㄠˋ,zǒu dào,10,4
走動,5,B2,核心詞,ㄗㄡˇ ㄉㄨㄥˋ,zǒu dòng,18,6
走廊,5,B2,交通、旅遊,ㄗㄡˇ ㄌㄤˊ,zǒu láng,29,37
族群,5,B2,核心詞,ㄗㄨˊ ㄑㄩㄣˊ,zú qún,34,56
足以,5,B2,核心詞,ㄗㄨˊ ㄧˇ,zú yǐ,69,19
阻礙,5,B2,核心詞,ㄗㄨˇ ㄞˋ,zǔ ài,28,21
祖先,5,B2,個人資料,ㄗㄨˇ ㄒㄧㄢ,zǔ xiān,43,41
組織,5,B2,職業,ㄗㄨˇ ㄓ,zǔ zhī,263,243
阻止,5,B2,安全,ㄗㄨˇ ㄓˇ,zǔ zhǐ,38,23
鑽1,5,B2,核心詞,ㄗㄨㄢ,zuān,13,17
嘴脣/嘴唇/脣/唇,5,B2,身體、醫療,ㄗㄨㄟˇ ㄔㄨㄣˊ/ㄔㄨㄣˊ,zuǐ chún/chún/,44,10
罪,5,B2,安全,ㄗㄨㄟˋ,zuì,44,13
罪惡,5,B2,安全,ㄗㄨㄟˋ ㄜˋ,zuì è,17,4
最終,5,B2,核心詞,ㄗㄨㄟˋ ㄓㄨㄥ,zuì zhōng,55,28
尊敬,5,B2,社交、人際,ㄗㄨㄣ ㄐㄧㄥˋ,zūn jìng,34,28
遵守,5,B2,核心詞,ㄗㄨㄣ ㄕㄡˇ,zūn shǒu,26,17
尊重,5,B2,社交、人際,ㄗㄨㄣ ㄓㄨㄥˋ,zūn zhòng,73,76
昨日,5,B2,核心詞,ㄗㄨㄛˊ ㄖˋ,zuó rì,9,3
作弊,5,B2,教育、學習,ㄗㄨㄛˋ ㄅㄧˋ,zuò bì,5,2
作客/做客,5,B2,社交、人際,ㄗㄨㄛˋ ㄎㄜˋ,zuò kè,8,1
作為,5,B2,核心詞,ㄗㄨㄛˋ ㄨㄟˊ,zuò wéi,166,85
作用,5,B2,身體、醫療,ㄗㄨㄛˋ ㄩㄥˋ,zuò yòng,149,112
